
H:\BMCU\.pio\build\moj/firmware.elf:     file format elf32-littleriscv


Disassembly of section .init:

00000000 <_sinit>:
   0:	7030806f          	j	8f02 <handle_reset>

Disassembly of section .vector:

00000004 <_vector_base>:
	...
   c:	00008f00          	.word	0x00008f00
  10:	00008f00          	.word	0x00008f00
  14:	00000000          	.word	0x00000000
  18:	00008f00          	.word	0x00008f00
	...
  24:	00008f00          	.word	0x00008f00
  28:	00008f00          	.word	0x00008f00
	...
  34:	00008f00          	.word	0x00008f00
  38:	00000000          	.word	0x00000000
  3c:	00008f00          	.word	0x00008f00
  40:	00000000          	.word	0x00000000
  44:	00008f00          	.word	0x00008f00
  48:	00008f00          	.word	0x00008f00
  4c:	00008f00          	.word	0x00008f00
  50:	00008f00          	.word	0x00008f00
  54:	00008f00          	.word	0x00008f00
  58:	00008f00          	.word	0x00008f00
  5c:	00008f00          	.word	0x00008f00
  60:	00008f00          	.word	0x00008f00
  64:	00008f00          	.word	0x00008f00
  68:	00008f00          	.word	0x00008f00
  6c:	00008f00          	.word	0x00008f00
  70:	00008f00          	.word	0x00008f00
  74:	00008f00          	.word	0x00008f00
  78:	00008f00          	.word	0x00008f00
  7c:	00008f00          	.word	0x00008f00
  80:	00008f00          	.word	0x00008f00
  84:	00008f00          	.word	0x00008f00
  88:	00008f00          	.word	0x00008f00
  8c:	00008f00          	.word	0x00008f00
  90:	00008f00          	.word	0x00008f00
  94:	00008f00          	.word	0x00008f00
  98:	00008f00          	.word	0x00008f00
  9c:	00008f00          	.word	0x00008f00
  a0:	00008f00          	.word	0x00008f00
  a4:	00008f00          	.word	0x00008f00
  a8:	00008f00          	.word	0x00008f00
  ac:	00008f00          	.word	0x00008f00
  b0:	00008f00          	.word	0x00008f00
  b4:	00008f00          	.word	0x00008f00
  b8:	00008f00          	.word	0x00008f00
  bc:	00008f00          	.word	0x00008f00
  c0:	00008f00          	.word	0x00008f00
  c4:	00008f00          	.word	0x00008f00
  c8:	00008f00          	.word	0x00008f00
  cc:	00008f00          	.word	0x00008f00
  d0:	00008f00          	.word	0x00008f00
  d4:	00008f00          	.word	0x00008f00
  d8:	0000631e          	.word	0x0000631e
  dc:	00008f00          	.word	0x00008f00
  e0:	00008f00          	.word	0x00008f00
  e4:	00008f00          	.word	0x00008f00
  e8:	00008f00          	.word	0x00008f00
  ec:	00008f00          	.word	0x00008f00
  f0:	00008f00          	.word	0x00008f00
  f4:	00008f00          	.word	0x00008f00
  f8:	00008f00          	.word	0x00008f00
  fc:	00008f00          	.word	0x00008f00

Disassembly of section .text:

00000100 <memcpy>:
     100:	832a                	mv	t1,a0
     102:	ca09                	beqz	a2,114 <memcpy+0x14>
     104:	00058383          	lb	t2,0(a1)
     108:	00730023          	sb	t2,0(t1)
     10c:	167d                	addi	a2,a2,-1
     10e:	0305                	addi	t1,t1,1
     110:	0585                	addi	a1,a1,1
     112:	fa6d                	bnez	a2,104 <memcpy+0x4>
     114:	8082                	ret

00000116 <memset>:
     116:	832a                	mv	t1,a0
     118:	c611                	beqz	a2,124 <memset+0xe>
     11a:	00b30023          	sb	a1,0(t1)
     11e:	167d                	addi	a2,a2,-1
     120:	0305                	addi	t1,t1,1
     122:	fe65                	bnez	a2,11a <memset+0x4>
     124:	8082                	ret

00000126 <__riscv_save_12>:
     126:	7139                	addi	sp,sp,-64
     128:	4301                	li	t1,0
     12a:	c66e                	sw	s11,12(sp)
     12c:	a019                	j	132 <__riscv_save_10+0x4>

0000012e <__riscv_save_10>:
     12e:	7139                	addi	sp,sp,-64
     130:	5341                	li	t1,-16
     132:	c86a                	sw	s10,16(sp)
     134:	ca66                	sw	s9,20(sp)
     136:	cc62                	sw	s8,24(sp)
     138:	ce5e                	sw	s7,28(sp)
     13a:	a019                	j	140 <__riscv_save_4+0x4>

0000013c <__riscv_save_4>:
     13c:	7139                	addi	sp,sp,-64
     13e:	5301                	li	t1,-32
     140:	d05a                	sw	s6,32(sp)
     142:	d256                	sw	s5,36(sp)
     144:	d452                	sw	s4,40(sp)
     146:	d64e                	sw	s3,44(sp)
     148:	d84a                	sw	s2,48(sp)
     14a:	da26                	sw	s1,52(sp)
     14c:	dc22                	sw	s0,56(sp)
     14e:	de06                	sw	ra,60(sp)
     150:	40610133          	sub	sp,sp,t1
     154:	8282                	jr	t0

00000156 <__riscv_save_0>:
     156:	1141                	addi	sp,sp,-16
     158:	c04a                	sw	s2,0(sp)
     15a:	c226                	sw	s1,4(sp)
     15c:	c422                	sw	s0,8(sp)
     15e:	c606                	sw	ra,12(sp)
     160:	8282                	jr	t0

00000162 <__riscv_restore_12>:
     162:	4db2                	lw	s11,12(sp)
     164:	0141                	addi	sp,sp,16

00000166 <__riscv_restore_10>:
     166:	4d02                	lw	s10,0(sp)
     168:	4c92                	lw	s9,4(sp)
     16a:	4c22                	lw	s8,8(sp)
     16c:	4bb2                	lw	s7,12(sp)
     16e:	0141                	addi	sp,sp,16

00000170 <__riscv_restore_4>:
     170:	4b02                	lw	s6,0(sp)
     172:	4a92                	lw	s5,4(sp)
     174:	4a22                	lw	s4,8(sp)
     176:	49b2                	lw	s3,12(sp)
     178:	0141                	addi	sp,sp,16

0000017a <__riscv_restore_0>:
     17a:	4902                	lw	s2,0(sp)
     17c:	4492                	lw	s1,4(sp)
     17e:	4422                	lw	s0,8(sp)
     180:	40b2                	lw	ra,12(sp)
     182:	0141                	addi	sp,sp,16
     184:	8082                	ret

00000186 <_ZL12filter_resetv>:
     186:	fd1ff2ef          	jal	t0,156 <__riscv_save_0>
     18a:	8481a703          	lw	a4,-1976(gp) # 200001d8 <_ZL7g_scale+0x18>
     18e:	aa018423          	sb	zero,-1368(gp) # 20000438 <_ZL10g_ring_idx>
     192:	20003537          	lui	a0,0x20003
     196:	aa0183a3          	sb	zero,-1369(gp) # 20000437 <_ZL15g_blocks_filled>
     19a:	02000613          	li	a2,32
     19e:	4581                	li	a1,0
     1a0:	c1050513          	addi	a0,a0,-1008 # 20002c10 <_ZL9g_acc_sum>
     1a4:	82e1a823          	sw	a4,-2000(gp) # 200001c0 <_ZL7g_scale>
     1a8:	37bd                	jal	116 <memset>
     1aa:	20003537          	lui	a0,0x20003
     1ae:	08000613          	li	a2,128
     1b2:	4581                	li	a1,0
     1b4:	b9050513          	addi	a0,a0,-1136 # 20002b90 <_ZL10g_ring_sum>
     1b8:	3fb9                	jal	116 <memset>
     1ba:	20003537          	lui	a0,0x20003
     1be:	04000613          	li	a2,64
     1c2:	4581                	li	a1,0
     1c4:	b5050513          	addi	a0,a0,-1200 # 20002b50 <_ZL3g_v>
     1c8:	37b9                	jal	116 <memset>
     1ca:	aa018323          	sb	zero,-1370(gp) # 20000436 <_ZL6g_v_rd>
     1ce:	aa0182a3          	sb	zero,-1371(gp) # 20000435 <_ZL11g_acc_dirty>
     1d2:	b765                	j	17a <__riscv_restore_0>

000001d4 <_ZL26process_half_update_filterPKm>:
     1d4:	67c1                	lui	a5,0x10
     1d6:	40050693          	addi	a3,a0,1024
     1da:	4801                	li	a6,0
     1dc:	4881                	li	a7,0
     1de:	4301                	li	t1,0
     1e0:	4e01                	li	t3,0
     1e2:	4e81                	li	t4,0
     1e4:	4f01                	li	t5,0
     1e6:	4f81                	li	t6,0
     1e8:	4281                	li	t0,0
     1ea:	17fd                	addi	a5,a5,-1 # ffff <MC_PULL_calibration.cpp.a99f3330+0x113f>
     1ec:	4118                	lw	a4,0(a0)
     1ee:	00f77633          	and	a2,a4,a5
     1f2:	8341                	srli	a4,a4,0x10
     1f4:	9732                	add	a4,a4,a2
     1f6:	92ba                	add	t0,t0,a4
     1f8:	4158                	lw	a4,4(a0)
     1fa:	00f77633          	and	a2,a4,a5
     1fe:	8341                	srli	a4,a4,0x10
     200:	9732                	add	a4,a4,a2
     202:	9fba                	add	t6,t6,a4
     204:	4518                	lw	a4,8(a0)
     206:	00f77633          	and	a2,a4,a5
     20a:	8341                	srli	a4,a4,0x10
     20c:	9732                	add	a4,a4,a2
     20e:	9f3a                	add	t5,t5,a4
     210:	4558                	lw	a4,12(a0)
     212:	00f77633          	and	a2,a4,a5
     216:	8341                	srli	a4,a4,0x10
     218:	9732                	add	a4,a4,a2
     21a:	9eba                	add	t4,t4,a4
     21c:	4918                	lw	a4,16(a0)
     21e:	00f77633          	and	a2,a4,a5
     222:	8341                	srli	a4,a4,0x10
     224:	9732                	add	a4,a4,a2
     226:	9e3a                	add	t3,t3,a4
     228:	4958                	lw	a4,20(a0)
     22a:	01075613          	srli	a2,a4,0x10
     22e:	8f7d                	and	a4,a4,a5
     230:	9732                	add	a4,a4,a2
     232:	933a                	add	t1,t1,a4
     234:	4d18                	lw	a4,24(a0)
     236:	01075613          	srli	a2,a4,0x10
     23a:	8f7d                	and	a4,a4,a5
     23c:	9732                	add	a4,a4,a2
     23e:	98ba                	add	a7,a7,a4
     240:	4d58                	lw	a4,28(a0)
     242:	02050513          	addi	a0,a0,32
     246:	01075613          	srli	a2,a4,0x10
     24a:	8f7d                	and	a4,a4,a5
     24c:	9732                	add	a4,a4,a2
     24e:	983a                	add	a6,a6,a4
     250:	f8d51ee3          	bne	a0,a3,1ec <_ZL26process_half_update_filterPKm+0x18>
     254:	aa81c683          	lbu	a3,-1368(gp) # 20000438 <_ZL10g_ring_idx>
     258:	200037b7          	lui	a5,0x20003
     25c:	b9078793          	addi	a5,a5,-1136 # 20002b90 <_ZL10g_ring_sum>
     260:	00569713          	slli	a4,a3,0x5
     264:	97ba                	add	a5,a5,a4
     266:	20003737          	lui	a4,0x20003
     26a:	c1070713          	addi	a4,a4,-1008 # 20002c10 <_ZL9g_acc_sum>
     26e:	4388                	lw	a0,0(a5)
     270:	4310                	lw	a2,0(a4)
     272:	0057a023          	sw	t0,0(a5)
     276:	8e09                	sub	a2,a2,a0
     278:	9616                	add	a2,a2,t0
     27a:	43c8                	lw	a0,4(a5)
     27c:	c310                	sw	a2,0(a4)
     27e:	4350                	lw	a2,4(a4)
     280:	01f7a223          	sw	t6,4(a5)
     284:	8e09                	sub	a2,a2,a0
     286:	967e                	add	a2,a2,t6
     288:	4788                	lw	a0,8(a5)
     28a:	c350                	sw	a2,4(a4)
     28c:	4710                	lw	a2,8(a4)
     28e:	01e7a423          	sw	t5,8(a5)
     292:	8e09                	sub	a2,a2,a0
     294:	967a                	add	a2,a2,t5
     296:	47c8                	lw	a0,12(a5)
     298:	c710                	sw	a2,8(a4)
     29a:	4750                	lw	a2,12(a4)
     29c:	01d7a623          	sw	t4,12(a5)
     2a0:	8e09                	sub	a2,a2,a0
     2a2:	9676                	add	a2,a2,t4
     2a4:	4b88                	lw	a0,16(a5)
     2a6:	c750                	sw	a2,12(a4)
     2a8:	4b10                	lw	a2,16(a4)
     2aa:	01c7a823          	sw	t3,16(a5)
     2ae:	8e09                	sub	a2,a2,a0
     2b0:	9672                	add	a2,a2,t3
     2b2:	4bc8                	lw	a0,20(a5)
     2b4:	cb10                	sw	a2,16(a4)
     2b6:	4b50                	lw	a2,20(a4)
     2b8:	0067aa23          	sw	t1,20(a5)
     2bc:	8e09                	sub	a2,a2,a0
     2be:	961a                	add	a2,a2,t1
     2c0:	4f88                	lw	a0,24(a5)
     2c2:	cb50                	sw	a2,20(a4)
     2c4:	4f10                	lw	a2,24(a4)
     2c6:	0117ac23          	sw	a7,24(a5)
     2ca:	8e09                	sub	a2,a2,a0
     2cc:	9646                	add	a2,a2,a7
     2ce:	cf10                	sw	a2,24(a4)
     2d0:	4fd0                	lw	a2,28(a5)
     2d2:	0107ae23          	sw	a6,28(a5)
     2d6:	4f5c                	lw	a5,28(a4)
     2d8:	8f91                	sub	a5,a5,a2
     2da:	97c2                	add	a5,a5,a6
     2dc:	cf5c                	sw	a5,28(a4)
     2de:	00168793          	addi	a5,a3,1
     2e2:	0ff7f793          	zext.b	a5,a5
     2e6:	470d                	li	a4,3
     2e8:	00f77363          	bgeu	a4,a5,2ee <_ZL26process_half_update_filterPKm+0x11a>
     2ec:	4781                	li	a5,0
     2ee:	aaf18423          	sb	a5,-1368(gp) # 20000438 <_ZL10g_ring_idx>
     2f2:	aa71c783          	lbu	a5,-1369(gp) # 20000437 <_ZL15g_blocks_filled>
     2f6:	468d                	li	a3,3
     2f8:	00f6ee63          	bltu	a3,a5,314 <_ZL26process_half_update_filterPKm+0x140>
     2fc:	0785                	addi	a5,a5,1
     2fe:	0ff7f793          	zext.b	a5,a5
     302:	aaf183a3          	sb	a5,-1369(gp) # 20000437 <_ZL15g_blocks_filled>
     306:	4605                	li	a2,1
     308:	00c79a63          	bne	a5,a2,31c <_ZL26process_half_update_filterPKm+0x148>
     30c:	8481a783          	lw	a5,-1976(gp) # 200001d8 <_ZL7g_scale+0x18>
     310:	82f1a823          	sw	a5,-2000(gp) # 200001c0 <_ZL7g_scale>
     314:	4705                	li	a4,1
     316:	aae182a3          	sb	a4,-1371(gp) # 20000435 <_ZL11g_acc_dirty>
     31a:	8082                	ret
     31c:	4609                	li	a2,2
     31e:	00c79563          	bne	a5,a2,328 <_ZL26process_half_update_filterPKm+0x154>
     322:	84c1a783          	lw	a5,-1972(gp) # 200001dc <_ZL7g_scale+0x1c>
     326:	b7ed                	j	310 <_ZL26process_half_update_filterPKm+0x13c>
     328:	00d79563          	bne	a5,a3,332 <_ZL26process_half_update_filterPKm+0x15e>
     32c:	8501a783          	lw	a5,-1968(gp) # 200001e0 <_ZL7g_scale+0x20>
     330:	b7c5                	j	310 <_ZL26process_half_update_filterPKm+0x13c>
     332:	8541a783          	lw	a5,-1964(gp) # 200001e4 <_ZL7g_scale+0x24>
     336:	bfe9                	j	310 <_ZL26process_half_update_filterPKm+0x13c>

00000338 <_Z12ADC_DMA_pollv>:
     338:	e1fff2ef          	jal	t0,156 <__riscv_save_0>
     33c:	4491                	li	s1,4
     33e:	40020437          	lui	s0,0x40020
     342:	401c                	lw	a5,0(s0)
     344:	0087f713          	andi	a4,a5,8
     348:	cb09                	beqz	a4,35a <_Z12ADC_DMA_pollv+0x22>
     34a:	47b9                	li	a5,14
     34c:	c05c                	sw	a5,4(s0)
     34e:	0ff0000f          	fence
     352:	3d15                	jal	186 <_ZL12filter_resetv>
     354:	14fd                	addi	s1,s1,-1
     356:	f4f5                	bnez	s1,342 <_Z12ADC_DMA_pollv+0xa>
     358:	b50d                	j	17a <__riscv_restore_0>
     35a:	0047f713          	andi	a4,a5,4
     35e:	cb19                	beqz	a4,374 <_Z12ADC_DMA_pollv+0x3c>
     360:	4791                	li	a5,4
     362:	c05c                	sw	a5,4(s0)
     364:	0ff0000f          	fence
     368:	20002537          	lui	a0,0x20002
     36c:	35050513          	addi	a0,a0,848 # 20002350 <_ZL9g_dma_buf>
     370:	3595                	jal	1d4 <_ZL26process_half_update_filterPKm>
     372:	b7cd                	j	354 <_Z12ADC_DMA_pollv+0x1c>
     374:	8b89                	andi	a5,a5,2
     376:	d3ed                	beqz	a5,358 <_Z12ADC_DMA_pollv+0x20>
     378:	4789                	li	a5,2
     37a:	c05c                	sw	a5,4(s0)
     37c:	0ff0000f          	fence
     380:	20002537          	lui	a0,0x20002
     384:	75050513          	addi	a0,a0,1872 # 20002750 <_ZL9g_dma_buf+0x400>
     388:	b7e5                	j	370 <_Z12ADC_DMA_pollv+0x38>

0000038a <_Z17ADC_DMA_get_valuev>:
     38a:	db3ff2ef          	jal	t0,13c <__riscv_save_4>
     38e:	376d                	jal	338 <_Z12ADC_DMA_pollv>
     390:	aa51c783          	lbu	a5,-1371(gp) # 20000435 <_ZL11g_acc_dirty>
     394:	200039b7          	lui	s3,0x20003
     398:	b5098993          	addi	s3,s3,-1200 # 20002b50 <_ZL3g_v>
     39c:	cbd1                	beqz	a5,430 <_Z17ADC_DMA_get_valuev+0xa6>
     39e:	200034b7          	lui	s1,0x20003
     3a2:	c1048493          	addi	s1,s1,-1008 # 20002c10 <_ZL9g_acc_sum>
     3a6:	aa61ca03          	lbu	s4,-1370(gp) # 20000436 <_ZL6g_v_rd>
     3aa:	4088                	lw	a0,0(s1)
     3ac:	8301a903          	lw	s2,-2000(gp) # 200001c0 <_ZL7g_scale>
     3b0:	001a4a13          	xori	s4,s4,1
     3b4:	4c30a0ef          	jal	ra,b076 <__floatunsisf>
     3b8:	85ca                	mv	a1,s2
     3ba:	005a1413          	slli	s0,s4,0x5
     3be:	4d20a0ef          	jal	ra,a890 <__mulsf3>
     3c2:	944e                	add	s0,s0,s3
     3c4:	c008                	sw	a0,0(s0)
     3c6:	40c8                	lw	a0,4(s1)
     3c8:	4af0a0ef          	jal	ra,b076 <__floatunsisf>
     3cc:	85ca                	mv	a1,s2
     3ce:	4c20a0ef          	jal	ra,a890 <__mulsf3>
     3d2:	c048                	sw	a0,4(s0)
     3d4:	4488                	lw	a0,8(s1)
     3d6:	4a10a0ef          	jal	ra,b076 <__floatunsisf>
     3da:	85ca                	mv	a1,s2
     3dc:	4b40a0ef          	jal	ra,a890 <__mulsf3>
     3e0:	c408                	sw	a0,8(s0)
     3e2:	44c8                	lw	a0,12(s1)
     3e4:	4930a0ef          	jal	ra,b076 <__floatunsisf>
     3e8:	85ca                	mv	a1,s2
     3ea:	4a60a0ef          	jal	ra,a890 <__mulsf3>
     3ee:	c448                	sw	a0,12(s0)
     3f0:	4888                	lw	a0,16(s1)
     3f2:	4850a0ef          	jal	ra,b076 <__floatunsisf>
     3f6:	85ca                	mv	a1,s2
     3f8:	4980a0ef          	jal	ra,a890 <__mulsf3>
     3fc:	c808                	sw	a0,16(s0)
     3fe:	48c8                	lw	a0,20(s1)
     400:	4770a0ef          	jal	ra,b076 <__floatunsisf>
     404:	85ca                	mv	a1,s2
     406:	48a0a0ef          	jal	ra,a890 <__mulsf3>
     40a:	c848                	sw	a0,20(s0)
     40c:	4c88                	lw	a0,24(s1)
     40e:	4690a0ef          	jal	ra,b076 <__floatunsisf>
     412:	85ca                	mv	a1,s2
     414:	47c0a0ef          	jal	ra,a890 <__mulsf3>
     418:	cc08                	sw	a0,24(s0)
     41a:	4cc8                	lw	a0,28(s1)
     41c:	45b0a0ef          	jal	ra,b076 <__floatunsisf>
     420:	85ca                	mv	a1,s2
     422:	46e0a0ef          	jal	ra,a890 <__mulsf3>
     426:	cc48                	sw	a0,28(s0)
     428:	ab418323          	sb	s4,-1370(gp) # 20000436 <_ZL6g_v_rd>
     42c:	aa0182a3          	sb	zero,-1371(gp) # 20000435 <_ZL11g_acc_dirty>
     430:	aa61c503          	lbu	a0,-1370(gp) # 20000436 <_ZL6g_v_rd>
     434:	0516                	slli	a0,a0,0x5
     436:	954e                	add	a0,a0,s3
     438:	bb25                	j	170 <__riscv_restore_4>

0000043a <_ZL14crc32_hw_wordsPKvm>:
     43a:	400237b7          	lui	a5,0x40023
     43e:	4705                	li	a4,1
     440:	c798                	sw	a4,8(a5)
     442:	8189                	srli	a1,a1,0x2
     444:	4781                	li	a5,0
     446:	400236b7          	lui	a3,0x40023
     44a:	00279713          	slli	a4,a5,0x2
     44e:	972a                	add	a4,a4,a0
     450:	4318                	lw	a4,0(a4)
     452:	0785                	addi	a5,a5,1 # 40023001 <__freertos_irq_stack_top+0x2001e001>
     454:	c298                	sw	a4,0(a3)
     456:	fef59ae3          	bne	a1,a5,44a <_ZL14crc32_hw_wordsPKvm+0x10>
     45a:	4288                	lw	a0,0(a3)
     45c:	8082                	ret

0000045e <_ZL15adc_pull_raw_chiPKf>:
     45e:	4785                	li	a5,1
     460:	00f50863          	beq	a0,a5,470 <_ZL15adc_pull_raw_chiPKf+0x12>
     464:	4789                	li	a5,2
     466:	00f50763          	beq	a0,a5,474 <_ZL15adc_pull_raw_chiPKf+0x16>
     46a:	e519                	bnez	a0,478 <_ZL15adc_pull_raw_chiPKf+0x1a>
     46c:	4d88                	lw	a0,24(a1)
     46e:	8082                	ret
     470:	4988                	lw	a0,16(a1)
     472:	8082                	ret
     474:	4588                	lw	a0,8(a1)
     476:	8082                	ret
     478:	4188                	lw	a0,0(a1)
     47a:	8082                	ret

0000047c <_ZL22dm_key_v_to_centi_ceilf>:
     47c:	cdbff2ef          	jal	t0,156 <__riscv_save_0>
     480:	1141                	addi	sp,sp,-16
     482:	00000593          	li	a1,0
     486:	842a                	mv	s0,a0
     488:	3700a0ef          	jal	ra,a7f8 <__lesf2>
     48c:	04a05663          	blez	a0,4d8 <_ZL22dm_key_v_to_centi_ceilf+0x5c>
     490:	8581a583          	lw	a1,-1960(gp) # 200001e8 <_ZL7g_scale+0x28>
     494:	8522                	mv	a0,s0
     496:	3fa0a0ef          	jal	ra,a890 <__mulsf3>
     49a:	85c1a583          	lw	a1,-1956(gp) # 200001ec <_ZL7g_scale+0x2c>
     49e:	6ce0a0ef          	jal	ra,ab6c <__subsf3>
     4a2:	c62a                	sw	a0,12(sp)
     4a4:	2550a0ef          	jal	ra,aef8 <__fixsfsi>
     4a8:	842a                	mv	s0,a0
     4aa:	3010a0ef          	jal	ra,afaa <__floatsisf>
     4ae:	45b2                	lw	a1,12(sp)
     4b0:	3480a0ef          	jal	ra,a7f8 <__lesf2>
     4b4:	00055363          	bgez	a0,4ba <_ZL22dm_key_v_to_centi_ceilf+0x3e>
     4b8:	0405                	addi	s0,s0,1 # 40020001 <__freertos_irq_stack_top+0x2001b001>
     4ba:	0ff00793          	li	a5,255
     4be:	8522                	mv	a0,s0
     4c0:	0087d863          	bge	a5,s0,4d0 <_ZL22dm_key_v_to_centi_ceilf+0x54>
     4c4:	0ff00513          	li	a0,255
     4c8:	0ff57513          	zext.b	a0,a0
     4cc:	0141                	addi	sp,sp,16
     4ce:	b175                	j	17a <__riscv_restore_0>
     4d0:	fe045ce3          	bgez	s0,4c8 <_ZL22dm_key_v_to_centi_ceilf+0x4c>
     4d4:	4501                	li	a0,0
     4d6:	bfcd                	j	4c8 <_ZL22dm_key_v_to_centi_ceilf+0x4c>
     4d8:	4501                	li	a0,0
     4da:	bfcd                	j	4cc <_ZL22dm_key_v_to_centi_ceilf+0x50>

000004dc <_ZL19pull_v_to_percent_fhf>:
     4dc:	c61ff2ef          	jal	t0,13c <__riscv_save_4>
     4e0:	200007b7          	lui	a5,0x20000
     4e4:	050a                	slli	a0,a0,0x2
     4e6:	18078793          	addi	a5,a5,384 # 20000180 <MC_PULL_V_MIN>
     4ea:	97aa                	add	a5,a5,a0
     4ec:	4380                	lw	s0,0(a5)
     4ee:	200007b7          	lui	a5,0x20000
     4f2:	17078793          	addi	a5,a5,368 # 20000170 <MC_PULL_V_MAX>
     4f6:	97aa                	add	a5,a5,a0
     4f8:	0007a903          	lw	s2,0(a5)
     4fc:	8601a983          	lw	s3,-1952(gp) # 200001f0 <_ZL7g_scale+0x30>
     500:	84ae                	mv	s1,a1
     502:	8522                	mv	a0,s0
     504:	85ce                	mv	a1,s3
     506:	25c0a0ef          	jal	ra,a762 <__gesf2>
     50a:	00a05363          	blez	a0,510 <_ZL19pull_v_to_percent_fhf+0x34>
     50e:	844e                	mv	s0,s3
     510:	8641a983          	lw	s3,-1948(gp) # 200001f4 <_ZL7g_scale+0x34>
     514:	854a                	mv	a0,s2
     516:	85ce                	mv	a1,s3
     518:	2e00a0ef          	jal	ra,a7f8 <__lesf2>
     51c:	00055363          	bgez	a0,522 <_ZL19pull_v_to_percent_fhf+0x46>
     520:	894e                	mv	s2,s3
     522:	8781a583          	lw	a1,-1928(gp) # 20000208 <_ZL7g_scale+0x48>
     526:	8522                	mv	a0,s0
     528:	38b090ef          	jal	ra,a0b2 <__addsf3>
     52c:	85ca                	mv	a1,s2
     52e:	2340a0ef          	jal	ra,a762 <__gesf2>
     532:	00054663          	bltz	a0,53e <_ZL19pull_v_to_percent_fhf+0x62>
     536:	8681a903          	lw	s2,-1944(gp) # 200001f8 <_ZL7g_scale+0x38>
     53a:	86c1a403          	lw	s0,-1940(gp) # 200001fc <_ZL7g_scale+0x3c>
     53e:	87c1aa03          	lw	s4,-1924(gp) # 2000020c <_ZL7g_scale+0x4c>
     542:	8526                	mv	a0,s1
     544:	85d2                	mv	a1,s4
     546:	2b20a0ef          	jal	ra,a7f8 <__lesf2>
     54a:	04a04b63          	bgtz	a0,5a0 <_ZL19pull_v_to_percent_fhf+0xc4>
     54e:	85a2                	mv	a1,s0
     550:	8552                	mv	a0,s4
     552:	61a0a0ef          	jal	ra,ab6c <__subsf3>
     556:	8701aa03          	lw	s4,-1936(gp) # 20000200 <_ZL7g_scale+0x40>
     55a:	892a                	mv	s2,a0
     55c:	85d2                	mv	a1,s4
     55e:	29a0a0ef          	jal	ra,a7f8 <__lesf2>
     562:	00055363          	bgez	a0,568 <_ZL19pull_v_to_percent_fhf+0x8c>
     566:	8952                	mv	s2,s4
     568:	85a2                	mv	a1,s0
     56a:	8526                	mv	a0,s1
     56c:	6000a0ef          	jal	ra,ab6c <__subsf3>
     570:	8801a583          	lw	a1,-1920(gp) # 20000210 <_ZL7g_scale+0x50>
     574:	31c0a0ef          	jal	ra,a890 <__mulsf3>
     578:	85ca                	mv	a1,s2
     57a:	6a1090ef          	jal	ra,a41a <__divsf3>
     57e:	00000593          	li	a1,0
     582:	842a                	mv	s0,a0
     584:	2740a0ef          	jal	ra,a7f8 <__lesf2>
     588:	04054a63          	bltz	a0,5dc <_ZL19pull_v_to_percent_fhf+0x100>
     58c:	8741a483          	lw	s1,-1932(gp) # 20000204 <_ZL7g_scale+0x44>
     590:	8522                	mv	a0,s0
     592:	85a6                	mv	a1,s1
     594:	1ce0a0ef          	jal	ra,a762 <__gesf2>
     598:	04a05463          	blez	a0,5e0 <_ZL19pull_v_to_percent_fhf+0x104>
     59c:	8426                	mv	s0,s1
     59e:	a089                	j	5e0 <_ZL19pull_v_to_percent_fhf+0x104>
     5a0:	85d2                	mv	a1,s4
     5a2:	854a                	mv	a0,s2
     5a4:	5c80a0ef          	jal	ra,ab6c <__subsf3>
     5a8:	8701a903          	lw	s2,-1936(gp) # 20000200 <_ZL7g_scale+0x40>
     5ac:	842a                	mv	s0,a0
     5ae:	85ca                	mv	a1,s2
     5b0:	2480a0ef          	jal	ra,a7f8 <__lesf2>
     5b4:	00055363          	bgez	a0,5ba <_ZL19pull_v_to_percent_fhf+0xde>
     5b8:	844a                	mv	s0,s2
     5ba:	87c1a583          	lw	a1,-1924(gp) # 2000020c <_ZL7g_scale+0x4c>
     5be:	8526                	mv	a0,s1
     5c0:	5ac0a0ef          	jal	ra,ab6c <__subsf3>
     5c4:	8801a583          	lw	a1,-1920(gp) # 20000210 <_ZL7g_scale+0x50>
     5c8:	2c80a0ef          	jal	ra,a890 <__mulsf3>
     5cc:	85a2                	mv	a1,s0
     5ce:	64d090ef          	jal	ra,a41a <__divsf3>
     5d2:	8801a583          	lw	a1,-1920(gp) # 20000210 <_ZL7g_scale+0x50>
     5d6:	2dd090ef          	jal	ra,a0b2 <__addsf3>
     5da:	b755                	j	57e <_ZL19pull_v_to_percent_fhf+0xa2>
     5dc:	00000413          	li	s0,0
     5e0:	8581a583          	lw	a1,-1960(gp) # 200001e8 <_ZL7g_scale+0x28>
     5e4:	8522                	mv	a0,s0
     5e6:	2aa0a0ef          	jal	ra,a890 <__mulsf3>
     5ea:	b659                	j	170 <__riscv_restore_4>

000005ec <_ZL19MC_PULL_ONLINE_readm>:
     5ec:	b3bff2ef          	jal	t0,126 <__riscv_save_12>
     5f0:	7179                	addi	sp,sp,-48
     5f2:	20002ab7          	lui	s5,0x20002
     5f6:	8b2a                	mv	s6,a0
     5f8:	3b49                	jal	38a <_Z17ADC_DMA_get_valuev>
     5fa:	200a8793          	addi	a5,s5,512 # 20002200 <MC_PULL_V_OFFSET>
     5fe:	47cc                	lw	a1,12(a5)
     600:	842a                	mv	s0,a0
     602:	4108                	lw	a0,0(a0)
     604:	200a8a93          	addi	s5,s5,512
     608:	2ab090ef          	jal	ra,a0b2 <__addsf3>
     60c:	82418793          	addi	a5,gp,-2012 # 200001b4 <MC_PULL_POLARITY>
     610:	00378783          	lb	a5,3(a5)
     614:	85aa                	mv	a1,a0
     616:	82418b93          	addi	s7,gp,-2012 # 200001b4 <MC_PULL_POLARITY>
     61a:	0007d763          	bgez	a5,628 <_ZL19MC_PULL_ONLINE_readm+0x3c>
     61e:	8841a503          	lw	a0,-1916(gp) # 20000214 <_ZL7g_scale+0x54>
     622:	54a0a0ef          	jal	ra,ab6c <__subsf3>
     626:	85aa                	mv	a1,a0
     628:	200004b7          	lui	s1,0x20000
     62c:	15048793          	addi	a5,s1,336 # 20000150 <_ZL15MC_PULL_stu_raw>
     630:	c7cc                	sw	a1,12(a5)
     632:	4408                	lw	a0,8(s0)
     634:	008aa583          	lw	a1,8(s5)
     638:	00442903          	lw	s2,4(s0)
     63c:	15048493          	addi	s1,s1,336
     640:	273090ef          	jal	ra,a0b2 <__addsf3>
     644:	002b8783          	lb	a5,2(s7)
     648:	85aa                	mv	a1,a0
     64a:	0007d763          	bgez	a5,658 <_ZL19MC_PULL_ONLINE_readm+0x6c>
     64e:	8841a503          	lw	a0,-1916(gp) # 20000214 <_ZL7g_scale+0x54>
     652:	51a0a0ef          	jal	ra,ab6c <__subsf3>
     656:	85aa                	mv	a1,a0
     658:	c48c                	sw	a1,8(s1)
     65a:	4808                	lw	a0,16(s0)
     65c:	004aa583          	lw	a1,4(s5)
     660:	00c42a03          	lw	s4,12(s0)
     664:	24f090ef          	jal	ra,a0b2 <__addsf3>
     668:	001b8783          	lb	a5,1(s7)
     66c:	85aa                	mv	a1,a0
     66e:	0007d763          	bgez	a5,67c <_ZL19MC_PULL_ONLINE_readm+0x90>
     672:	8841a503          	lw	a0,-1916(gp) # 20000214 <_ZL7g_scale+0x54>
     676:	4f60a0ef          	jal	ra,ab6c <__subsf3>
     67a:	85aa                	mv	a1,a0
     67c:	c0cc                	sw	a1,4(s1)
     67e:	4c08                	lw	a0,24(s0)
     680:	000aa583          	lw	a1,0(s5)
     684:	01442b83          	lw	s7,20(s0)
     688:	22b090ef          	jal	ra,a0b2 <__addsf3>
     68c:	82418783          	lb	a5,-2012(gp) # 200001b4 <MC_PULL_POLARITY>
     690:	85aa                	mv	a1,a0
     692:	0007d763          	bgez	a5,6a0 <_ZL19MC_PULL_ONLINE_readm+0xb4>
     696:	8841a503          	lw	a0,-1916(gp) # 20000214 <_ZL7g_scale+0x54>
     69a:	4d20a0ef          	jal	ra,ab6c <__subsf3>
     69e:	85aa                	mv	a1,a0
     6a0:	4c5c                	lw	a5,28(s0)
     6a2:	c08c                	sw	a1,0(s1)
     6a4:	d25e                	sw	s7,36(sp)
     6a6:	d03e                	sw	a5,32(sp)
     6a8:	82c1a783          	lw	a5,-2004(gp) # 200001bc <time_hw_tpms>
     6ac:	d452                	sw	s4,40(sp)
     6ae:	d64a                	sw	s2,44(sp)
     6b0:	e391                	bnez	a5,6b4 <_ZL19MC_PULL_ONLINE_readm+0xc8>
     6b2:	4785                	li	a5,1
     6b4:	06400713          	li	a4,100
     6b8:	02e78733          	mul	a4,a5,a4
     6bc:	20002a37          	lui	s4,0x20002
     6c0:	20002ab7          	lui	s5,0x20002
     6c4:	a8c18413          	addi	s0,gp,-1396 # 2000041c <_ZZL19MC_PULL_ONLINE_readmE8gst_step>
     6c8:	a8818913          	addi	s2,gp,-1400 # 20000418 <_ZZL19MC_PULL_ONLINE_readmE10gst_active>
     6cc:	1f0a0a13          	addi	s4,s4,496 # 200021f0 <_ZZL19MC_PULL_ONLINE_readmE12gst_t0_ticks>
     6d0:	c43a                	sw	a4,8(sp)
     6d2:	7d000713          	li	a4,2000
     6d6:	02e78733          	mul	a4,a5,a4
     6da:	1e0a8a93          	addi	s5,s5,480 # 200021e0 <_ZZL19MC_PULL_ONLINE_readmE16gst_act_t0_ticks>
     6de:	4981                	li	s3,0
     6e0:	a9018b93          	addi	s7,gp,-1392 # 20000420 <filament_channel_inserted>
     6e4:	a8418c93          	addi	s9,gp,-1404 # 20000414 <_ZL17MC_ONLINE_key_stu>
     6e8:	c63a                	sw	a4,12(sp)
     6ea:	6705                	lui	a4,0x1
     6ec:	57c70713          	addi	a4,a4,1404 # 157c <_Z10set_motionhhhh.part.0+0x2ec>
     6f0:	02e787b3          	mul	a5,a5,a4
     6f4:	c83e                	sw	a5,16(sp)
     6f6:	a8018793          	addi	a5,gp,-1408 # 20000410 <_ZL13dm_fail_latch>
     6fa:	ca3e                	sw	a5,20(sp)
     6fc:	8641a783          	lw	a5,-1948(gp) # 200001f4 <_ZL7g_scale+0x34>
     700:	c23e                	sw	a5,4(sp)
     702:	200007b7          	lui	a5,0x20000
     706:	16078793          	addi	a5,a5,352 # 20000160 <MC_DM_KEY_NONE_THRESH>
     70a:	cc3e                	sw	a5,24(sp)
     70c:	8981a783          	lw	a5,-1896(gp) # 20000228 <_ZL7g_scale+0x68>
     710:	ce3e                	sw	a5,28(sp)
     712:	017987b3          	add	a5,s3,s7
     716:	239c                	lbu	a5,0(a5)
     718:	e7f1                	bnez	a5,7e4 <_ZL19MC_PULL_ONLINE_readm+0x1f8>
     71a:	00040023          	sb	zero,0(s0)
     71e:	00090023          	sb	zero,0(s2)
     722:	000a2023          	sw	zero,0(s4)
     726:	000aa023          	sw	zero,0(s5)
     72a:	01998733          	add	a4,s3,s9
     72e:	a31c                	sb	a5,0(a4)
     730:	0985                	addi	s3,s3,1
     732:	4791                	li	a5,4
     734:	0405                	addi	s0,s0,1
     736:	0905                	addi	s2,s2,1
     738:	0a11                	addi	s4,s4,4
     73a:	0a91                	addi	s5,s5,4
     73c:	fcf99be3          	bne	s3,a5,712 <_ZL19MC_PULL_ONLINE_readm+0x126>
     740:	82018993          	addi	s3,gp,-2016 # 200001b0 <MC_PULL_pct>
     744:	82018c13          	addi	s8,gp,-2016 # 200001b0 <MC_PULL_pct>
     748:	8801a783          	lw	a5,-1920(gp) # 20000210 <_ZL7g_scale+0x50>
     74c:	20000937          	lui	s2,0x20000
     750:	c23e                	sw	a5,4(sp)
     752:	89c1ad83          	lw	s11,-1892(gp) # 2000022c <_ZL7g_scale+0x6c>
     756:	14090913          	addi	s2,s2,320 # 20000140 <_ZL13MC_PULL_pct_f>
     75a:	4401                	li	s0,0
     75c:	06400b13          	li	s6,100
     760:	03200a93          	li	s5,50
     764:	a7c18a13          	addi	s4,gp,-1412 # 2000040c <_ZL11MC_PULL_stu>
     768:	4d11                	li	s10,4
     76a:	008b87b3          	add	a5,s7,s0
     76e:	239c                	lbu	a5,0(a5)
     770:	18079163          	bnez	a5,8f2 <__stack_size+0xf2>
     774:	008c87b3          	add	a5,s9,s0
     778:	00078023          	sb	zero,0(a5)
     77c:	01b92023          	sw	s11,0(s2)
     780:	01598023          	sb	s5,0(s3)
     784:	4701                	li	a4,0
     786:	014407b3          	add	a5,s0,s4
     78a:	a398                	sb	a4,0(a5)
     78c:	0405                	addi	s0,s0,1
     78e:	0985                	addi	s3,s3,1
     790:	0491                	addi	s1,s1,4
     792:	0911                	addi	s2,s2,4
     794:	fda41be3          	bne	s0,s10,76a <_ZL19MC_PULL_ONLINE_readm+0x17e>
     798:	200027b7          	lui	a5,0x20002
     79c:	d9078713          	addi	a4,a5,-624 # 20001d90 <ams>
     7a0:	10474683          	lbu	a3,260(a4)
     7a4:	460d                	li	a2,3
     7a6:	18d66763          	bltu	a2,a3,934 <__stack_size+0x134>
     7aa:	9bb6                	add	s7,s7,a3
     7ac:	000bc783          	lbu	a5,0(s7)
     7b0:	18078263          	beqz	a5,934 <__stack_size+0x134>
     7b4:	00dc07b3          	add	a5,s8,a3
     7b8:	2394                	lbu	a3,0(a5)
     7ba:	03200613          	li	a2,50
     7be:	4781                	li	a5,0
     7c0:	00d67463          	bgeu	a2,a3,7c8 <_ZL19MC_PULL_ONLINE_readm+0x1dc>
     7c4:	fce68793          	addi	a5,a3,-50 # 40022fce <__freertos_irq_stack_top+0x2001dfce>
     7c8:	66c1                	lui	a3,0x10
     7ca:	16fd                	addi	a3,a3,-1 # ffff <MC_PULL_calibration.cpp.a99f3330+0x113f>
     7cc:	02d787b3          	mul	a5,a5,a3
     7d0:	03200693          	li	a3,50
     7d4:	02d7d7b3          	divu	a5,a5,a3
     7d8:	07c2                	slli	a5,a5,0x10
     7da:	83c1                	srli	a5,a5,0x10
     7dc:	10f71723          	sh	a5,270(a4)
     7e0:	6145                	addi	sp,sp,48
     7e2:	b241                	j	162 <__riscv_restore_12>
     7e4:	47d2                	lw	a5,20(sp)
     7e6:	00299c13          	slli	s8,s3,0x2
     7ea:	97ce                	add	a5,a5,s3
     7ec:	239c                	lbu	a5,0(a5)
     7ee:	cfa1                	beqz	a5,846 <__stack_size+0x46>
     7f0:	00040023          	sb	zero,0(s0)
     7f4:	00090023          	sb	zero,0(s2)
     7f8:	018487b3          	add	a5,s1,s8
     7fc:	438c                	lw	a1,0(a5)
     7fe:	0ff9f513          	zext.b	a0,s3
     802:	39e9                	jal	4dc <_ZL19pull_v_to_percent_fhf>
     804:	201c                	lbu	a5,0(s0)
     806:	8d2a                	mv	s10,a0
     808:	e7ad                	bnez	a5,872 <__stack_size+0x72>
     80a:	8881a583          	lw	a1,-1912(gp) # 20000218 <_ZL7g_scale+0x58>
     80e:	7eb090ef          	jal	ra,a7f8 <__lesf2>
     812:	00055663          	bgez	a0,81e <__stack_size+0x1e>
     816:	4785                	li	a5,1
     818:	a01c                	sb	a5,0(s0)
     81a:	016a2023          	sw	s6,0(s4)
     81e:	020c0793          	addi	a5,s8,32
     822:	978a                	add	a5,a5,sp
     824:	0007ad03          	lw	s10,0(a5)
     828:	47e2                	lw	a5,24(sp)
     82a:	856a                	mv	a0,s10
     82c:	9c3e                	add	s8,s8,a5
     82e:	000c2583          	lw	a1,0(s8)
     832:	7c7090ef          	jal	ra,a7f8 <__lesf2>
     836:	08055f63          	bgez	a0,8d4 <__stack_size+0xd4>
     83a:	00094783          	lbu	a5,0(s2)
     83e:	0786                	slli	a5,a5,0x1
     840:	0ff7f793          	zext.b	a5,a5
     844:	b5dd                	j	72a <_ZL19MC_PULL_ONLINE_readm+0x13e>
     846:	00094783          	lbu	a5,0(s2)
     84a:	d7dd                	beqz	a5,7f8 <_ZL19MC_PULL_ONLINE_readm+0x20c>
     84c:	020c0793          	addi	a5,s8,32
     850:	978a                	add	a5,a5,sp
     852:	4592                	lw	a1,4(sp)
     854:	4388                	lw	a0,0(a5)
     856:	70d090ef          	jal	ra,a762 <__gesf2>
     85a:	00a04963          	bgtz	a0,86c <__stack_size+0x6c>
     85e:	000aa783          	lw	a5,0(s5)
     862:	4742                	lw	a4,16(sp)
     864:	40fb07b3          	sub	a5,s6,a5
     868:	faf77be3          	bgeu	a4,a5,81e <__stack_size+0x1e>
     86c:	00090023          	sb	zero,0(s2)
     870:	b77d                	j	81e <__stack_size+0x1e>
     872:	4d85                	li	s11,1
     874:	03b79563          	bne	a5,s11,89e <__stack_size+0x9e>
     878:	88c1a583          	lw	a1,-1908(gp) # 2000021c <_ZL7g_scale+0x5c>
     87c:	6e7090ef          	jal	ra,a762 <__gesf2>
     880:	00a05563          	blez	a0,88a <__stack_size+0x8a>
     884:	00040023          	sb	zero,0(s0)
     888:	bf59                	j	81e <__stack_size+0x1e>
     88a:	000a2783          	lw	a5,0(s4)
     88e:	4722                	lw	a4,8(sp)
     890:	40fb07b3          	sub	a5,s6,a5
     894:	f8e7e5e3          	bltu	a5,a4,81e <__stack_size+0x1e>
     898:	4789                	li	a5,2
     89a:	a01c                	sb	a5,0(s0)
     89c:	b749                	j	81e <__stack_size+0x1e>
     89e:	000a2783          	lw	a5,0(s4)
     8a2:	4732                	lw	a4,12(sp)
     8a4:	40fb07b3          	sub	a5,s6,a5
     8a8:	fcf76ee3          	bltu	a4,a5,884 <__stack_size+0x84>
     8ac:	8901a583          	lw	a1,-1904(gp) # 20000220 <_ZL7g_scale+0x60>
     8b0:	6b3090ef          	jal	ra,a762 <__gesf2>
     8b4:	f60545e3          	bltz	a0,81e <__stack_size+0x1e>
     8b8:	8941a583          	lw	a1,-1900(gp) # 20000224 <_ZL7g_scale+0x64>
     8bc:	856a                	mv	a0,s10
     8be:	73b090ef          	jal	ra,a7f8 <__lesf2>
     8c2:	f4a04ee3          	bgtz	a0,81e <__stack_size+0x1e>
     8c6:	01b90023          	sb	s11,0(s2)
     8ca:	016aa023          	sw	s6,0(s5)
     8ce:	00040023          	sb	zero,0(s0)
     8d2:	bfad                	j	84c <__stack_size+0x4c>
     8d4:	4592                	lw	a1,4(sp)
     8d6:	856a                	mv	a0,s10
     8d8:	68b090ef          	jal	ra,a762 <__gesf2>
     8dc:	4785                	li	a5,1
     8de:	e4a046e3          	bgtz	a0,72a <_ZL19MC_PULL_ONLINE_readm+0x13e>
     8e2:	45f2                	lw	a1,28(sp)
     8e4:	856a                	mv	a0,s10
     8e6:	67d090ef          	jal	ra,a762 <__gesf2>
     8ea:	00152793          	slti	a5,a0,1
     8ee:	0789                	addi	a5,a5,2
     8f0:	bd2d                	j	72a <_ZL19MC_PULL_ONLINE_readm+0x13e>
     8f2:	408c                	lw	a1,0(s1)
     8f4:	0ff47513          	zext.b	a0,s0
     8f8:	36d5                	jal	4dc <_ZL19pull_v_to_percent_fhf>
     8fa:	4592                	lw	a1,4(sp)
     8fc:	00a92023          	sw	a0,0(s2)
     900:	7b2090ef          	jal	ra,a0b2 <__addsf3>
     904:	5f40a0ef          	jal	ra,aef8 <__fixsfsi>
     908:	00054863          	bltz	a0,918 <__stack_size+0x118>
     90c:	00ab5a63          	bge	s6,a0,920 <__stack_size+0x120>
     910:	01698023          	sb	s6,0(s3)
     914:	4705                	li	a4,1
     916:	bd85                	j	786 <_ZL19MC_PULL_ONLINE_readm+0x19a>
     918:	00098023          	sb	zero,0(s3)
     91c:	577d                	li	a4,-1
     91e:	b5a5                	j	786 <_ZL19MC_PULL_ONLINE_readm+0x19a>
     920:	00a98023          	sb	a0,0(s3)
     924:	04600793          	li	a5,70
     928:	fea7c6e3          	blt	a5,a0,914 <__stack_size+0x114>
     92c:	47f5                	li	a5,29
     92e:	e4a7cbe3          	blt	a5,a0,784 <_ZL19MC_PULL_ONLINE_readm+0x198>
     932:	b7ed                	j	91c <__stack_size+0x11c>
     934:	67c1                	lui	a5,0x10
     936:	17fd                	addi	a5,a5,-1 # ffff <MC_PULL_calibration.cpp.a99f3330+0x113f>
     938:	b555                	j	7dc <_ZL19MC_PULL_ONLINE_readm+0x1f0>

0000093a <_ZL23Motion_control_defaultsv>:
     93a:	200027b7          	lui	a5,0x20002
     93e:	40614737          	lui	a4,0x40614
     942:	d7878793          	addi	a5,a5,-648 # 20001d78 <Motion_control_data_save>
     946:	06170713          	addi	a4,a4,97 # 40614061 <__freertos_irq_stack_top+0x2060f061>
     94a:	cb98                	sw	a4,16(a5)
     94c:	3c3c4737          	lui	a4,0x3c3c4
     950:	c3c70713          	addi	a4,a4,-964 # 3c3c3c3c <__freertos_irq_stack_top+0x1c3bec3c>
     954:	0007a023          	sw	zero,0(a5)
     958:	0007a223          	sw	zero,4(a5)
     95c:	0007a423          	sw	zero,8(a5)
     960:	0007a623          	sw	zero,12(a5)
     964:	cbd8                	sw	a4,20(a5)
     966:	8082                	ret

00000968 <_ZL26Motion_control_apply_savedv>:
     968:	fd4ff2ef          	jal	t0,13c <__riscv_save_4>
     96c:	20002437          	lui	s0,0x20002
     970:	8a01a983          	lw	s3,-1888(gp) # 20000230 <_ZL7g_scale+0x70>
     974:	d7840413          	addi	s0,s0,-648 # 20001d78 <Motion_control_data_save>
     978:	200004b7          	lui	s1,0x20000
     97c:	16048493          	addi	s1,s1,352 # 20000160 <MC_DM_KEY_NONE_THRESH>
     980:	00440913          	addi	s2,s0,4
     984:	03b00a13          	li	s4,59
     988:	03c00a93          	li	s5,60
     98c:	285c                	lbu	a5,20(s0)
     98e:	00fa6463          	bltu	s4,a5,996 <_ZL26Motion_control_apply_savedv+0x2e>
     992:	01540a23          	sb	s5,20(s0)
     996:	2848                	lbu	a0,20(s0)
     998:	0405                	addi	s0,s0,1
     99a:	0491                	addi	s1,s1,4
     99c:	6da0a0ef          	jal	ra,b076 <__floatunsisf>
     9a0:	85ce                	mv	a1,s3
     9a2:	6ef090ef          	jal	ra,a890 <__mulsf3>
     9a6:	fea4ae23          	sw	a0,-4(s1)
     9aa:	ff2411e3          	bne	s0,s2,98c <_ZL26Motion_control_apply_savedv+0x24>
     9ae:	fc2ff06f          	j	170 <__riscv_restore_4>

000009b2 <_ZN9MOTOR_PID8caculateEff>:
     9b2:	f8aff2ef          	jal	t0,13c <__riscv_save_4>
     9b6:	892e                	mv	s2,a1
     9b8:	414c                	lw	a1,4(a0)
     9ba:	842a                	mv	s0,a0
     9bc:	854a                	mv	a0,s2
     9be:	89b2                	mv	s3,a2
     9c0:	6d1090ef          	jal	ra,a890 <__mulsf3>
     9c4:	85ce                	mv	a1,s3
     9c6:	6cb090ef          	jal	ra,a890 <__mulsf3>
     9ca:	444c                	lw	a1,12(s0)
     9cc:	6e6090ef          	jal	ra,a0b2 <__addsf3>
     9d0:	01c42a83          	lw	s5,28(s0)
     9d4:	84aa                	mv	s1,a0
     9d6:	85d6                	mv	a1,s5
     9d8:	58b090ef          	jal	ra,a762 <__gesf2>
     9dc:	00a05363          	blez	a0,9e2 <_ZN9MOTOR_PID8caculateEff+0x30>
     9e0:	84d6                	mv	s1,s5
     9e2:	80000a37          	lui	s4,0x80000
     9e6:	015a4a33          	xor	s4,s4,s5
     9ea:	85a6                	mv	a1,s1
     9ec:	8552                	mv	a0,s4
     9ee:	575090ef          	jal	ra,a762 <__gesf2>
     9f2:	00a05363          	blez	a0,9f8 <_ZN9MOTOR_PID8caculateEff+0x46>
     9f6:	84d2                	mv	s1,s4
     9f8:	400c                	lw	a1,0(s0)
     9fa:	c444                	sw	s1,12(s0)
     9fc:	854a                	mv	a0,s2
     9fe:	693090ef          	jal	ra,a890 <__mulsf3>
     a02:	85a6                	mv	a1,s1
     a04:	6ae090ef          	jal	ra,a0b2 <__addsf3>
     a08:	84aa                	mv	s1,a0
     a0a:	00000593          	li	a1,0
     a0e:	854e                	mv	a0,s3
     a10:	4f5090ef          	jal	ra,a704 <__eqsf2>
     a14:	c105                	beqz	a0,a34 <_ZN9MOTOR_PID8caculateEff+0x82>
     a16:	480c                	lw	a1,16(s0)
     a18:	854a                	mv	a0,s2
     a1a:	1520a0ef          	jal	ra,ab6c <__subsf3>
     a1e:	440c                	lw	a1,8(s0)
     a20:	671090ef          	jal	ra,a890 <__mulsf3>
     a24:	85ce                	mv	a1,s3
     a26:	1f5090ef          	jal	ra,a41a <__divsf3>
     a2a:	85aa                	mv	a1,a0
     a2c:	8526                	mv	a0,s1
     a2e:	684090ef          	jal	ra,a0b2 <__addsf3>
     a32:	84aa                	mv	s1,a0
     a34:	01442983          	lw	s3,20(s0)
     a38:	85a6                	mv	a1,s1
     a3a:	854e                	mv	a0,s3
     a3c:	5bd090ef          	jal	ra,a7f8 <__lesf2>
     a40:	00054363          	bltz	a0,a46 <_ZN9MOTOR_PID8caculateEff+0x94>
     a44:	89a6                	mv	s3,s1
     a46:	4c04                	lw	s1,24(s0)
     a48:	85ce                	mv	a1,s3
     a4a:	8526                	mv	a0,s1
     a4c:	517090ef          	jal	ra,a762 <__gesf2>
     a50:	00a04363          	bgtz	a0,a56 <_ZN9MOTOR_PID8caculateEff+0xa4>
     a54:	84ce                	mv	s1,s3
     a56:	01242823          	sw	s2,16(s0)
     a5a:	8526                	mv	a0,s1
     a5c:	f14ff06f          	j	170 <__riscv_restore_4>

00000a60 <_ZN14_MOTOR_CONTROLC1Ei>:
     a60:	478d                	li	a5,3
     a62:	4681                	li	a3,0
     a64:	c11c                	sw	a5,0(a0)
     a66:	4785                	li	a5,1
     a68:	a51c                	sb	a5,8(a0)
     a6a:	c914                	sw	a3,16(a0)
     a6c:	d514                	sw	a3,40(a0)
     a6e:	d914                	sw	a3,48(a0)
     a70:	c134                	sw	a3,64(a0)
     a72:	8a41a783          	lw	a5,-1884(gp) # 20000234 <_ZL7g_scale+0x74>
     a76:	8b01a683          	lw	a3,-1872(gp) # 20000240 <_ZL7g_scale+0x80>
     a7a:	4701                	li	a4,0
     a7c:	c958                	sw	a4,20(a0)
     a7e:	cd1c                	sw	a5,24(a0)
     a80:	d11c                	sw	a5,32(a0)
     a82:	d558                	sw	a4,44(a0)
     a84:	d958                	sw	a4,52(a0)
     a86:	c178                	sw	a4,68(a0)
     a88:	c574                	sw	a3,76(a0)
     a8a:	8a81a783          	lw	a5,-1880(gp) # 20000238 <_ZL7g_scale+0x78>
     a8e:	8ac1a703          	lw	a4,-1876(gp) # 2000023c <_ZL7g_scale+0x7c>
     a92:	8b41a683          	lw	a3,-1868(gp) # 20000244 <_ZL7g_scale+0x84>
     a96:	00000613          	li	a2,0
     a9a:	d13c                	sw	a5,96(a0)
     a9c:	d53c                	sw	a5,104(a0)
     a9e:	c14c                	sw	a1,4(a0)
     aa0:	00050e23          	sb	zero,28(a0)
     aa4:	dd10                	sw	a2,56(a0)
     aa6:	02050e23          	sb	zero,60(a0)
     aaa:	04050423          	sb	zero,72(a0)
     aae:	cd30                	sw	a2,88(a0)
     ab0:	cd70                	sw	a2,92(a0)
     ab2:	d178                	sw	a4,100(a0)
     ab4:	c934                	sw	a3,80(a0)
     ab6:	c970                	sw	a2,84(a0)
     ab8:	dd30                	sw	a2,120(a0)
     aba:	dd70                	sw	a2,124(a0)
     abc:	08f52023          	sw	a5,128(a0)
     ac0:	08f52423          	sw	a5,136(a0)
     ac4:	8b81a783          	lw	a5,-1864(gp) # 20000248 <_ZL7g_scale+0x88>
     ac8:	08e52223          	sw	a4,132(a0)
     acc:	d930                	sw	a2,112(a0)
     ace:	d57c                	sw	a5,108(a0)
     ad0:	8bc1a783          	lw	a5,-1860(gp) # 2000024c <_ZL7g_scale+0x8c>
     ad4:	d970                	sw	a2,116(a0)
     ad6:	08c52823          	sw	a2,144(a0)
     ada:	08f52623          	sw	a5,140(a0)
     ade:	08050a23          	sb	zero,148(a0)
     ae2:	8082                	ret

00000ae4 <_ZN14_MOTOR_CONTROL10set_motionE20filament_motion_enumyy>:
     ae4:	e4aff2ef          	jal	t0,12e <__riscv_save_10>
     ae8:	8a3e                	mv	s4,a5
     aea:	478d                	li	a5,3
     aec:	00052903          	lw	s2,0(a0)
     af0:	842a                	mv	s0,a0
     af2:	84ae                	mv	s1,a1
     af4:	89ba                	mv	s3,a4
     af6:	06f59163          	bne	a1,a5,b58 <_ZN14_MOTOR_CONTROL10set_motionE20filament_motion_enumyy+0x74>
     afa:	4781                	li	a5,0
     afc:	4801                	li	a6,0
     afe:	c91c                	sw	a5,16(a0)
     b00:	01052a23          	sw	a6,20(a0)
     b04:	38b90863          	beq	s2,a1,e94 <_ZN14_MOTOR_CONTROL10set_motionE20filament_motion_enumyy+0x3b0>
     b08:	4154                	lw	a3,4(a0)
     b0a:	a7818793          	addi	a5,gp,-1416 # 20000408 <_ZL18g_on_use_low_latch>
     b0e:	97b6                	add	a5,a5,a3
     b10:	239c                	lbu	a5,0(a5)
     b12:	c00c                	sw	a1,0(s0)
     b14:	e3dd                	bnez	a5,bba <_ZN14_MOTOR_CONTROL10set_motionE20filament_motion_enumyy+0xd6>
     b16:	00050423          	sb	zero,8(a0)
     b1a:	4709                	li	a4,2
     b1c:	405c                	lw	a5,4(s0)
     b1e:	12e49563          	bne	s1,a4,c48 <_ZN14_MOTOR_CONTROL10set_motionE20filament_motion_enumyy+0x164>
     b22:	05342023          	sw	s3,64(s0)
     b26:	05442223          	sw	s4,68(s0)
     b2a:	16090f63          	beqz	s2,ca8 <_ZN14_MOTOR_CONTROL10set_motionE20filament_motion_enumyy+0x1c4>
     b2e:	200027b7          	lui	a5,0x20002
     b32:	d4878793          	addi	a5,a5,-696 # 20001d48 <_ZL21g_last_on_use_exit_ms>
     b36:	0e990a63          	beq	s2,s1,c2a <_ZN14_MOTOR_CONTROL10set_motionE20filament_motion_enumyy+0x146>
     b3a:	4719                	li	a4,6
     b3c:	2ce90063          	beq	s2,a4,dfc <_ZN14_MOTOR_CONTROL10set_motionE20filament_motion_enumyy+0x318>
     b40:	4058                	lw	a4,4(s0)
     b42:	200027b7          	lui	a5,0x20002
     b46:	d4878793          	addi	a5,a5,-696 # 20001d48 <_ZL21g_last_on_use_exit_ms>
     b4a:	070e                	slli	a4,a4,0x3
     b4c:	97ba                	add	a5,a5,a4
     b4e:	4681                	li	a3,0
     b50:	4701                	li	a4,0
     b52:	c394                	sw	a3,0(a5)
     b54:	c3d8                	sw	a4,4(a5)
     b56:	ac2d                	j	d90 <_ZN14_MOTOR_CONTROL10set_motionE20filament_motion_enumyy+0x2ac>
     b58:	963a                	add	a2,a2,a4
     b5a:	00e637b3          	sltu	a5,a2,a4
     b5e:	96d2                	add	a3,a3,s4
     b60:	97b6                	add	a5,a5,a3
     b62:	c910                	sw	a2,16(a0)
     b64:	c95c                	sw	a5,20(a0)
     b66:	33258763          	beq	a1,s2,e94 <_ZN14_MOTOR_CONTROL10set_motionE20filament_motion_enumyy+0x3b0>
     b6a:	c00c                	sw	a1,0(s0)
     b6c:	4799                	li	a5,6
     b6e:	4154                	lw	a3,4(a0)
     b70:	04f59063          	bne	a1,a5,bb0 <_ZN14_MOTOR_CONTROL10set_motionE20filament_motion_enumyy+0xcc>
     b74:	00050423          	sb	zero,8(a0)
     b78:	16090363          	beqz	s2,cde <_ZN14_MOTOR_CONTROL10set_motionE20filament_motion_enumyy+0x1fa>
     b7c:	4789                	li	a5,2
     b7e:	22f91563          	bne	s2,a5,da8 <_ZN14_MOTOR_CONTROL10set_motionE20filament_motion_enumyy+0x2c4>
     b82:	4781                	li	a5,0
     b84:	c13c                	sw	a5,64(a0)
     b86:	200027b7          	lui	a5,0x20002
     b8a:	068e                	slli	a3,a3,0x3
     b8c:	d4878793          	addi	a5,a5,-696 # 20001d48 <_ZL21g_last_on_use_exit_ms>
     b90:	97b6                	add	a5,a5,a3
     b92:	4398                	lw	a4,0(a5)
     b94:	43d4                	lw	a3,4(a5)
     b96:	4801                	li	a6,0
     b98:	05052223          	sw	a6,68(a0)
     b9c:	8f55                	or	a4,a4,a3
     b9e:	e709                	bnez	a4,ba8 <_ZN14_MOTOR_CONTROL10set_motionE20filament_motion_enumyy+0xc4>
     ba0:	4605                	li	a2,1
     ba2:	4681                	li	a3,0
     ba4:	c390                	sw	a2,0(a5)
     ba6:	c3d4                	sw	a3,4(a5)
     ba8:	4789                	li	a5,2
     baa:	f8f48be3          	beq	s1,a5,b40 <_ZN14_MOTOR_CONTROL10set_motionE20filament_motion_enumyy+0x5c>
     bae:	a2cd                	j	d90 <_ZN14_MOTOR_CONTROL10set_motionE20filament_motion_enumyy+0x2ac>
     bb0:	a7818793          	addi	a5,gp,-1416 # 20000408 <_ZL18g_on_use_low_latch>
     bb4:	97b6                	add	a5,a5,a3
     bb6:	239c                	lbu	a5,0(a5)
     bb8:	c785                	beqz	a5,be0 <_ZN14_MOTOR_CONTROL10set_motionE20filament_motion_enumyy+0xfc>
     bba:	a7418793          	addi	a5,gp,-1420 # 20000404 <_ZL18g_on_use_jam_latch>
     bbe:	97b6                	add	a5,a5,a3
     bc0:	239c                	lbu	a5,0(a5)
     bc2:	ef99                	bnez	a5,be0 <_ZN14_MOTOR_CONTROL10set_motionE20filament_motion_enumyy+0xfc>
     bc4:	a7818793          	addi	a5,gp,-1416 # 20000408 <_ZL18g_on_use_low_latch>
     bc8:	97b6                	add	a5,a5,a3
     bca:	00078023          	sb	zero,0(a5)
     bce:	200027b7          	lui	a5,0x20002
     bd2:	00269713          	slli	a4,a3,0x2
     bd6:	d6878793          	addi	a5,a5,-664 # 20001d68 <_ZL18g_on_use_hi_pwm_us>
     bda:	97ba                	add	a5,a5,a4
     bdc:	0007a023          	sw	zero,0(a5)
     be0:	00040423          	sb	zero,8(s0)
     be4:	f89d                	bnez	s1,b1a <_ZN14_MOTOR_CONTROL10set_motionE20filament_motion_enumyy+0x36>
     be6:	200027b7          	lui	a5,0x20002
     bea:	00669713          	slli	a4,a3,0x6
     bee:	d9078793          	addi	a5,a5,-624 # 20001d90 <ams>
     bf2:	02040e23          	sb	zero,60(s0)
     bf6:	97ba                	add	a5,a5,a4
     bf8:	5fdc                	lw	a5,60(a5)
     bfa:	20002637          	lui	a2,0x20002
     bfe:	03342823          	sw	s3,48(s0)
     c02:	dc1c                	sw	a5,56(s0)
     c04:	03442a23          	sw	s4,52(s0)
     c08:	04040423          	sb	zero,72(s0)
     c0c:	d4860613          	addi	a2,a2,-696 # 20001d48 <_ZL21g_last_on_use_exit_ms>
     c10:	00369793          	slli	a5,a3,0x3
     c14:	1e090b63          	beqz	s2,e0a <_ZN14_MOTOR_CONTROL10set_motionE20filament_motion_enumyy+0x326>
     c18:	4709                	li	a4,2
     c1a:	3ce91063          	bne	s2,a4,fda <_ZN14_MOTOR_CONTROL10set_motionE20filament_motion_enumyy+0x4f6>
     c1e:	4781                	li	a5,0
     c20:	4801                	li	a6,0
     c22:	c03c                	sw	a5,64(s0)
     c24:	05042223          	sw	a6,68(s0)
     c28:	a82d                	j	c62 <_ZN14_MOTOR_CONTROL10set_motionE20filament_motion_enumyy+0x17e>
     c2a:	068e                	slli	a3,a3,0x3
     c2c:	96be                	add	a3,a3,a5
     c2e:	4801                	li	a6,0
     c30:	4781                	li	a5,0
     c32:	c29c                	sw	a5,0(a3)
     c34:	0106a223          	sw	a6,4(a3)
     c38:	00000793          	li	a5,0
     c3c:	cc3c                	sw	a5,88(s0)
     c3e:	cc7c                	sw	a5,92(s0)
     c40:	dc3c                	sw	a5,120(s0)
     c42:	dc7c                	sw	a5,124(s0)
     c44:	4909                	li	s2,2
     c46:	ae15                	j	f7a <_ZN14_MOTOR_CONTROL10set_motionE20filament_motion_enumyy+0x496>
     c48:	0e090063          	beqz	s2,d28 <_ZN14_MOTOR_CONTROL10set_motionE20filament_motion_enumyy+0x244>
     c4c:	14e91b63          	bne	s2,a4,da2 <_ZN14_MOTOR_CONTROL10set_motionE20filament_motion_enumyy+0x2be>
     c50:	4781                	li	a5,0
     c52:	4801                	li	a6,0
     c54:	c03c                	sw	a5,64(s0)
     c56:	05042223          	sw	a6,68(s0)
     c5a:	4799                	li	a5,6
     c5c:	10f48c63          	beq	s1,a5,d74 <_ZN14_MOTOR_CONTROL10set_motionE20filament_motion_enumyy+0x290>
     c60:	fce1                	bnez	s1,c38 <_ZN14_MOTOR_CONTROL10set_motionE20filament_motion_enumyy+0x154>
     c62:	200027b7          	lui	a5,0x20002
     c66:	d4878793          	addi	a5,a5,-696 # 20001d48 <_ZL21g_last_on_use_exit_ms>
     c6a:	068e                	slli	a3,a3,0x3
     c6c:	96be                	add	a3,a3,a5
     c6e:	4781                	li	a5,0
     c70:	4801                	li	a6,0
     c72:	c29c                	sw	a5,0(a3)
     c74:	00000793          	li	a5,0
     c78:	0106a223          	sw	a6,4(a3)
     c7c:	08040a23          	sb	zero,148(s0)
     c80:	cc3c                	sw	a5,88(s0)
     c82:	cc7c                	sw	a5,92(s0)
     c84:	dc3c                	sw	a5,120(s0)
     c86:	dc7c                	sw	a5,124(s0)
     c88:	4909                	li	s2,2
     c8a:	8a41a783          	lw	a5,-1884(gp) # 20000234 <_ZL7g_scale+0x74>
     c8e:	00040e23          	sb	zero,28(s0)
     c92:	4719                	li	a4,6
     c94:	cc1c                	sw	a5,24(s0)
     c96:	1ee91563          	bne	s2,a4,e80 <_ZN14_MOTOR_CONTROL10set_motionE20filament_motion_enumyy+0x39c>
     c9a:	d01c                	sw	a5,32(s0)
     c9c:	4801                	li	a6,0
     c9e:	4781                	li	a5,0
     ca0:	d41c                	sw	a5,40(s0)
     ca2:	03042623          	sw	a6,44(s0)
     ca6:	aae9                	j	e80 <_ZN14_MOTOR_CONTROL10set_motionE20filament_motion_enumyy+0x39c>
     ca8:	4701                	li	a4,0
     caa:	4681                	li	a3,0
     cac:	d858                	sw	a4,52(s0)
     cae:	00000713          	li	a4,0
     cb2:	d814                	sw	a3,48(s0)
     cb4:	04040423          	sb	zero,72(s0)
     cb8:	02040e23          	sb	zero,60(s0)
     cbc:	dc18                	sw	a4,56(s0)
     cbe:	4709                	li	a4,2
     cc0:	08e48463          	beq	s1,a4,d48 <_ZN14_MOTOR_CONTROL10set_motionE20filament_motion_enumyy+0x264>
     cc4:	00000713          	li	a4,0
     cc8:	08040a23          	sb	zero,148(s0)
     ccc:	cc38                	sw	a4,88(s0)
     cce:	cc78                	sw	a4,92(s0)
     cd0:	dc38                	sw	a4,120(s0)
     cd2:	dc78                	sw	a4,124(s0)
     cd4:	16049963          	bnez	s1,e46 <_ZN14_MOTOR_CONTROL10set_motionE20filament_motion_enumyy+0x362>
     cd8:	8a41a783          	lw	a5,-1884(gp) # 20000234 <_ZL7g_scale+0x74>
     cdc:	a2d9                	j	ea2 <_ZN14_MOTOR_CONTROL10set_motionE20filament_motion_enumyy+0x3be>
     cde:	4781                	li	a5,0
     ce0:	4801                	li	a6,0
     ce2:	d91c                	sw	a5,48(a0)
     ce4:	00000793          	li	a5,0
     ce8:	03052a23          	sw	a6,52(a0)
     cec:	04050423          	sb	zero,72(a0)
     cf0:	02050e23          	sb	zero,60(a0)
     cf4:	dd1c                	sw	a5,56(a0)
     cf6:	200027b7          	lui	a5,0x20002
     cfa:	068e                	slli	a3,a3,0x3
     cfc:	d4878793          	addi	a5,a5,-696 # 20001d48 <_ZL21g_last_on_use_exit_ms>
     d00:	97b6                	add	a5,a5,a3
     d02:	4398                	lw	a4,0(a5)
     d04:	43d4                	lw	a3,4(a5)
     d06:	8f55                	or	a4,a4,a3
     d08:	e709                	bnez	a4,d12 <_ZN14_MOTOR_CONTROL10set_motionE20filament_motion_enumyy+0x22e>
     d0a:	4605                	li	a2,1
     d0c:	4681                	li	a3,0
     d0e:	c390                	sw	a2,0(a5)
     d10:	c3d4                	sw	a3,4(a5)
     d12:	00000793          	li	a5,0
     d16:	08040a23          	sb	zero,148(s0)
     d1a:	cc3c                	sw	a5,88(s0)
     d1c:	cc7c                	sw	a5,92(s0)
     d1e:	dc3c                	sw	a5,120(s0)
     d20:	dc7c                	sw	a5,124(s0)
     d22:	4b05                	li	s6,1
     d24:	4901                	li	s2,0
     d26:	aa49                	j	eb8 <_ZN14_MOTOR_CONTROL10set_motionE20filament_motion_enumyy+0x3d4>
     d28:	4701                	li	a4,0
     d2a:	4681                	li	a3,0
     d2c:	d858                	sw	a4,52(s0)
     d2e:	00000713          	li	a4,0
     d32:	d814                	sw	a3,48(s0)
     d34:	dc18                	sw	a4,56(s0)
     d36:	04040423          	sb	zero,72(s0)
     d3a:	02040e23          	sb	zero,60(s0)
     d3e:	4719                	li	a4,6
     d40:	86be                	mv	a3,a5
     d42:	fae48ae3          	beq	s1,a4,cf6 <_ZN14_MOTOR_CONTROL10set_motionE20filament_motion_enumyy+0x212>
     d46:	bfa5                	j	cbe <_ZN14_MOTOR_CONTROL10set_motionE20filament_motion_enumyy+0x1da>
     d48:	20002737          	lui	a4,0x20002
     d4c:	d4870713          	addi	a4,a4,-696 # 20001d48 <_ZL21g_last_on_use_exit_ms>
     d50:	078e                	slli	a5,a5,0x3
     d52:	97ba                	add	a5,a5,a4
     d54:	4681                	li	a3,0
     d56:	4701                	li	a4,0
     d58:	c394                	sw	a3,0(a5)
     d5a:	c3d8                	sw	a4,4(a5)
     d5c:	00000793          	li	a5,0
     d60:	08040a23          	sb	zero,148(s0)
     d64:	cc3c                	sw	a5,88(s0)
     d66:	cc7c                	sw	a5,92(s0)
     d68:	dc3c                	sw	a5,120(s0)
     d6a:	dc7c                	sw	a5,124(s0)
     d6c:	4789                	li	a5,2
     d6e:	f6f485e3          	beq	s1,a5,cd8 <_ZN14_MOTOR_CONTROL10set_motionE20filament_motion_enumyy+0x1f4>
     d72:	a239                	j	e80 <_ZN14_MOTOR_CONTROL10set_motionE20filament_motion_enumyy+0x39c>
     d74:	200027b7          	lui	a5,0x20002
     d78:	d4878793          	addi	a5,a5,-696 # 20001d48 <_ZL21g_last_on_use_exit_ms>
     d7c:	068e                	slli	a3,a3,0x3
     d7e:	96be                	add	a3,a3,a5
     d80:	429c                	lw	a5,0(a3)
     d82:	42d8                	lw	a4,4(a3)
     d84:	8fd9                	or	a5,a5,a4
     d86:	e789                	bnez	a5,d90 <_ZN14_MOTOR_CONTROL10set_motionE20filament_motion_enumyy+0x2ac>
     d88:	4705                	li	a4,1
     d8a:	4781                	li	a5,0
     d8c:	c298                	sw	a4,0(a3)
     d8e:	c2dc                	sw	a5,4(a3)
     d90:	00000793          	li	a5,0
     d94:	cc3c                	sw	a5,88(s0)
     d96:	cc7c                	sw	a5,92(s0)
     d98:	dc3c                	sw	a5,120(s0)
     d9a:	dc7c                	sw	a5,124(s0)
     d9c:	1c049f63          	bnez	s1,f7a <_ZN14_MOTOR_CONTROL10set_motionE20filament_motion_enumyy+0x496>
     da0:	b5ed                	j	c8a <_ZN14_MOTOR_CONTROL10set_motionE20filament_motion_enumyy+0x1a6>
     da2:	4799                	li	a5,6
     da4:	1af49763          	bne	s1,a5,f52 <_ZN14_MOTOR_CONTROL10set_motionE20filament_motion_enumyy+0x46e>
     da8:	4054                	lw	a3,4(s0)
     daa:	200027b7          	lui	a5,0x20002
     dae:	d4878713          	addi	a4,a5,-696 # 20001d48 <_ZL21g_last_on_use_exit_ms>
     db2:	068e                	slli	a3,a3,0x3
     db4:	9736                	add	a4,a4,a3
     db6:	4310                	lw	a2,0(a4)
     db8:	434c                	lw	a1,4(a4)
     dba:	d4878793          	addi	a5,a5,-696
     dbe:	8e4d                	or	a2,a2,a1
     dc0:	ca0d                	beqz	a2,df2 <_ZN14_MOTOR_CONTROL10set_motionE20filament_motion_enumyy+0x30e>
     dc2:	4719                	li	a4,6
     dc4:	dee912e3          	bne	s2,a4,ba8 <_ZN14_MOTOR_CONTROL10set_motionE20filament_motion_enumyy+0xc4>
     dc8:	4709                	li	a4,2
     dca:	4919                	li	s2,6
     dcc:	fce492e3          	bne	s1,a4,d90 <_ZN14_MOTOR_CONTROL10set_motionE20filament_motion_enumyy+0x2ac>
     dd0:	97b6                	add	a5,a5,a3
     dd2:	4701                	li	a4,0
     dd4:	4681                	li	a3,0
     dd6:	c394                	sw	a3,0(a5)
     dd8:	c3d8                	sw	a4,4(a5)
     dda:	00000793          	li	a5,0
     dde:	cc3c                	sw	a5,88(s0)
     de0:	cc7c                	sw	a5,92(s0)
     de2:	dc3c                	sw	a5,120(s0)
     de4:	dc7c                	sw	a5,124(s0)
     de6:	8a41a783          	lw	a5,-1884(gp) # 20000234 <_ZL7g_scale+0x74>
     dea:	d414                	sw	a3,40(s0)
     dec:	d458                	sw	a4,44(s0)
     dee:	d01c                	sw	a5,32(s0)
     df0:	b5e5                	j	cd8 <_ZN14_MOTOR_CONTROL10set_motionE20filament_motion_enumyy+0x1f4>
     df2:	4505                	li	a0,1
     df4:	4581                	li	a1,0
     df6:	c308                	sw	a0,0(a4)
     df8:	c34c                	sw	a1,4(a4)
     dfa:	b7e1                	j	dc2 <_ZN14_MOTOR_CONTROL10set_motionE20filament_motion_enumyy+0x2de>
     dfc:	068e                	slli	a3,a3,0x3
     dfe:	96be                	add	a3,a3,a5
     e00:	0136a023          	sw	s3,0(a3)
     e04:	0146a223          	sw	s4,4(a3)
     e08:	bb25                	j	b40 <_ZN14_MOTOR_CONTROL10set_motionE20filament_motion_enumyy+0x5c>
     e0a:	963e                	add	a2,a2,a5
     e0c:	4781                	li	a5,0
     e0e:	4801                	li	a6,0
     e10:	c21c                	sw	a5,0(a2)
     e12:	00000793          	li	a5,0
     e16:	01062223          	sw	a6,4(a2)
     e1a:	08040a23          	sb	zero,148(s0)
     e1e:	cc3c                	sw	a5,88(s0)
     e20:	cc7c                	sw	a5,92(s0)
     e22:	dc3c                	sw	a5,120(s0)
     e24:	dc7c                	sw	a5,124(s0)
     e26:	bd4d                	j	cd8 <_ZN14_MOTOR_CONTROL10set_motionE20filament_motion_enumyy+0x1f4>
     e28:	963e                	add	a2,a2,a5
     e2a:	4781                	li	a5,0
     e2c:	4801                	li	a6,0
     e2e:	c21c                	sw	a5,0(a2)
     e30:	00000793          	li	a5,0
     e34:	01062223          	sw	a6,4(a2)
     e38:	08040a23          	sb	zero,148(s0)
     e3c:	cc3c                	sw	a5,88(s0)
     e3e:	cc7c                	sw	a5,92(s0)
     e40:	dc3c                	sw	a5,120(s0)
     e42:	dc7c                	sw	a5,124(s0)
     e44:	b599                	j	c8a <_ZN14_MOTOR_CONTROL10set_motionE20filament_motion_enumyy+0x1a6>
     e46:	14f1                	addi	s1,s1,-4
     e48:	4705                	li	a4,1
     e4a:	02976b63          	bltu	a4,s1,e80 <_ZN14_MOTOR_CONTROL10set_motionE20filament_motion_enumyy+0x39c>
     e4e:	20000737          	lui	a4,0x20000
     e52:	078a                	slli	a5,a5,0x2
     e54:	14070713          	addi	a4,a4,320 # 20000140 <_ZL13MC_PULL_pct_f>
     e58:	97ba                	add	a5,a5,a4
     e5a:	4384                	lw	s1,0(a5)
     e5c:	00000593          	li	a1,0
     e60:	8526                	mv	a0,s1
     e62:	197090ef          	jal	ra,a7f8 <__lesf2>
     e66:	02054c63          	bltz	a0,e9e <_ZN14_MOTOR_CONTROL10set_motionE20filament_motion_enumyy+0x3ba>
     e6a:	8581a903          	lw	s2,-1960(gp) # 200001e8 <_ZL7g_scale+0x28>
     e6e:	8526                	mv	a0,s1
     e70:	85ca                	mv	a1,s2
     e72:	0f1090ef          	jal	ra,a762 <__gesf2>
     e76:	02a04163          	bgtz	a0,e98 <_ZN14_MOTOR_CONTROL10set_motionE20filament_motion_enumyy+0x3b4>
     e7a:	cc04                	sw	s1,24(s0)
     e7c:	00040e23          	sb	zero,28(s0)
     e80:	4058                	lw	a4,4(s0)
     e82:	200027b7          	lui	a5,0x20002
     e86:	d3478793          	addi	a5,a5,-716 # 20001d34 <_ZN14_MOTOR_CONTROL6x_prevE>
     e8a:	070a                	slli	a4,a4,0x2
     e8c:	97ba                	add	a5,a5,a4
     e8e:	00000713          	li	a4,0
     e92:	c398                	sw	a4,0(a5)
     e94:	ad2ff06f          	j	166 <__riscv_restore_10>
     e98:	01242c23          	sw	s2,24(s0)
     e9c:	b7c5                	j	e7c <_ZN14_MOTOR_CONTROL10set_motionE20filament_motion_enumyy+0x398>
     e9e:	00000793          	li	a5,0
     ea2:	cc1c                	sw	a5,24(s0)
     ea4:	bfe1                	j	e7c <_ZN14_MOTOR_CONTROL10set_motionE20filament_motion_enumyy+0x398>
     ea6:	00000993          	li	s3,0
     eaa:	a229                	j	fb4 <_ZN14_MOTOR_CONTROL10set_motionE20filament_motion_enumyy+0x4d0>
     eac:	89d2                	mv	s3,s4
     eae:	a219                	j	fb4 <_ZN14_MOTOR_CONTROL10set_motionE20filament_motion_enumyy+0x4d0>
     eb0:	4799                	li	a5,6
     eb2:	08f49463          	bne	s1,a5,f3a <_ZN14_MOTOR_CONTROL10set_motionE20filament_motion_enumyy+0x456>
     eb6:	4b01                	li	s6,0
     eb8:	00442a83          	lw	s5,4(s0)
     ebc:	200007b7          	lui	a5,0x20000
     ec0:	14078793          	addi	a5,a5,320 # 20000140 <_ZL13MC_PULL_pct_f>
     ec4:	0a8a                	slli	s5,s5,0x2
     ec6:	97d6                	add	a5,a5,s5
     ec8:	4384                	lw	s1,0(a5)
     eca:	00040e23          	sb	zero,28(s0)
     ece:	00000593          	li	a1,0
     ed2:	8526                	mv	a0,s1
     ed4:	125090ef          	jal	ra,a7f8 <__lesf2>
     ed8:	04054c63          	bltz	a0,f30 <_ZN14_MOTOR_CONTROL10set_motionE20filament_motion_enumyy+0x44c>
     edc:	8581ab83          	lw	s7,-1960(gp) # 200001e8 <_ZL7g_scale+0x28>
     ee0:	8526                	mv	a0,s1
     ee2:	85de                	mv	a1,s7
     ee4:	07f090ef          	jal	ra,a762 <__gesf2>
     ee8:	04a04763          	bgtz	a0,f36 <_ZN14_MOTOR_CONTROL10set_motionE20filament_motion_enumyy+0x452>
     eec:	1971                	addi	s2,s2,-4
     eee:	4705                	li	a4,1
     ef0:	87a6                	mv	a5,s1
     ef2:	01277663          	bgeu	a4,s2,efe <_ZN14_MOTOR_CONTROL10set_motionE20filament_motion_enumyy+0x41a>
     ef6:	8a41a783          	lw	a5,-1884(gp) # 20000234 <_ZL7g_scale+0x74>
     efa:	4981                	li	s3,0
     efc:	4a01                	li	s4,0
     efe:	cc04                	sw	s1,24(s0)
     f00:	d01c                	sw	a5,32(s0)
     f02:	03342423          	sw	s3,40(s0)
     f06:	03442623          	sw	s4,44(s0)
     f0a:	f60b0be3          	beqz	s6,e80 <_ZN14_MOTOR_CONTROL10set_motionE20filament_motion_enumyy+0x39c>
     f0e:	20002437          	lui	s0,0x20002
     f12:	d3440413          	addi	s0,s0,-716 # 20001d34 <_ZN14_MOTOR_CONTROL6x_prevE>
     f16:	9456                	add	s0,s0,s5
     f18:	00042903          	lw	s2,0(s0)
     f1c:	8c01a483          	lw	s1,-1856(gp) # 20000250 <_ZL7g_scale+0x90>
     f20:	854a                	mv	a0,s2
     f22:	85a6                	mv	a1,s1
     f24:	03f090ef          	jal	ra,a762 <__gesf2>
     f28:	00a05c63          	blez	a0,f40 <_ZN14_MOTOR_CONTROL10set_motionE20filament_motion_enumyy+0x45c>
     f2c:	c004                	sw	s1,0(s0)
     f2e:	b79d                	j	e94 <_ZN14_MOTOR_CONTROL10set_motionE20filament_motion_enumyy+0x3b0>
     f30:	00000493          	li	s1,0
     f34:	bf65                	j	eec <_ZN14_MOTOR_CONTROL10set_motionE20filament_motion_enumyy+0x408>
     f36:	84de                	mv	s1,s7
     f38:	bf55                	j	eec <_ZN14_MOTOR_CONTROL10set_motionE20filament_motion_enumyy+0x408>
     f3a:	08f90463          	beq	s2,a5,fc2 <_ZN14_MOTOR_CONTROL10set_motionE20filament_motion_enumyy+0x4de>
     f3e:	b53d                	j	d6c <_ZN14_MOTOR_CONTROL10set_motionE20filament_motion_enumyy+0x288>
     f40:	8c41a483          	lw	s1,-1852(gp) # 20000254 <_ZL7g_scale+0x94>
     f44:	854a                	mv	a0,s2
     f46:	85a6                	mv	a1,s1
     f48:	0b1090ef          	jal	ra,a7f8 <__lesf2>
     f4c:	fe0540e3          	bltz	a0,f2c <_ZN14_MOTOR_CONTROL10set_motionE20filament_motion_enumyy+0x448>
     f50:	b791                	j	e94 <_ZN14_MOTOR_CONTROL10set_motionE20filament_motion_enumyy+0x3b0>
     f52:	e2f91fe3          	bne	s2,a5,d90 <_ZN14_MOTOR_CONTROL10set_motionE20filament_motion_enumyy+0x2ac>
     f56:	200027b7          	lui	a5,0x20002
     f5a:	00369713          	slli	a4,a3,0x3
     f5e:	d4878793          	addi	a5,a5,-696 # 20001d48 <_ZL21g_last_on_use_exit_ms>
     f62:	97ba                	add	a5,a5,a4
     f64:	0137a023          	sw	s3,0(a5)
     f68:	0147a223          	sw	s4,4(a5)
     f6c:	ccbd                	beqz	s1,fea <_ZN14_MOTOR_CONTROL10set_motionE20filament_motion_enumyy+0x506>
     f6e:	00000793          	li	a5,0
     f72:	cc3c                	sw	a5,88(s0)
     f74:	cc7c                	sw	a5,92(s0)
     f76:	dc3c                	sw	a5,120(s0)
     f78:	dc7c                	sw	a5,124(s0)
     f7a:	ffc48793          	addi	a5,s1,-4
     f7e:	4705                	li	a4,1
     f80:	f2f768e3          	bltu	a4,a5,eb0 <_ZN14_MOTOR_CONTROL10set_motionE20filament_motion_enumyy+0x3cc>
     f84:	4058                	lw	a4,4(s0)
     f86:	200007b7          	lui	a5,0x20000
     f8a:	14078793          	addi	a5,a5,320 # 20000140 <_ZL13MC_PULL_pct_f>
     f8e:	070a                	slli	a4,a4,0x2
     f90:	97ba                	add	a5,a5,a4
     f92:	0007a983          	lw	s3,0(a5)
     f96:	00000593          	li	a1,0
     f9a:	854e                	mv	a0,s3
     f9c:	05d090ef          	jal	ra,a7f8 <__lesf2>
     fa0:	f00543e3          	bltz	a0,ea6 <_ZN14_MOTOR_CONTROL10set_motionE20filament_motion_enumyy+0x3c2>
     fa4:	8581aa03          	lw	s4,-1960(gp) # 200001e8 <_ZL7g_scale+0x28>
     fa8:	854e                	mv	a0,s3
     faa:	85d2                	mv	a1,s4
     fac:	7b6090ef          	jal	ra,a762 <__gesf2>
     fb0:	eea04ee3          	bgtz	a0,eac <_ZN14_MOTOR_CONTROL10set_motionE20filament_motion_enumyy+0x3c8>
     fb4:	01342c23          	sw	s3,24(s0)
     fb8:	00040e23          	sb	zero,28(s0)
     fbc:	4799                	li	a5,6
     fbe:	ecf911e3          	bne	s2,a5,e80 <_ZN14_MOTOR_CONTROL10set_motionE20filament_motion_enumyy+0x39c>
     fc2:	8a41a783          	lw	a5,-1884(gp) # 20000234 <_ZL7g_scale+0x74>
     fc6:	4801                	li	a6,0
     fc8:	00040e23          	sb	zero,28(s0)
     fcc:	cc1c                	sw	a5,24(s0)
     fce:	d01c                	sw	a5,32(s0)
     fd0:	4781                	li	a5,0
     fd2:	d41c                	sw	a5,40(s0)
     fd4:	03042623          	sw	a6,44(s0)
     fd8:	bb51                	j	d6c <_ZN14_MOTOR_CONTROL10set_motionE20filament_motion_enumyy+0x288>
     fda:	4719                	li	a4,6
     fdc:	e4e916e3          	bne	s2,a4,e28 <_ZN14_MOTOR_CONTROL10set_motionE20filament_motion_enumyy+0x344>
     fe0:	963e                	add	a2,a2,a5
     fe2:	01362023          	sw	s3,0(a2)
     fe6:	01462223          	sw	s4,4(a2)
     fea:	200027b7          	lui	a5,0x20002
     fee:	d4878793          	addi	a5,a5,-696 # 20001d48 <_ZL21g_last_on_use_exit_ms>
     ff2:	068e                	slli	a3,a3,0x3
     ff4:	96be                	add	a3,a3,a5
     ff6:	4781                	li	a5,0
     ff8:	4801                	li	a6,0
     ffa:	c29c                	sw	a5,0(a3)
     ffc:	00000793          	li	a5,0
    1000:	0106a223          	sw	a6,4(a3)
    1004:	08040a23          	sb	zero,148(s0)
    1008:	cc3c                	sw	a5,88(s0)
    100a:	cc7c                	sw	a5,92(s0)
    100c:	dc3c                	sw	a5,120(s0)
    100e:	dc7c                	sw	a5,124(s0)
    1010:	4919                	li	s2,6
    1012:	b9a5                	j	c8a <_ZN14_MOTOR_CONTROL10set_motionE20filament_motion_enumyy+0x1a6>

00001014 <_Z22Motion_control_set_PWMhi>:
    1014:	02b05463          	blez	a1,103c <_Z22Motion_control_set_PWMhi+0x28>
    1018:	01059693          	slli	a3,a1,0x10
    101c:	82c1                	srli	a3,a3,0x10
    101e:	4781                	li	a5,0
    1020:	4709                	li	a4,2
    1022:	04e50263          	beq	a0,a4,1066 <_Z22Motion_control_set_PWMhi+0x52>
    1026:	02a76863          	bltu	a4,a0,1056 <_Z22Motion_control_set_PWMhi+0x42>
    102a:	40001737          	lui	a4,0x40001
    102e:	80070713          	addi	a4,a4,-2048 # 40000800 <__freertos_irq_stack_top+0x1fffb800>
    1032:	e51d                	bnez	a0,1060 <_Z22Motion_control_set_PWMhi+0x4c>
    1034:	bf56                	sh	a3,60(a4)
    1036:	04f71023          	sh	a5,64(a4)
    103a:	8082                	ret
    103c:	c981                	beqz	a1,104c <_Z22Motion_control_set_PWMhi+0x38>
    103e:	40b005b3          	neg	a1,a1
    1042:	01059793          	slli	a5,a1,0x10
    1046:	83c1                	srli	a5,a5,0x10
    1048:	4681                	li	a3,0
    104a:	bfd9                	j	1020 <_Z22Motion_control_set_PWMhi+0xc>
    104c:	3e800793          	li	a5,1000
    1050:	3e800693          	li	a3,1000
    1054:	b7f1                	j	1020 <_Z22Motion_control_set_PWMhi+0xc>
    1056:	470d                	li	a4,3
    1058:	fee511e3          	bne	a0,a4,103a <_Z22Motion_control_set_PWMhi+0x26>
    105c:	40000737          	lui	a4,0x40000
    1060:	bb56                	sh	a3,52(a4)
    1062:	bf1e                	sh	a5,56(a4)
    1064:	8082                	ret
    1066:	40000737          	lui	a4,0x40000
    106a:	42d71a23          	sh	a3,1076(a4) # 40000434 <__freertos_irq_stack_top+0x1fffb434>
    106e:	42f71c23          	sh	a5,1080(a4)
    1072:	8082                	ret

00001074 <_Z18bus_uart1_dma_sendPht>:
    1074:	200007b7          	lui	a5,0x20000
    1078:	6605                	lui	a2,0x1
    107a:	4bc78793          	addi	a5,a5,1212 # 200004bc <bus_port_to_host>
    107e:	97b2                	add	a5,a5,a2
    1080:	4297c703          	lbu	a4,1065(a5)
    1084:	c331                	beqz	a4,10c8 <_Z18bus_uart1_dma_sendPht+0x54>
    1086:	420784a3          	sb	zero,1065(a5)
    108a:	400207b7          	lui	a5,0x40020
    108e:	43f8                	lw	a4,68(a5)
    1090:	66c1                	lui	a3,0x10
    1092:	16f9                	addi	a3,a3,-2 # fffe <MC_PULL_calibration.cpp.a99f3330+0x113e>
    1094:	8f75                	and	a4,a4,a3
    1096:	c3f8                	sw	a4,68(a5)
    1098:	cba8                	sw	a0,80(a5)
    109a:	40011737          	lui	a4,0x40011
    109e:	c7ac                	sw	a1,72(a5)
    10a0:	80070713          	addi	a4,a4,-2048 # 40010800 <__freertos_irq_stack_top+0x2000b800>
    10a4:	cb10                	sw	a2,16(a4)
    10a6:	40014737          	lui	a4,0x40014
    10aa:	fbf00613          	li	a2,-65
    10ae:	80c71023          	sh	a2,-2048(a4) # 40013800 <__freertos_irq_stack_top+0x2000e800>
    10b2:	80070693          	addi	a3,a4,-2048
    10b6:	81475703          	lhu	a4,-2028(a4)
    10ba:	08076713          	ori	a4,a4,128
    10be:	aada                	sh	a4,20(a3)
    10c0:	43f8                	lw	a4,68(a5)
    10c2:	00176713          	ori	a4,a4,1
    10c6:	c3f8                	sw	a4,68(a5)
    10c8:	8082                	ret

000010ca <_Z22get_filament_left_charPK4_ams>:
    10ca:	03450793          	addi	a5,a0,52
    10ce:	4701                	li	a4,0
    10d0:	4501                	li	a0,0
    10d2:	4605                	li	a2,1
    10d4:	4589                	li	a1,2
    10d6:	46a1                	li	a3,8
    10d8:	0007c803          	lbu	a6,0(a5) # 40020000 <__freertos_irq_stack_top+0x2001b000>
    10dc:	02080263          	beqz	a6,1100 <_Z22get_filament_left_charPK4_ams+0x36>
    10e0:	00e61833          	sll	a6,a2,a4
    10e4:	01056533          	or	a0,a0,a6
    10e8:	0017c803          	lbu	a6,1(a5)
    10ec:	0ff57513          	zext.b	a0,a0
    10f0:	00080863          	beqz	a6,1100 <_Z22get_filament_left_charPK4_ams+0x36>
    10f4:	00e59833          	sll	a6,a1,a4
    10f8:	01056533          	or	a0,a0,a6
    10fc:	0ff57513          	zext.b	a0,a0
    1100:	0709                	addi	a4,a4,2
    1102:	04078793          	addi	a5,a5,64
    1106:	fcd719e3          	bne	a4,a3,10d8 <_Z22get_filament_left_charPK4_ams+0xe>
    110a:	8082                	ret

0000110c <bus_crc8>:
    110c:	66b1                	lui	a3,0xc
    110e:	862a                	mv	a2,a0
    1110:	4701                	li	a4,0
    1112:	06600513          	li	a0,102
    1116:	b2c68693          	addi	a3,a3,-1236 # bb2c <g_crc8_tbl>
    111a:	00e607b3          	add	a5,a2,a4
    111e:	239c                	lbu	a5,0(a5)
    1120:	0705                	addi	a4,a4,1
    1122:	8fa9                	xor	a5,a5,a0
    1124:	97b6                	add	a5,a5,a3
    1126:	2388                	lbu	a0,0(a5)
    1128:	fee599e3          	bne	a1,a4,111a <bus_crc8+0xe>
    112c:	8082                	ret

0000112e <_Z22ahubus_package_add_crcPh>:
    112e:	c131                	beqz	a0,1172 <_Z22ahubus_package_add_crcPh+0x44>
    1130:	826ff2ef          	jal	t0,156 <__riscv_save_0>
    1134:	2124                	lbu	s1,2(a0)
    1136:	458d                	li	a1,3
    1138:	842a                	mv	s0,a0
    113a:	3fc9                	jal	110c <bus_crc8>
    113c:	400237b7          	lui	a5,0x40023
    1140:	b028                	sb	a0,3(s0)
    1142:	4705                	li	a4,1
    1144:	c798                	sw	a4,8(a5)
    1146:	00248913          	addi	s2,s1,2
    114a:	4781                	li	a5,0
    114c:	400236b7          	lui	a3,0x40023
    1150:	00279713          	slli	a4,a5,0x2
    1154:	9722                	add	a4,a4,s0
    1156:	4318                	lw	a4,0(a4)
    1158:	0785                	addi	a5,a5,1 # 40023001 <__freertos_irq_stack_top+0x2001e001>
    115a:	c298                	sw	a4,0(a3)
    115c:	ff27eae3          	bltu	a5,s2,1150 <_Z22ahubus_package_add_crcPh+0x22>
    1160:	429c                	lw	a5,0(a3)
    1162:	090a                	slli	s2,s2,0x2
    1164:	944a                	add	s0,s0,s2
    1166:	00348513          	addi	a0,s1,3
    116a:	c01c                	sw	a5,0(s0)
    116c:	050a                	slli	a0,a0,0x2
    116e:	80cff06f          	j	17a <__riscv_restore_0>
    1172:	4501                	li	a0,0
    1174:	8082                	ret

00001176 <_Z15package_add_crcPhi>:
    1176:	fe1fe2ef          	jal	t0,156 <__riscv_save_0>
    117a:	00150783          	lb	a5,1(a0)
    117e:	842a                	mv	s0,a0
    1180:	84ae                	mv	s1,a1
    1182:	ffe58913          	addi	s2,a1,-2
    1186:	0407d563          	bgez	a5,11d0 <_Z15package_add_crcPhi+0x5a>
    118a:	458d                	li	a1,3
    118c:	3741                	jal	110c <bus_crc8>
    118e:	b028                	sb	a0,3(s0)
    1190:	67a5                	lui	a5,0x9
    1192:	6631                	lui	a2,0xc
    1194:	4681                	li	a3,0
    1196:	13d78793          	addi	a5,a5,317 # 913d <__udivdi3+0xc7>
    119a:	c2c60613          	addi	a2,a2,-980 # bc2c <g_crc16_tbl>
    119e:	00d405b3          	add	a1,s0,a3
    11a2:	218c                	lbu	a1,0(a1)
    11a4:	0087d713          	srli	a4,a5,0x8
    11a8:	07a2                	slli	a5,a5,0x8
    11aa:	8f2d                	xor	a4,a4,a1
    11ac:	0706                	slli	a4,a4,0x1
    11ae:	9732                	add	a4,a4,a2
    11b0:	231a                	lhu	a4,0(a4)
    11b2:	07c2                	slli	a5,a5,0x10
    11b4:	83c1                	srli	a5,a5,0x10
    11b6:	0685                	addi	a3,a3,1 # 40023001 <__freertos_irq_stack_top+0x2001e001>
    11b8:	8fb9                	xor	a5,a5,a4
    11ba:	ff26e2e3          	bltu	a3,s2,119e <_Z15package_add_crcPhi+0x28>
    11be:	9922                	add	s2,s2,s0
    11c0:	00f90023          	sb	a5,0(s2)
    11c4:	9426                	add	s0,s0,s1
    11c6:	83a1                	srli	a5,a5,0x8
    11c8:	fef40fa3          	sb	a5,-1(s0)
    11cc:	faffe06f          	j	17a <__riscv_restore_0>
    11d0:	4599                	li	a1,6
    11d2:	3f2d                	jal	110c <bus_crc8>
    11d4:	a068                	sb	a0,6(s0)
    11d6:	bf6d                	j	1190 <_Z15package_add_crcPhi+0x1a>

000011d8 <delay.part.0>:
    11d8:	82c1a703          	lw	a4,-2004(gp) # 200001bc <time_hw_tpms>
    11dc:	02e507b3          	mul	a5,a0,a4
    11e0:	02e53533          	mulhu	a0,a0,a4
    11e4:	e119                	bnez	a0,11ea <delay.part.0+0x12>
    11e6:	e399                	bnez	a5,11ec <delay.part.0+0x14>
    11e8:	8082                	ret
    11ea:	57fd                	li	a5,-1
    11ec:	e000f737          	lui	a4,0xe000f
    11f0:	4714                	lw	a3,8(a4)
    11f2:	e000f637          	lui	a2,0xe000f
    11f6:	4618                	lw	a4,8(a2)
    11f8:	8f15                	sub	a4,a4,a3
    11fa:	00f76363          	bltu	a4,a5,1200 <delay.part.0+0x28>
    11fe:	8082                	ret
    1200:	0001                	nop
    1202:	bfd5                	j	11f6 <delay.part.0+0x1e>

00001204 <delay>:
    1204:	c111                	beqz	a0,1208 <delay+0x4>
    1206:	bfc9                	j	11d8 <delay.part.0>
    1208:	8082                	ret

0000120a <_Z17ADC_DMA_wait_fullv>:
    120a:	f33fe2ef          	jal	t0,13c <__riscv_save_4>
    120e:	e000f7b7          	lui	a5,0xe000f
    1212:	0087a983          	lw	s3,8(a5) # e000f008 <__freertos_irq_stack_top+0xc000a008>
    1216:	82c1a403          	lw	s0,-2004(gp) # 200001bc <time_hw_tpms>
    121a:	c809                	beqz	s0,122c <_Z17ADC_DMA_wait_fullv+0x22>
    121c:	7d000793          	li	a5,2000
    1220:	02f43733          	mulhu	a4,s0,a5
    1224:	02f40433          	mul	s0,s0,a5
    1228:	c311                	beqz	a4,122c <_Z17ADC_DMA_wait_fullv+0x22>
    122a:	547d                	li	s0,-1
    122c:	448d                	li	s1,3
    122e:	e000fa37          	lui	s4,0xe000f
    1232:	aa71c783          	lbu	a5,-1369(gp) # 20000437 <_ZL15g_blocks_filled>
    1236:	00f4f463          	bgeu	s1,a5,123e <_Z17ADC_DMA_wait_fullv+0x34>
    123a:	f37fe06f          	j	170 <__riscv_restore_4>
    123e:	8faff0ef          	jal	ra,338 <_Z12ADC_DMA_pollv>
    1242:	008a2783          	lw	a5,8(s4) # e000f008 <__freertos_irq_stack_top+0xc000a008>
    1246:	413787b3          	sub	a5,a5,s3
    124a:	fef468e3          	bltu	s0,a5,123a <_Z17ADC_DMA_wait_fullv+0x30>
    124e:	4505                	li	a0,1
    1250:	3761                	jal	11d8 <delay.part.0>
    1252:	b7c5                	j	1232 <_Z17ADC_DMA_wait_fullv+0x28>

00001254 <_Z35ams_datas_set_need_to_save_filamenth>:
    1254:	478d                	li	a5,3
    1256:	00a7ea63          	bltu	a5,a0,126a <_Z35ams_datas_set_need_to_save_filamenth+0x16>
    125a:	4785                	li	a5,1
    125c:	00a79533          	sll	a0,a5,a0
    1260:	a1c1c783          	lbu	a5,-1508(gp) # 200003ac <_ZL11g_fil_dirty>
    1264:	8d5d                	or	a0,a0,a5
    1266:	a0a18e23          	sb	a0,-1508(gp) # 200003ac <_ZL11g_fil_dirty>
    126a:	8082                	ret

0000126c <_Z22ams_state_set_unloadedh>:
    126c:	8141c703          	lbu	a4,-2028(gp) # 200001a4 <_ZL11g_loaded_ch>
    1270:	0ff00693          	li	a3,255
    1274:	00d70d63          	beq	a4,a3,128e <_Z22ams_state_set_unloadedh+0x22>
    1278:	468d                	li	a3,3
    127a:	00a6e463          	bltu	a3,a0,1282 <_Z22ams_state_set_unloadedh+0x16>
    127e:	00a71863          	bne	a4,a0,128e <_Z22ams_state_set_unloadedh+0x22>
    1282:	577d                	li	a4,-1
    1284:	80e18a23          	sb	a4,-2028(gp) # 200001a4 <_ZL11g_loaded_ch>
    1288:	4705                	li	a4,1
    128a:	a2e18223          	sb	a4,-1500(gp) # 200003b4 <_ZL13g_state_dirty>
    128e:	8082                	ret

00001290 <_Z10set_motionhhhh.part.0>:
    1290:	ec7fe2ef          	jal	t0,156 <__riscv_save_0>
    1294:	468d                	li	a3,3
    1296:	3ea6ec63          	bltu	a3,a0,168e <_Z10set_motionhhhh.part.0+0x3fe>
    129a:	8141c703          	lbu	a4,-2028(gp) # 200001a4 <_ZL11g_loaded_ch>
    129e:	08d59263          	bne	a1,a3,1322 <_Z10set_motionhhhh.part.0+0x92>
    12a2:	4681                	li	a3,0
    12a4:	ea69                	bnez	a2,1376 <_Z10set_motionhhhh.part.0+0xe6>
    12a6:	0ff00793          	li	a5,255
    12aa:	4685                	li	a3,1
    12ac:	4cf71163          	bne	a4,a5,176e <_Z10set_motionhhhh.part.0+0x4de>
    12b0:	20002837          	lui	a6,0x20002
    12b4:	d9080813          	addi	a6,a6,-624 # 20001d90 <ams>
    12b8:	10484783          	lbu	a5,260(a6)
    12bc:	00f50763          	beq	a0,a5,12ca <_Z10set_motionhhhh.part.0+0x3a>
    12c0:	488d                	li	a7,3
    12c2:	30f8f063          	bgeu	a7,a5,15c2 <_Z10set_motionhhhh.part.0+0x332>
    12c6:	10a80223          	sb	a0,260(a6)
    12ca:	00251693          	slli	a3,a0,0x2
    12ce:	b1c18793          	addi	a5,gp,-1252 # 200004ac <_ZL24time_sendout_onuse_ticks>
    12d2:	97b6                	add	a5,a5,a3
    12d4:	20002437          	lui	s0,0x20002
    12d8:	0007a023          	sw	zero,0(a5)
    12dc:	a2018323          	sb	zero,-1498(gp) # 200003b6 <_ZL12count_on_use>
    12e0:	00651493          	slli	s1,a0,0x6
    12e4:	d9040793          	addi	a5,s0,-624 # 20001d90 <ams>
    12e8:	97a6                	add	a5,a5,s1
    12ea:	0357c683          	lbu	a3,53(a5)
    12ee:	4785                	li	a5,1
    12f0:	d9040413          	addi	s0,s0,-624
    12f4:	00f68963          	beq	a3,a5,1306 <_Z10set_motionhhhh.part.0+0x76>
    12f8:	0ff00793          	li	a5,255
    12fc:	00f70563          	beq	a4,a5,1306 <_Z10set_motionhhhh.part.0+0x76>
    1300:	0ff00513          	li	a0,255
    1304:	37a5                	jal	126c <_Z22ams_state_set_unloadedh>
    1306:	4785                	li	a5,1
    1308:	00940533          	add	a0,s0,s1
    130c:	02f50aa3          	sb	a5,53(a0)
    1310:	4789                	li	a5,2
    1312:	10f406a3          	sb	a5,269(s0)
    1316:	6791                	lui	a5,0x4
    1318:	70078793          	addi	a5,a5,1792 # 4700 <_ZL16motor_motion_runiym+0x2220>
    131c:	10f41723          	sh	a5,270(s0)
    1320:	a051                	j	13a4 <_Z10set_motionhhhh.part.0+0x114>
    1322:	47a5                	li	a5,9
    1324:	06f59963          	bne	a1,a5,1396 <_Z10set_motionhhhh.part.0+0x106>
    1328:	07f00793          	li	a5,127
    132c:	02f61d63          	bne	a2,a5,1366 <_Z10set_motionhhhh.part.0+0xd6>
    1330:	0ff00793          	li	a5,255
    1334:	44f71263          	bne	a4,a5,1778 <_Z10set_motionhhhh.part.0+0x4e8>
    1338:	200026b7          	lui	a3,0x20002
    133c:	d9068693          	addi	a3,a3,-624 # 20001d90 <ams>
    1340:	1046c783          	lbu	a5,260(a3)
    1344:	00f50763          	beq	a0,a5,1352 <_Z10set_motionhhhh.part.0+0xc2>
    1348:	480d                	li	a6,3
    134a:	1af87f63          	bgeu	a6,a5,1508 <_Z10set_motionhhhh.part.0+0x278>
    134e:	10a68223          	sb	a0,260(a3)
    1352:	00251693          	slli	a3,a0,0x2
    1356:	b1c18793          	addi	a5,gp,-1252 # 200004ac <_ZL24time_sendout_onuse_ticks>
    135a:	97b6                	add	a5,a5,a3
    135c:	0007a023          	sw	zero,0(a5)
    1360:	a2018323          	sb	zero,-1498(gp) # 200003b6 <_ZL12count_on_use>
    1364:	aae5                	j	155c <_Z10set_motionhhhh.part.0+0x2cc>
    1366:	0a500793          	li	a5,165
    136a:	fcf603e3          	beq	a2,a5,1330 <_Z10set_motionhhhh.part.0+0xa0>
    136e:	fc160693          	addi	a3,a2,-63 # e000efc1 <__freertos_irq_stack_top+0xc0009fc1>
    1372:	0016b693          	seqz	a3,a3
    1376:	0ff00793          	li	a5,255
    137a:	44f71263          	bne	a4,a5,17be <_Z10set_motionhhhh.part.0+0x52e>
    137e:	14069463          	bnez	a3,14c6 <_Z10set_motionhhhh.part.0+0x236>
    1382:	47a5                	li	a5,9
    1384:	02f59063          	bne	a1,a5,13a4 <_Z10set_motionhhhh.part.0+0x114>
    1388:	050a                	slli	a0,a0,0x2
    138a:	b1c18793          	addi	a5,gp,-1252 # 200004ac <_ZL24time_sendout_onuse_ticks>
    138e:	97aa                	add	a5,a5,a0
    1390:	0007a023          	sw	zero,0(a5)
    1394:	a0b9                	j	13e2 <_Z10set_motionhhhh.part.0+0x152>
    1396:	479d                	li	a5,7
    1398:	00f58963          	beq	a1,a5,13aa <_Z10set_motionhhhh.part.0+0x11a>
    139c:	0ff00793          	li	a5,255
    13a0:	fef711e3          	bne	a4,a5,1382 <_Z10set_motionhhhh.part.0+0xf2>
    13a4:	4505                	li	a0,1
    13a6:	dd5fe06f          	j	17a <__riscv_restore_0>
    13aa:	0ff00793          	li	a5,255
    13ae:	ee1d                	bnez	a2,13ec <_Z10set_motionhhhh.part.0+0x15c>
    13b0:	3ef71463          	bne	a4,a5,1798 <_Z10set_motionhhhh.part.0+0x508>
    13b4:	00251693          	slli	a3,a0,0x2
    13b8:	b1c18793          	addi	a5,gp,-1252 # 200004ac <_ZL24time_sendout_onuse_ticks>
    13bc:	97b6                	add	a5,a5,a3
    13be:	0007a023          	sw	zero,0(a5)
    13c2:	fee511e3          	bne	a0,a4,13a4 <_Z10set_motionhhhh.part.0+0x114>
    13c6:	200027b7          	lui	a5,0x20002
    13ca:	d9078793          	addi	a5,a5,-624 # 20001d90 <ams>
    13ce:	051a                	slli	a0,a0,0x6
    13d0:	953e                	add	a0,a0,a5
    13d2:	03554703          	lbu	a4,53(a0)
    13d6:	4689                	li	a3,2
    13d8:	20d70d63          	beq	a4,a3,15f2 <_Z10set_motionhhhh.part.0+0x362>
    13dc:	4695                	li	a3,5
    13de:	22d70663          	beq	a4,a3,160a <_Z10set_motionhhhh.part.0+0x37a>
    13e2:	200027b7          	lui	a5,0x20002
    13e6:	d9078793          	addi	a5,a5,-624 # 20001d90 <ams>
    13ea:	a439                	j	15f8 <_Z10set_motionhhhh.part.0+0x368>
    13ec:	3cf71e63          	bne	a4,a5,17c8 <_Z10set_motionhhhh.part.0+0x538>
    13f0:	07f00793          	li	a5,127
    13f4:	faf618e3          	bne	a2,a5,13a4 <_Z10set_motionhhhh.part.0+0x114>
    13f8:	200027b7          	lui	a5,0x20002
    13fc:	e947c783          	lbu	a5,-364(a5) # 20001e94 <ams+0x104>
    1400:	00f50963          	beq	a0,a5,1412 <_Z10set_motionhhhh.part.0+0x182>
    1404:	468d                	li	a3,3
    1406:	1af6fa63          	bgeu	a3,a5,15ba <_Z10set_motionhhhh.part.0+0x32a>
    140a:	200027b7          	lui	a5,0x20002
    140e:	e8a78a23          	sb	a0,-364(a5) # 20001e94 <ams+0x104>
    1412:	200027b7          	lui	a5,0x20002
    1416:	d9078613          	addi	a2,a5,-624 # 20001d90 <ams>
    141a:	00651e13          	slli	t3,a0,0x6
    141e:	9672                	add	a2,a2,t3
    1420:	03564603          	lbu	a2,53(a2)
    1424:	4685                	li	a3,1
    1426:	d9078793          	addi	a5,a5,-624
    142a:	02d61f63          	bne	a2,a3,1468 <_Z10set_motionhhhh.part.0+0x1d8>
    142e:	82c1a603          	lw	a2,-2004(gp) # 200001bc <time_hw_tpms>
    1432:	da45                	beqz	a2,13e2 <_Z10set_motionhhhh.part.0+0x152>
    1434:	e000f6b7          	lui	a3,0xe000f
    1438:	468c                	lw	a1,8(a3)
    143a:	b1c18813          	addi	a6,gp,-1252 # 200004ac <_ZL24time_sendout_onuse_ticks>
    143e:	00251893          	slli	a7,a0,0x2
    1442:	9846                	add	a6,a6,a7
    1444:	00082e83          	lw	t4,0(a6)
    1448:	b1c18693          	addi	a3,gp,-1252 # 200004ac <_ZL24time_sendout_onuse_ticks>
    144c:	000e9463          	bnez	t4,1454 <_Z10set_motionhhhh.part.0+0x1c4>
    1450:	00b82023          	sw	a1,0(a6)
    1454:	6811                	lui	a6,0x4
    1456:	a9880813          	addi	a6,a6,-1384 # 3a98 <_ZL16motor_motion_runiym+0x15b8>
    145a:	03060633          	mul	a2,a2,a6
    145e:	96c6                	add	a3,a3,a7
    1460:	4294                	lw	a3,0(a3)
    1462:	8d95                	sub	a1,a1,a3
    1464:	f6c5efe3          	bltu	a1,a2,13e2 <_Z10set_motionhhhh.part.0+0x152>
    1468:	00251613          	slli	a2,a0,0x2
    146c:	b1c18693          	addi	a3,gp,-1252 # 200004ac <_ZL24time_sendout_onuse_ticks>
    1470:	96b2                	add	a3,a3,a2
    1472:	0006a023          	sw	zero,0(a3) # e000f000 <__freertos_irq_stack_top+0xc000a000>
    1476:	4609                	li	a2,2
    1478:	01c786b3          	add	a3,a5,t3
    147c:	02c68aa3          	sb	a2,53(a3)
    1480:	4691                	li	a3,4
    1482:	10e7d603          	lhu	a2,270(a5)
    1486:	10d786a3          	sb	a3,269(a5)
    148a:	66bd                	lui	a3,0xf
    148c:	06f68693          	addi	a3,a3,111 # f06f <MC_PULL_calibration.cpp.a99f3330+0x1af>
    1490:	00d60763          	beq	a2,a3,149e <_Z10set_motionhhhh.part.0+0x20e>
    1494:	668d                	lui	a3,0x3
    1496:	b0068693          	addi	a3,a3,-1280 # 2b00 <_ZL16motor_motion_runiym+0x620>
    149a:	10d79723          	sh	a3,270(a5)
    149e:	a251c603          	lbu	a2,-1499(gp) # 200003b5 <_ZL30last_before_on_use_motion_flag>
    14a2:	07f00693          	li	a3,127
    14a6:	0ed61a63          	bne	a2,a3,159a <_Z10set_motionhhhh.part.0+0x30a>
    14aa:	a261c683          	lbu	a3,-1498(gp) # 200003b6 <_ZL12count_on_use>
    14ae:	4591                	li	a1,4
    14b0:	0ed5e563          	bltu	a1,a3,159a <_Z10set_motionhhhh.part.0+0x30a>
    14b4:	0685                	addi	a3,a3,1
    14b6:	a2d18323          	sb	a3,-1498(gp) # 200003b6 <_ZL12count_on_use>
    14ba:	6689                	lui	a3,0x2
    14bc:	e3468693          	addi	a3,a3,-460 # 1e34 <_ZN14_MOTOR_CONTROL9hold_loadEffR9MOTOR_PIDRfRhS2_RbS2_S4_.constprop.0.isra.0+0x18>
    14c0:	10d79723          	sh	a3,270(a5)
    14c4:	a8d9                	j	159a <_Z10set_motionhhhh.part.0+0x30a>
    14c6:	b1c18813          	addi	a6,gp,-1252 # 200004ac <_ZL24time_sendout_onuse_ticks>
    14ca:	00e50c63          	beq	a0,a4,14e2 <_Z10set_motionhhhh.part.0+0x252>
    14ce:	050a                	slli	a0,a0,0x2
    14d0:	982a                	add	a6,a6,a0
    14d2:	00082023          	sw	zero,0(a6)
    14d6:	b5f9                	j	13a4 <_Z10set_motionhhhh.part.0+0x114>
    14d8:	0cf6fb63          	bgeu	a3,a5,15ae <_Z10set_motionhhhh.part.0+0x31e>
    14dc:	10a80223          	sb	a0,260(a6)
    14e0:	a4f9                	j	17ae <_Z10set_motionhhhh.part.0+0x51e>
    14e2:	200028b7          	lui	a7,0x20002
    14e6:	d9088893          	addi	a7,a7,-624 # 20001d90 <ams>
    14ea:	1048c783          	lbu	a5,260(a7)
    14ee:	00f50763          	beq	a0,a5,14fc <_Z10set_motionhhhh.part.0+0x26c>
    14f2:	4e0d                	li	t3,3
    14f4:	0cfe7d63          	bgeu	t3,a5,15ce <_Z10set_motionhhhh.part.0+0x33e>
    14f8:	10a88223          	sb	a0,260(a7)
    14fc:	00251793          	slli	a5,a0,0x2
    1500:	983e                	add	a6,a6,a5
    1502:	00082023          	sw	zero,0(a6)
    1506:	a291                	j	164a <_Z10set_motionhhhh.part.0+0x3ba>
    1508:	4f01                	li	t5,0
    150a:	4e81                	li	t4,0
    150c:	4f85                	li	t6,1
    150e:	4281                	li	t0,0
    1510:	4e01                	li	t3,0
    1512:	4685                	li	a3,1
    1514:	200028b7          	lui	a7,0x20002
    1518:	d9088893          	addi	a7,a7,-624 # 20001d90 <ams>
    151c:	00679813          	slli	a6,a5,0x6
    1520:	9846                	add	a6,a6,a7
    1522:	02080aa3          	sb	zero,53(a6)
    1526:	9c600813          	li	a6,-1594
    152a:	11089723          	sh	a6,270(a7)
    152e:	b1c18813          	addi	a6,gp,-1252 # 200004ac <_ZL24time_sendout_onuse_ticks>
    1532:	078a                	slli	a5,a5,0x2
    1534:	97c2                	add	a5,a5,a6
    1536:	100886a3          	sb	zero,269(a7)
    153a:	0007a023          	sw	zero,0(a5)
    153e:	10a88223          	sb	a0,260(a7)
    1542:	d80294e3          	bnez	t0,12ca <_Z10set_motionhhhh.part.0+0x3a>
    1546:	080f8f63          	beqz	t6,15e4 <_Z10set_motionhhhh.part.0+0x354>
    154a:	00251793          	slli	a5,a0,0x2
    154e:	983e                	add	a6,a6,a5
    1550:	00082023          	sw	zero,0(a6)
    1554:	a2018323          	sb	zero,-1498(gp) # 200003b6 <_ZL12count_on_use>
    1558:	e40686e3          	beqz	a3,13a4 <_Z10set_motionhhhh.part.0+0x114>
    155c:	a2c182a3          	sb	a2,-1499(gp) # 200003b5 <_ZL30last_before_on_use_motion_flag>
    1560:	200026b7          	lui	a3,0x20002
    1564:	07f00793          	li	a5,127
    1568:	d9068693          	addi	a3,a3,-624 # 20001d90 <ams>
    156c:	00651593          	slli	a1,a0,0x6
    1570:	06f60663          	beq	a2,a5,15dc <_Z10set_motionhhhh.part.0+0x34c>
    1574:	00b687b3          	add	a5,a3,a1
    1578:	0357c603          	lbu	a2,53(a5)
    157c:	4785                	li	a5,1
    157e:	04f61b63          	bne	a2,a5,15d4 <_Z10set_motionhhhh.part.0+0x344>
    1582:	6791                	lui	a5,0x4
    1584:	70078793          	addi	a5,a5,1792 # 4700 <_ZL16motor_motion_runiym+0x2220>
    1588:	4615                	li	a2,5
    158a:	95b6                	add	a1,a1,a3
    158c:	02c58aa3          	sb	a2,53(a1)
    1590:	4611                	li	a2,4
    1592:	10c686a3          	sb	a2,269(a3)
    1596:	10f69723          	sh	a5,270(a3)
    159a:	0ff00793          	li	a5,255
    159e:	e0f713e3          	bne	a4,a5,13a4 <_Z10set_motionhhhh.part.0+0x114>
    15a2:	4705                	li	a4,1
    15a4:	80a18a23          	sb	a0,-2028(gp) # 200001a4 <_ZL11g_loaded_ch>
    15a8:	a2e18223          	sb	a4,-1500(gp) # 200003b4 <_ZL13g_state_dirty>
    15ac:	bbe5                	j	13a4 <_Z10set_motionhhhh.part.0+0x114>
    15ae:	4e01                	li	t3,0
    15b0:	4685                	li	a3,1
    15b2:	4e81                	li	t4,0
    15b4:	4f81                	li	t6,0
    15b6:	4281                	li	t0,0
    15b8:	bfb1                	j	1514 <_Z10set_motionhhhh.part.0+0x284>
    15ba:	4f01                	li	t5,0
    15bc:	4e85                	li	t4,1
    15be:	4f81                	li	t6,0
    15c0:	b7b9                	j	150e <_Z10set_motionhhhh.part.0+0x27e>
    15c2:	4f01                	li	t5,0
    15c4:	4e81                	li	t4,0
    15c6:	4f81                	li	t6,0
    15c8:	4285                	li	t0,1
    15ca:	4e01                	li	t3,0
    15cc:	b7a1                	j	1514 <_Z10set_motionhhhh.part.0+0x284>
    15ce:	8e36                	mv	t3,a3
    15d0:	4f01                	li	t5,0
    15d2:	b7c5                	j	15b2 <_Z10set_motionhhhh.part.0+0x322>
    15d4:	678d                	lui	a5,0x3
    15d6:	b0078793          	addi	a5,a5,-1280 # 2b00 <_ZL16motor_motion_runiym+0x620>
    15da:	b77d                	j	1588 <_Z10set_motionhhhh.part.0+0x2f8>
    15dc:	6789                	lui	a5,0x2
    15de:	e3478793          	addi	a5,a5,-460 # 1e34 <_ZN14_MOTOR_CONTROL9hold_loadEffR9MOTOR_PIDRfRhS2_RbS2_S4_.constprop.0.isra.0+0x18>
    15e2:	b75d                	j	1588 <_Z10set_motionhhhh.part.0+0x2f8>
    15e4:	dc0f18e3          	bnez	t5,13b4 <_Z10set_motionhhhh.part.0+0x124>
    15e8:	040e8663          	beqz	t4,1634 <_Z10set_motionhhhh.part.0+0x3a4>
    15ec:	e20693e3          	bnez	a3,1412 <_Z10set_motionhhhh.part.0+0x182>
    15f0:	bb55                	j	13a4 <_Z10set_motionhhhh.part.0+0x114>
    15f2:	4719                	li	a4,6
    15f4:	02e50aa3          	sb	a4,53(a0)
    15f8:	4711                	li	a4,4
    15fa:	10e786a3          	sb	a4,269(a5)
    15fe:	670d                	lui	a4,0x3
    1600:	b0070713          	addi	a4,a4,-1280 # 2b00 <_ZL16motor_motion_runiym+0x620>
    1604:	10e79723          	sh	a4,270(a5)
    1608:	bb71                	j	13a4 <_Z10set_motionhhhh.part.0+0x114>
    160a:	4719                	li	a4,6
    160c:	02e50aa3          	sb	a4,53(a0)
    1610:	4711                	li	a4,4
    1612:	10e786a3          	sb	a4,269(a5)
    1616:	670d                	lui	a4,0x3
    1618:	b0070713          	addi	a4,a4,-1280 # 2b00 <_ZL16motor_motion_runiym+0x620>
    161c:	10e79723          	sh	a4,270(a5)
    1620:	a251c683          	lbu	a3,-1499(gp) # 200003b5 <_ZL30last_before_on_use_motion_flag>
    1624:	07f00713          	li	a4,127
    1628:	d6e69ee3          	bne	a3,a4,13a4 <_Z10set_motionhhhh.part.0+0x114>
    162c:	6709                	lui	a4,0x2
    162e:	e3470713          	addi	a4,a4,-460 # 1e34 <_ZN14_MOTOR_CONTROL9hold_loadEffR9MOTOR_PIDRfRhS2_RbS2_S4_.constprop.0.isra.0+0x18>
    1632:	bfc9                	j	1604 <_Z10set_motionhhhh.part.0+0x374>
    1634:	d40e07e3          	beqz	t3,1382 <_Z10set_motionhhhh.part.0+0xf2>
    1638:	00251693          	slli	a3,a0,0x2
    163c:	b1c18793          	addi	a5,gp,-1252 # 200004ac <_ZL24time_sendout_onuse_ticks>
    1640:	97b6                	add	a5,a5,a3
    1642:	0007a023          	sw	zero,0(a5)
    1646:	d4e51fe3          	bne	a0,a4,13a4 <_Z10set_motionhhhh.part.0+0x114>
    164a:	200027b7          	lui	a5,0x20002
    164e:	d9078713          	addi	a4,a5,-624 # 20001d90 <ams>
    1652:	00651693          	slli	a3,a0,0x6
    1656:	9736                	add	a4,a4,a3
    1658:	03574703          	lbu	a4,53(a4)
    165c:	4609                	li	a2,2
    165e:	d9078793          	addi	a5,a5,-624
    1662:	00c70863          	beq	a4,a2,1672 <_Z10set_motionhhhh.part.0+0x3e2>
    1666:	176d                	addi	a4,a4,-5
    1668:	0ff77713          	zext.b	a4,a4
    166c:	4605                	li	a2,1
    166e:	00e66663          	bltu	a2,a4,167a <_Z10set_motionhhhh.part.0+0x3ea>
    1672:	96be                	add	a3,a3,a5
    1674:	470d                	li	a4,3
    1676:	02e68aa3          	sb	a4,53(a3)
    167a:	4711                	li	a4,4
    167c:	10e786a3          	sb	a4,269(a5)
    1680:	670d                	lui	a4,0x3
    1682:	b0070713          	addi	a4,a4,-1280 # 2b00 <_ZL16motor_motion_runiym+0x620>
    1686:	10e79723          	sh	a4,270(a5)
    168a:	36cd                	jal	126c <_Z22ams_state_set_unloadedh>
    168c:	bb21                	j	13a4 <_Z10set_motionhhhh.part.0+0x114>
    168e:	0ff00793          	li	a5,255
    1692:	d0f519e3          	bne	a0,a5,13a4 <_Z10set_motionhhhh.part.0+0x114>
    1696:	20002737          	lui	a4,0x20002
    169a:	d9070793          	addi	a5,a4,-624 # 20001d90 <ams>
    169e:	1047c503          	lbu	a0,260(a5)
    16a2:	d9070813          	addi	a6,a4,-624
    16a6:	04d59b63          	bne	a1,a3,16fc <_Z10set_motionhhhh.part.0+0x46c>
    16aa:	e625                	bnez	a2,1712 <_Z10set_motionhhhh.part.0+0x482>
    16ac:	cea5ece3          	bltu	a1,a0,13a4 <_Z10set_motionhhhh.part.0+0x114>
    16b0:	00651693          	slli	a3,a0,0x6
    16b4:	00d807b3          	add	a5,a6,a3
    16b8:	0357c783          	lbu	a5,53(a5)
    16bc:	00251613          	slli	a2,a0,0x2
    16c0:	b1c18713          	addi	a4,gp,-1252 # 200004ac <_ZL24time_sendout_onuse_ticks>
    16c4:	9732                	add	a4,a4,a2
    16c6:	00072023          	sw	zero,0(a4)
    16ca:	ffe78713          	addi	a4,a5,-2
    16ce:	0ff77713          	zext.b	a4,a4
    16d2:	4605                	li	a2,1
    16d4:	00e67763          	bgeu	a2,a4,16e2 <_Z10set_motionhhhh.part.0+0x452>
    16d8:	17ed                	addi	a5,a5,-5
    16da:	0ff7f793          	zext.b	a5,a5
    16de:	00f66963          	bltu	a2,a5,16f0 <_Z10set_motionhhhh.part.0+0x460>
    16e2:	4791                	li	a5,4
    16e4:	96c2                	add	a3,a3,a6
    16e6:	02f68aa3          	sb	a5,53(a3)
    16ea:	4789                	li	a5,2
    16ec:	10f806a3          	sb	a5,269(a6)
    16f0:	6791                	lui	a5,0x4
    16f2:	70078793          	addi	a5,a5,1792 # 4700 <_ZL16motor_motion_runiym+0x2220>
    16f6:	10f81723          	sh	a5,270(a6)
    16fa:	bf41                	j	168a <_Z10set_motionhhhh.part.0+0x3fa>
    16fc:	4705                	li	a4,1
    16fe:	00e59a63          	bne	a1,a4,1712 <_Z10set_motionhhhh.part.0+0x482>
    1702:	caa6e1e3          	bltu	a3,a0,13a4 <_Z10set_motionhhhh.part.0+0x114>
    1706:	10d7c703          	lbu	a4,269(a5)
    170a:	4791                	li	a5,4
    170c:	c8f70ce3          	beq	a4,a5,13a4 <_Z10set_motionhhhh.part.0+0x114>
    1710:	bfad                	j	168a <_Z10set_motionhhhh.part.0+0x3fa>
    1712:	478d                	li	a5,3
    1714:	00a7ef63          	bltu	a5,a0,1732 <_Z10set_motionhhhh.part.0+0x4a2>
    1718:	051a                	slli	a0,a0,0x6
    171a:	9542                	add	a0,a0,a6
    171c:	03554783          	lbu	a5,53(a0)
    1720:	4709                	li	a4,2
    1722:	c8e781e3          	beq	a5,a4,13a4 <_Z10set_motionhhhh.part.0+0x114>
    1726:	17ed                	addi	a5,a5,-5
    1728:	0ff7f793          	zext.b	a5,a5
    172c:	4705                	li	a4,1
    172e:	c6f77be3          	bgeu	a4,a5,13a4 <_Z10set_motionhhhh.part.0+0x114>
    1732:	b1c18793          	addi	a5,gp,-1252 # 200004ac <_ZL24time_sendout_onuse_ticks>
    1736:	0007a023          	sw	zero,0(a5)
    173a:	0007a223          	sw	zero,4(a5)
    173e:	0007a423          	sw	zero,8(a5)
    1742:	0007a623          	sw	zero,12(a5)
    1746:	9c600793          	li	a5,-1594
    174a:	10f81723          	sh	a5,270(a6)
    174e:	57fd                	li	a5,-1
    1750:	02080aa3          	sb	zero,53(a6)
    1754:	06080aa3          	sb	zero,117(a6)
    1758:	0a080aa3          	sb	zero,181(a6)
    175c:	0e080aa3          	sb	zero,245(a6)
    1760:	100806a3          	sb	zero,269(a6)
    1764:	10f80223          	sb	a5,260(a6)
    1768:	0ff00513          	li	a0,255
    176c:	bf39                	j	168a <_Z10set_motionhhhh.part.0+0x3fa>
    176e:	40e506b3          	sub	a3,a0,a4
    1772:	0016b693          	seqz	a3,a3
    1776:	be2d                	j	12b0 <_Z10set_motionhhhh.part.0+0x20>
    1778:	bce500e3          	beq	a0,a4,1338 <_Z10set_motionhhhh.part.0+0xa8>
    177c:	050a                	slli	a0,a0,0x2
    177e:	b1c18793          	addi	a5,gp,-1252 # 200004ac <_ZL24time_sendout_onuse_ticks>
    1782:	97aa                	add	a5,a5,a0
    1784:	0007a023          	sw	zero,0(a5)
    1788:	a2018323          	sb	zero,-1498(gp) # 200003b6 <_ZL12count_on_use>
    178c:	b921                	j	13a4 <_Z10set_motionhhhh.part.0+0x114>
    178e:	07f00793          	li	a5,127
    1792:	c6f603e3          	beq	a2,a5,13f8 <_Z10set_motionhhhh.part.0+0x168>
    1796:	b6f5                	j	1382 <_Z10set_motionhhhh.part.0+0xf2>
    1798:	c0e51ee3          	bne	a0,a4,13b4 <_Z10set_motionhhhh.part.0+0x124>
    179c:	20002837          	lui	a6,0x20002
    17a0:	d9080813          	addi	a6,a6,-624 # 20001d90 <ams>
    17a4:	10484783          	lbu	a5,260(a6)
    17a8:	4f05                	li	t5,1
    17aa:	d2a797e3          	bne	a5,a0,14d8 <_Z10set_motionhhhh.part.0+0x248>
    17ae:	00251713          	slli	a4,a0,0x2
    17b2:	b1c18793          	addi	a5,gp,-1252 # 200004ac <_ZL24time_sendout_onuse_ticks>
    17b6:	97ba                	add	a5,a5,a4
    17b8:	0007a023          	sw	zero,0(a5)
    17bc:	b129                	j	13c6 <_Z10set_motionhhhh.part.0+0x136>
    17be:	bce500e3          	beq	a0,a4,137e <_Z10set_motionhhhh.part.0+0xee>
    17c2:	bc0680e3          	beqz	a3,1382 <_Z10set_motionhhhh.part.0+0xf2>
    17c6:	bd8d                	j	1638 <_Z10set_motionhhhh.part.0+0x3a8>
    17c8:	fce503e3          	beq	a0,a4,178e <_Z10set_motionhhhh.part.0+0x4fe>
    17cc:	f8160613          	addi	a2,a2,-127
    17d0:	bc060ae3          	beqz	a2,13a4 <_Z10set_motionhhhh.part.0+0x114>
    17d4:	b67d                	j	1382 <_Z10set_motionhhhh.part.0+0xf2>

000017d6 <_ZN12WS2812_class6updataEv>:
    17d6:	02c54783          	lbu	a5,44(a0)
    17da:	c7ad                	beqz	a5,1844 <_ZN12WS2812_class6updataEv+0x6e>
    17dc:	00052303          	lw	t1,0(a0)
    17e0:	00455e03          	lhu	t3,4(a0)
    17e4:	800026f3          	csrr	a3,0x800
    17e8:	08800793          	li	a5,136
    17ec:	8007b073          	csrc	0x800,a5
    17f0:	e000f7b7          	lui	a5,0xe000f
    17f4:	4790                	lw	a2,8(a5)
    17f6:	0886f693          	andi	a3,a3,136
    17fa:	4798                	lw	a4,8(a5)
    17fc:	fee60fe3          	beq	a2,a4,17fa <_ZN12WS2812_class6updataEv+0x24>
    1800:	479c                	lw	a5,8(a5)
    1802:	00850593          	addi	a1,a0,8
    1806:	4601                	li	a2,0
    1808:	00800f37          	lui	t5,0x800
    180c:	e000feb7          	lui	t4,0xe000f
    1810:	2178                	lbu	a4,6(a0)
    1812:	02e66a63          	bltu	a2,a4,1846 <_ZN12WS2812_class6updataEv+0x70>
    1816:	02050623          	sb	zero,44(a0)
    181a:	08800793          	li	a5,136
    181e:	8007b073          	csrc	0x800,a5
    1822:	8006a073          	csrs	0x800,a3
    1826:	411c                	lw	a5,0(a0)
    1828:	215a                	lhu	a4,4(a0)
    182a:	cbd8                	sw	a4,20(a5)
    182c:	9dc1a703          	lw	a4,-1572(gp) # 2000036c <_ZL18g_ws2812_rst_ticks>
    1830:	cb11                	beqz	a4,1844 <_ZN12WS2812_class6updataEv+0x6e>
    1832:	e000f7b7          	lui	a5,0xe000f
    1836:	4794                	lw	a3,8(a5)
    1838:	e000f637          	lui	a2,0xe000f
    183c:	461c                	lw	a5,8(a2)
    183e:	8f95                	sub	a5,a5,a3
    1840:	04e7e463          	bltu	a5,a4,1888 <_ZN12WS2812_class6updataEv+0xb2>
    1844:	8082                	ret
    1846:	0005a803          	lw	a6,0(a1)
    184a:	21078f93          	addi	t6,a5,528 # e000f210 <__freertos_irq_stack_top+0xc000a210>
    184e:	01e878b3          	and	a7,a6,t5
    1852:	473d                	li	a4,15
    1854:	00089363          	bnez	a7,185a <_ZN12WS2812_class6updataEv+0x84>
    1858:	471d                	li	a4,7
    185a:	0806                	slli	a6,a6,0x1
    185c:	01c32823          	sw	t3,16(t1)
    1860:	973e                	add	a4,a4,a5
    1862:	008ea883          	lw	a7,8(t4) # e000f008 <__freertos_irq_stack_top+0xc000a008>
    1866:	40e888b3          	sub	a7,a7,a4
    186a:	fe08cce3          	bltz	a7,1862 <_ZN12WS2812_class6updataEv+0x8c>
    186e:	01c32a23          	sw	t3,20(t1)
    1872:	07d9                	addi	a5,a5,22
    1874:	008ea703          	lw	a4,8(t4)
    1878:	8f1d                	sub	a4,a4,a5
    187a:	fe074de3          	bltz	a4,1874 <_ZN12WS2812_class6updataEv+0x9e>
    187e:	fdf798e3          	bne	a5,t6,184e <_ZN12WS2812_class6updataEv+0x78>
    1882:	0605                	addi	a2,a2,1 # e000f001 <__freertos_irq_stack_top+0xc000a001>
    1884:	0591                	addi	a1,a1,4
    1886:	b769                	j	1810 <_ZN12WS2812_class6updataEv+0x3a>
    1888:	0001                	nop
    188a:	bf4d                	j	183c <_ZN12WS2812_class6updataEv+0x66>

0000188c <_Z10RGB_updatev>:
    188c:	aec18793          	addi	a5,gp,-1300 # 2000047c <SYS_RGB>
    1890:	02c7c783          	lbu	a5,44(a5)
    1894:	e38d                	bnez	a5,18b6 <_Z10RGB_updatev+0x2a>
    1896:	200027b7          	lui	a5,0x20002
    189a:	21078793          	addi	a5,a5,528 # 20002210 <RGBOUT>
    189e:	02c7c703          	lbu	a4,44(a5)
    18a2:	eb11                	bnez	a4,18b6 <_Z10RGB_updatev+0x2a>
    18a4:	05c7c703          	lbu	a4,92(a5)
    18a8:	e719                	bnez	a4,18b6 <_Z10RGB_updatev+0x2a>
    18aa:	08c7c703          	lbu	a4,140(a5)
    18ae:	e701                	bnez	a4,18b6 <_Z10RGB_updatev+0x2a>
    18b0:	0bc7c783          	lbu	a5,188(a5)
    18b4:	cfb9                	beqz	a5,1912 <_Z10RGB_updatev+0x86>
    18b6:	e000f737          	lui	a4,0xe000f
    18ba:	4710                	lw	a2,8(a4)
    18bc:	a201a703          	lw	a4,-1504(gp) # 200003b0 <_ZZ10RGB_updatevE4last>
    18c0:	82c1a783          	lw	a5,-2004(gp) # 200001bc <time_hw_tpms>
    18c4:	cb11                	beqz	a4,18d8 <_Z10RGB_updatev+0x4c>
    18c6:	45a9                	li	a1,10
    18c8:	02b787b3          	mul	a5,a5,a1
    18cc:	40e60733          	sub	a4,a2,a4
    18d0:	e391                	bnez	a5,18d4 <_Z10RGB_updatev+0x48>
    18d2:	4785                	li	a5,1
    18d4:	02f76f63          	bltu	a4,a5,1912 <_Z10RGB_updatev+0x86>
    18d8:	87ffe2ef          	jal	t0,156 <__riscv_save_0>
    18dc:	aec18513          	addi	a0,gp,-1300 # 2000047c <SYS_RGB>
    18e0:	a2c1a023          	sw	a2,-1504(gp) # 200003b0 <_ZZ10RGB_updatevE4last>
    18e4:	3dcd                	jal	17d6 <_ZN12WS2812_class6updataEv>
    18e6:	20002537          	lui	a0,0x20002
    18ea:	21050513          	addi	a0,a0,528 # 20002210 <RGBOUT>
    18ee:	35e5                	jal	17d6 <_ZN12WS2812_class6updataEv>
    18f0:	20002537          	lui	a0,0x20002
    18f4:	24050513          	addi	a0,a0,576 # 20002240 <RGBOUT+0x30>
    18f8:	3df9                	jal	17d6 <_ZN12WS2812_class6updataEv>
    18fa:	20002537          	lui	a0,0x20002
    18fe:	27050513          	addi	a0,a0,624 # 20002270 <RGBOUT+0x60>
    1902:	3dd1                	jal	17d6 <_ZN12WS2812_class6updataEv>
    1904:	20002537          	lui	a0,0x20002
    1908:	2a050513          	addi	a0,a0,672 # 200022a0 <RGBOUT+0x90>
    190c:	35e9                	jal	17d6 <_ZN12WS2812_class6updataEv>
    190e:	86dfe06f          	j	17a <__riscv_restore_0>
    1912:	8082                	ret

00001914 <FLASH_Lock>:
    1914:	40022737          	lui	a4,0x40022
    1918:	4b1c                	lw	a5,16(a4)
    191a:	0807e793          	ori	a5,a5,128
    191e:	cb1c                	sw	a5,16(a4)
    1920:	8082                	ret

00001922 <FLASH_GetBank1Status>:
    1922:	400227b7          	lui	a5,0x40022
    1926:	47c8                	lw	a0,12(a5)
    1928:	8905                	andi	a0,a0,1
    192a:	e511                	bnez	a0,1936 <FLASH_GetBank1Status+0x14>
    192c:	47c8                	lw	a0,12(a5)
    192e:	8941                	andi	a0,a0,16
    1930:	00153513          	seqz	a0,a0
    1934:	050d                	addi	a0,a0,3
    1936:	8082                	ret

00001938 <FLASH_WaitForLastOperation>:
    1938:	81ffe2ef          	jal	t0,156 <__riscv_save_0>
    193c:	842a                	mv	s0,a0
    193e:	4485                	li	s1,1
    1940:	37cd                	jal	1922 <FLASH_GetBank1Status>
    1942:	00951863          	bne	a0,s1,1952 <FLASH_WaitForLastOperation+0x1a>
    1946:	e019                	bnez	s0,194c <FLASH_WaitForLastOperation+0x14>
    1948:	4515                	li	a0,5
    194a:	a029                	j	1954 <FLASH_WaitForLastOperation+0x1c>
    194c:	3fd9                	jal	1922 <FLASH_GetBank1Status>
    194e:	147d                	addi	s0,s0,-1
    1950:	bfcd                	j	1942 <FLASH_WaitForLastOperation+0xa>
    1952:	d87d                	beqz	s0,1948 <FLASH_WaitForLastOperation+0x10>
    1954:	827fe06f          	j	17a <__riscv_restore_0>

00001958 <_ZL16flash_prog_wordsmPKmm>:
    1958:	00357793          	andi	a5,a0,3
    195c:	efe1                	bnez	a5,1a34 <_ZL16flash_prog_wordsmPKmm+0xdc>
    195e:	fc8fe2ef          	jal	t0,126 <__riscv_save_12>
    1962:	0005a903          	lw	s2,0(a1)
    1966:	060a                	slli	a2,a2,0x2
    1968:	45670bb7          	lui	s7,0x45670
    196c:	cdef9c37          	lui	s8,0xcdef9
    1970:	1141                	addi	sp,sp,-16
    1972:	842a                	mv	s0,a0
    1974:	00458a93          	addi	s5,a1,4
    1978:	00c589b3          	add	s3,a1,a2
    197c:	08800b13          	li	s6,136
    1980:	400224b7          	lui	s1,0x40022
    1984:	123b8b93          	addi	s7,s7,291 # 45670123 <__freertos_irq_stack_top+0x2566b123>
    1988:	9abc0c13          	addi	s8,s8,-1621 # cdef89ab <__freertos_irq_stack_top+0xadef39ab>
    198c:	03100d93          	li	s11,49
    1990:	4c91                	li	s9,4
    1992:	401c                	lw	a5,0(s0)
    1994:	03279163          	bne	a5,s2,19b6 <_ZL16flash_prog_wordsmPKmm+0x5e>
    1998:	01599663          	bne	s3,s5,19a4 <_ZL16flash_prog_wordsmPKmm+0x4c>
    199c:	4505                	li	a0,1
    199e:	0141                	addi	sp,sp,16
    19a0:	fc2fe06f          	j	162 <__riscv_restore_12>
    19a4:	0411                	addi	s0,s0,4
    19a6:	00347793          	andi	a5,s0,3
    19aa:	000aa903          	lw	s2,0(s5)
    19ae:	0a91                	addi	s5,s5,4
    19b0:	d3ed                	beqz	a5,1992 <_ZL16flash_prog_wordsmPKmm+0x3a>
    19b2:	4501                	li	a0,0
    19b4:	b7ed                	j	199e <_ZL16flash_prog_wordsmPKmm+0x46>
    19b6:	80002a73          	csrr	s4,0x800
    19ba:	800b3073          	csrc	0x800,s6
    19be:	0174a223          	sw	s7,4(s1) # 40022004 <__freertos_irq_stack_top+0x2001d004>
    19c2:	0184a223          	sw	s8,4(s1)
    19c6:	01b4a623          	sw	s11,12(s1)
    19ca:	6515                	lui	a0,0x5
    19cc:	088a7a13          	andi	s4,s4,136
    19d0:	c602                	sw	zero,12(sp)
    19d2:	379d                	jal	1938 <FLASH_WaitForLastOperation>
    19d4:	01950863          	beq	a0,s9,19e4 <_ZL16flash_prog_wordsmPKmm+0x8c>
    19d8:	3f35                	jal	1914 <FLASH_Lock>
    19da:	800b3073          	csrc	0x800,s6
    19de:	800a2073          	csrs	0x800,s4
    19e2:	bfc1                	j	19b2 <_ZL16flash_prog_wordsmPKmm+0x5a>
    19e4:	489c                	lw	a5,16(s1)
    19e6:	6515                	lui	a0,0x5
    19e8:	0017e793          	ori	a5,a5,1
    19ec:	c89c                	sw	a5,16(s1)
    19ee:	01091793          	slli	a5,s2,0x10
    19f2:	83c1                	srli	a5,a5,0x10
    19f4:	a01e                	sh	a5,0(s0)
    19f6:	3789                	jal	1938 <FLASH_WaitForLastOperation>
    19f8:	03951a63          	bne	a0,s9,1a2c <_ZL16flash_prog_wordsmPKmm+0xd4>
    19fc:	00240793          	addi	a5,s0,2
    1a00:	c63e                	sw	a5,12(sp)
    1a02:	47b2                	lw	a5,12(sp)
    1a04:	01095713          	srli	a4,s2,0x10
    1a08:	6515                	lui	a0,0x5
    1a0a:	a39a                	sh	a4,0(a5)
    1a0c:	3735                	jal	1938 <FLASH_WaitForLastOperation>
    1a0e:	489c                	lw	a5,16(s1)
    1a10:	8d2a                	mv	s10,a0
    1a12:	9bf9                	andi	a5,a5,-2
    1a14:	c89c                	sw	a5,16(s1)
    1a16:	3dfd                	jal	1914 <FLASH_Lock>
    1a18:	800b3073          	csrc	0x800,s6
    1a1c:	800a2073          	csrs	0x800,s4
    1a20:	f99d19e3          	bne	s10,s9,19b2 <_ZL16flash_prog_wordsmPKmm+0x5a>
    1a24:	401c                	lw	a5,0(s0)
    1a26:	f92796e3          	bne	a5,s2,19b2 <_ZL16flash_prog_wordsmPKmm+0x5a>
    1a2a:	b7bd                	j	1998 <_ZL16flash_prog_wordsmPKmm+0x40>
    1a2c:	489c                	lw	a5,16(s1)
    1a2e:	9bf9                	andi	a5,a5,-2
    1a30:	c89c                	sw	a5,16(s1)
    1a32:	b75d                	j	19d8 <_ZL16flash_prog_wordsmPKmm+0x80>
    1a34:	4501                	li	a0,0
    1a36:	8082                	ret

00001a38 <FLASH_ErasePage_Fast>:
    1a38:	400227b7          	lui	a5,0x40022
    1a3c:	4b98                	lw	a4,16(a5)
    1a3e:	000206b7          	lui	a3,0x20
    1a42:	8f55                	or	a4,a4,a3
    1a44:	cb98                	sw	a4,16(a5)
    1a46:	cbc8                	sw	a0,20(a5)
    1a48:	4b98                	lw	a4,16(a5)
    1a4a:	04076713          	ori	a4,a4,64
    1a4e:	cb98                	sw	a4,16(a5)
    1a50:	47d8                	lw	a4,12(a5)
    1a52:	8b05                	andi	a4,a4,1
    1a54:	ff75                	bnez	a4,1a50 <FLASH_ErasePage_Fast+0x18>
    1a56:	4b98                	lw	a4,16(a5)
    1a58:	7681                	lui	a3,0xfffe0
    1a5a:	16fd                	addi	a3,a3,-1 # fffdffff <__freertos_irq_stack_top+0xdffdafff>
    1a5c:	8f75                	and	a4,a4,a3
    1a5e:	cb98                	sw	a4,16(a5)
    1a60:	8082                	ret

00001a62 <_ZL14flash256_erasem.part.0>:
    1a62:	edafe2ef          	jal	t0,13c <__riscv_save_4>
    1a66:	842a                	mv	s0,a0
    1a68:	80002973          	csrr	s2,0x800
    1a6c:	08800993          	li	s3,136
    1a70:	8009b073          	csrc	0x800,s3
    1a74:	45670737          	lui	a4,0x45670
    1a78:	400224b7          	lui	s1,0x40022
    1a7c:	12370713          	addi	a4,a4,291 # 45670123 <__freertos_irq_stack_top+0x2566b123>
    1a80:	cdef97b7          	lui	a5,0xcdef9
    1a84:	c0d8                	sw	a4,4(s1)
    1a86:	9ab78793          	addi	a5,a5,-1621 # cdef89ab <__freertos_irq_stack_top+0xadef39ab>
    1a8a:	c0dc                	sw	a5,4(s1)
    1a8c:	d0d8                	sw	a4,36(s1)
    1a8e:	d0dc                	sw	a5,36(s1)
    1a90:	03100793          	li	a5,49
    1a94:	c4dc                	sw	a5,12(s1)
    1a96:	374d                	jal	1a38 <FLASH_ErasePage_Fast>
    1a98:	489c                	lw	a5,16(s1)
    1a9a:	6721                	lui	a4,0x8
    1a9c:	8fd9                	or	a5,a5,a4
    1a9e:	c89c                	sw	a5,16(s1)
    1aa0:	3d95                	jal	1914 <FLASH_Lock>
    1aa2:	8009b073          	csrc	0x800,s3
    1aa6:	08897913          	andi	s2,s2,136
    1aaa:	80092073          	csrs	0x800,s2
    1aae:	e339e7b7          	lui	a5,0xe339e
    1ab2:	10040713          	addi	a4,s0,256
    1ab6:	33978793          	addi	a5,a5,825 # e339e339 <__freertos_irq_stack_top+0xc3399339>
    1aba:	4014                	lw	a3,0(s0)
    1abc:	00f69863          	bne	a3,a5,1acc <_ZL14flash256_erasem.part.0+0x6a>
    1ac0:	0411                	addi	s0,s0,4
    1ac2:	fee41ce3          	bne	s0,a4,1aba <_ZL14flash256_erasem.part.0+0x58>
    1ac6:	4505                	li	a0,1
    1ac8:	ea8fe06f          	j	170 <__riscv_restore_4>
    1acc:	4501                	li	a0,0
    1ace:	bfed                	j	1ac8 <_ZL14flash256_erasem.part.0+0x66>

00001ad0 <GPIO_Init>:
    1ad0:	459c                	lw	a5,8(a1)
    1ad2:	0107f713          	andi	a4,a5,16
    1ad6:	00f7f813          	andi	a6,a5,15
    1ada:	c701                	beqz	a4,1ae2 <GPIO_Init+0x12>
    1adc:	41d8                	lw	a4,4(a1)
    1ade:	00e86833          	or	a6,a6,a4
    1ae2:	40022737          	lui	a4,0x40022
    1ae6:	5b14                	lw	a3,48(a4)
    1ae8:	0f000737          	lui	a4,0xf000
    1aec:	8f75                	and	a4,a4,a3
    1aee:	eb45                	bnez	a4,1b9e <GPIO_Init+0xce>
    1af0:	4685                	li	a3,1
    1af2:	9cd18c23          	sb	a3,-1576(gp) # 20000368 <MCU_Version>
    1af6:	40011737          	lui	a4,0x40011
    1afa:	00e51563          	bne	a0,a4,1b04 <GPIO_Init+0x34>
    1afe:	219a                	lhu	a4,0(a1)
    1b00:	8335                	srli	a4,a4,0xd
    1b02:	a19a                	sh	a4,0(a1)
    1b04:	218e                	lhu	a1,0(a1)
    1b06:	0ff5f713          	zext.b	a4,a1
    1b0a:	c331                	beqz	a4,1b4e <GPIO_Init+0x7e>
    1b0c:	4118                	lw	a4,0(a0)
    1b0e:	4681                	li	a3,0
    1b10:	4e05                	li	t3,1
    1b12:	02800e93          	li	t4,40
    1b16:	4f3d                	li	t5,15
    1b18:	04800f93          	li	t6,72
    1b1c:	4321                	li	t1,8
    1b1e:	00de1633          	sll	a2,t3,a3
    1b22:	00c5f8b3          	and	a7,a1,a2
    1b26:	03161063          	bne	a2,a7,1b46 <GPIO_Init+0x76>
    1b2a:	09d79263          	bne	a5,t4,1bae <GPIO_Init+0xde>
    1b2e:	c950                	sw	a2,20(a0)
    1b30:	00269613          	slli	a2,a3,0x2
    1b34:	00cf18b3          	sll	a7,t5,a2
    1b38:	fff8c893          	not	a7,a7
    1b3c:	00e8f733          	and	a4,a7,a4
    1b40:	00c81633          	sll	a2,a6,a2
    1b44:	8f51                	or	a4,a4,a2
    1b46:	0685                	addi	a3,a3,1
    1b48:	fc669be3          	bne	a3,t1,1b1e <GPIO_Init+0x4e>
    1b4c:	c118                	sw	a4,0(a0)
    1b4e:	0ff00713          	li	a4,255
    1b52:	04b77563          	bgeu	a4,a1,1b9c <GPIO_Init+0xcc>
    1b56:	4154                	lw	a3,4(a0)
    1b58:	4601                	li	a2,0
    1b5a:	4e05                	li	t3,1
    1b5c:	02800e93          	li	t4,40
    1b60:	04800f13          	li	t5,72
    1b64:	4321                	li	t1,8
    1b66:	00860713          	addi	a4,a2,8
    1b6a:	00ee1733          	sll	a4,t3,a4
    1b6e:	00e5f8b3          	and	a7,a1,a4
    1b72:	03171163          	bne	a4,a7,1b94 <GPIO_Init+0xc4>
    1b76:	05d79063          	bne	a5,t4,1bb6 <GPIO_Init+0xe6>
    1b7a:	c958                	sw	a4,20(a0)
    1b7c:	00261893          	slli	a7,a2,0x2
    1b80:	473d                	li	a4,15
    1b82:	01171733          	sll	a4,a4,a7
    1b86:	fff74713          	not	a4,a4
    1b8a:	8ef9                	and	a3,a3,a4
    1b8c:	011818b3          	sll	a7,a6,a7
    1b90:	00d8e6b3          	or	a3,a7,a3
    1b94:	0605                	addi	a2,a2,1
    1b96:	fc6618e3          	bne	a2,t1,1b66 <GPIO_Init+0x96>
    1b9a:	c154                	sw	a3,4(a0)
    1b9c:	8082                	ret
    1b9e:	40011737          	lui	a4,0x40011
    1ba2:	f6e511e3          	bne	a0,a4,1b04 <GPIO_Init+0x34>
    1ba6:	9d81c703          	lbu	a4,-1576(gp) # 20000368 <MCU_Version>
    1baa:	df29                	beqz	a4,1b04 <GPIO_Init+0x34>
    1bac:	bf89                	j	1afe <GPIO_Init+0x2e>
    1bae:	f9f791e3          	bne	a5,t6,1b30 <GPIO_Init+0x60>
    1bb2:	c910                	sw	a2,16(a0)
    1bb4:	bfb5                	j	1b30 <GPIO_Init+0x60>
    1bb6:	fde793e3          	bne	a5,t5,1b7c <GPIO_Init+0xac>
    1bba:	c918                	sw	a4,16(a0)
    1bbc:	b7c1                	j	1b7c <GPIO_Init+0xac>

00001bbe <_ZN20AS5600_soft_IIC_many8stop_iicEv.constprop.0>:
    1bbe:	200027b7          	lui	a5,0x20002
    1bc2:	ca878693          	addi	a3,a5,-856 # 20001ca8 <MC_AS5600>
    1bc6:	4a8c                	lw	a1,16(a3)
    1bc8:	07c6a883          	lw	a7,124(a3)
    1bcc:	08068713          	addi	a4,a3,128
    1bd0:	4308                	lw	a0,0(a4)
    1bd2:	00872803          	lw	a6,8(a4) # 40011008 <__freertos_irq_stack_top+0x2000c008>
    1bd6:	00472303          	lw	t1,4(a4)
    1bda:	ca878793          	addi	a5,a5,-856
    1bde:	4701                	li	a4,0
    1be0:	04b74663          	blt	a4,a1,1c2c <_ZN20AS5600_soft_IIC_many8stop_iicEv.constprop.0+0x6e>
    1be4:	20000637          	lui	a2,0x20000
    1be8:	19462683          	lw	a3,404(a2) # 20000194 <_ZL17g_iic_delay_ticks>
    1bec:	e6ad                	bnez	a3,1c56 <_ZN20AS5600_soft_IIC_many8stop_iicEv.constprop.0+0x98>
    1bee:	4b8c                	lw	a1,16(a5)
    1bf0:	0807a503          	lw	a0,128(a5)
    1bf4:	0887a803          	lw	a6,136(a5)
    1bf8:	4701                	li	a4,0
    1bfa:	06b74963          	blt	a4,a1,1c6c <_ZN20AS5600_soft_IIC_many8stop_iicEv.constprop.0+0xae>
    1bfe:	19462683          	lw	a3,404(a2)
    1c02:	e2d1                	bnez	a3,1c86 <_ZN20AS5600_soft_IIC_many8stop_iicEv.constprop.0+0xc8>
    1c04:	4b94                	lw	a3,16(a5)
    1c06:	5fec                	lw	a1,124(a5)
    1c08:	0847a503          	lw	a0,132(a5)
    1c0c:	4781                	li	a5,0
    1c0e:	08d7c763          	blt	a5,a3,1c9c <_ZN20AS5600_soft_IIC_many8stop_iicEv.constprop.0+0xde>
    1c12:	19462703          	lw	a4,404(a2)
    1c16:	cb11                	beqz	a4,1c2a <_ZN20AS5600_soft_IIC_many8stop_iicEv.constprop.0+0x6c>
    1c18:	e000f7b7          	lui	a5,0xe000f
    1c1c:	4794                	lw	a3,8(a5)
    1c1e:	e000f637          	lui	a2,0xe000f
    1c22:	461c                	lw	a5,8(a2)
    1c24:	8f95                	sub	a5,a5,a3
    1c26:	08e7e863          	bltu	a5,a4,1cb6 <_ZN20AS5600_soft_IIC_many8stop_iicEv.constprop.0+0xf8>
    1c2a:	8082                	ret
    1c2c:	00271613          	slli	a2,a4,0x2
    1c30:	00c506b3          	add	a3,a0,a2
    1c34:	0006ae03          	lw	t3,0(a3)
    1c38:	00171693          	slli	a3,a4,0x1
    1c3c:	00d80eb3          	add	t4,a6,a3
    1c40:	000ede83          	lhu	t4,0(t4)
    1c44:	9646                	add	a2,a2,a7
    1c46:	969a                	add	a3,a3,t1
    1c48:	4210                	lw	a2,0(a2)
    1c4a:	2296                	lhu	a3,0(a3)
    1c4c:	01de2a23          	sw	t4,20(t3)
    1c50:	0705                	addi	a4,a4,1
    1c52:	ca54                	sw	a3,20(a2)
    1c54:	b771                	j	1be0 <_ZN20AS5600_soft_IIC_many8stop_iicEv.constprop.0+0x22>
    1c56:	e000f737          	lui	a4,0xe000f
    1c5a:	470c                	lw	a1,8(a4)
    1c5c:	e000f537          	lui	a0,0xe000f
    1c60:	4518                	lw	a4,8(a0)
    1c62:	8f0d                	sub	a4,a4,a1
    1c64:	f8d775e3          	bgeu	a4,a3,1bee <_ZN20AS5600_soft_IIC_many8stop_iicEv.constprop.0+0x30>
    1c68:	0001                	nop
    1c6a:	bfdd                	j	1c60 <_ZN20AS5600_soft_IIC_many8stop_iicEv.constprop.0+0xa2>
    1c6c:	00271693          	slli	a3,a4,0x2
    1c70:	96aa                	add	a3,a3,a0
    1c72:	0006a883          	lw	a7,0(a3)
    1c76:	00171693          	slli	a3,a4,0x1
    1c7a:	96c2                	add	a3,a3,a6
    1c7c:	2296                	lhu	a3,0(a3)
    1c7e:	0705                	addi	a4,a4,1 # e000f001 <__freertos_irq_stack_top+0xc000a001>
    1c80:	00d8a823          	sw	a3,16(a7)
    1c84:	bf9d                	j	1bfa <_ZN20AS5600_soft_IIC_many8stop_iicEv.constprop.0+0x3c>
    1c86:	e000f737          	lui	a4,0xe000f
    1c8a:	470c                	lw	a1,8(a4)
    1c8c:	e000f537          	lui	a0,0xe000f
    1c90:	4518                	lw	a4,8(a0)
    1c92:	8f0d                	sub	a4,a4,a1
    1c94:	f6d778e3          	bgeu	a4,a3,1c04 <_ZN20AS5600_soft_IIC_many8stop_iicEv.constprop.0+0x46>
    1c98:	0001                	nop
    1c9a:	bfdd                	j	1c90 <_ZN20AS5600_soft_IIC_many8stop_iicEv.constprop.0+0xd2>
    1c9c:	00279713          	slli	a4,a5,0x2
    1ca0:	972e                	add	a4,a4,a1
    1ca2:	00072803          	lw	a6,0(a4) # e000f000 <__freertos_irq_stack_top+0xc000a000>
    1ca6:	00179713          	slli	a4,a5,0x1
    1caa:	972a                	add	a4,a4,a0
    1cac:	231a                	lhu	a4,0(a4)
    1cae:	0785                	addi	a5,a5,1 # e000f001 <__freertos_irq_stack_top+0xc000a001>
    1cb0:	00e82823          	sw	a4,16(a6)
    1cb4:	bfa9                	j	1c0e <_ZN20AS5600_soft_IIC_many8stop_iicEv.constprop.0+0x50>
    1cb6:	0001                	nop
    1cb8:	b7ad                	j	1c22 <_ZN20AS5600_soft_IIC_many8stop_iicEv.constprop.0+0x64>

00001cba <_ZN20AS5600_soft_IIC_many5set_hEPKP12GPIO_TypeDefPKt.constprop.0>:
    1cba:	200027b7          	lui	a5,0x20002
    1cbe:	ca878793          	addi	a5,a5,-856 # 20001ca8 <MC_AS5600>
    1cc2:	4b94                	lw	a3,16(a5)
    1cc4:	5fb0                	lw	a2,120(a5)
    1cc6:	4781                	li	a5,0
    1cc8:	00d7c363          	blt	a5,a3,1cce <_ZN20AS5600_soft_IIC_many5set_hEPKP12GPIO_TypeDefPKt.constprop.0+0x14>
    1ccc:	8082                	ret
    1cce:	00279713          	slli	a4,a5,0x2
    1cd2:	00e60833          	add	a6,a2,a4
    1cd6:	00082803          	lw	a6,0(a6)
    1cda:	00081b63          	bnez	a6,1cf0 <_ZN20AS5600_soft_IIC_many5set_hEPKP12GPIO_TypeDefPKt.constprop.0+0x36>
    1cde:	972a                	add	a4,a4,a0
    1ce0:	00072803          	lw	a6,0(a4)
    1ce4:	00179713          	slli	a4,a5,0x1
    1ce8:	972e                	add	a4,a4,a1
    1cea:	231a                	lhu	a4,0(a4)
    1cec:	00e82823          	sw	a4,16(a6)
    1cf0:	0785                	addi	a5,a5,1
    1cf2:	bfd9                	j	1cc8 <_ZN20AS5600_soft_IIC_many5set_hEPKP12GPIO_TypeDefPKt.constprop.0+0xe>

00001cf4 <_ZN20AS5600_soft_IIC_many5set_lEPKP12GPIO_TypeDefPKt.constprop.0>:
    1cf4:	200027b7          	lui	a5,0x20002
    1cf8:	ca878793          	addi	a5,a5,-856 # 20001ca8 <MC_AS5600>
    1cfc:	4b94                	lw	a3,16(a5)
    1cfe:	5fb0                	lw	a2,120(a5)
    1d00:	4781                	li	a5,0
    1d02:	00d7c363          	blt	a5,a3,1d08 <_ZN20AS5600_soft_IIC_many5set_lEPKP12GPIO_TypeDefPKt.constprop.0+0x14>
    1d06:	8082                	ret
    1d08:	00279713          	slli	a4,a5,0x2
    1d0c:	00e60833          	add	a6,a2,a4
    1d10:	00082803          	lw	a6,0(a6)
    1d14:	00081b63          	bnez	a6,1d2a <_ZN20AS5600_soft_IIC_many5set_lEPKP12GPIO_TypeDefPKt.constprop.0+0x36>
    1d18:	972a                	add	a4,a4,a0
    1d1a:	00072803          	lw	a6,0(a4)
    1d1e:	00179713          	slli	a4,a5,0x1
    1d22:	972e                	add	a4,a4,a1
    1d24:	231a                	lhu	a4,0(a4)
    1d26:	00e82a23          	sw	a4,20(a6)
    1d2a:	0785                	addi	a5,a5,1
    1d2c:	bfd9                	j	1d02 <_ZN20AS5600_soft_IIC_many5set_lEPKP12GPIO_TypeDefPKt.constprop.0+0xe>

00001d2e <_ZN20AS5600_soft_IIC_many11clear_datasEv.constprop.0>:
    1d2e:	20002737          	lui	a4,0x20002
    1d32:	ca870793          	addi	a5,a4,-856 # 20001ca8 <MC_AS5600>
    1d36:	5fb0                	lw	a2,120(a5)
    1d38:	47cc                	lw	a1,12(a5)
    1d3a:	ca870713          	addi	a4,a4,-856
    1d3e:	4781                	li	a5,0
    1d40:	4b14                	lw	a3,16(a4)
    1d42:	00d7c363          	blt	a5,a3,1d48 <_ZN20AS5600_soft_IIC_many11clear_datasEv.constprop.0+0x1a>
    1d46:	8082                	ret
    1d48:	00279693          	slli	a3,a5,0x2
    1d4c:	96b2                	add	a3,a3,a2
    1d4e:	0006a023          	sw	zero,0(a3)
    1d52:	00179693          	slli	a3,a5,0x1
    1d56:	96ae                	add	a3,a3,a1
    1d58:	00069023          	sh	zero,0(a3)
    1d5c:	0785                	addi	a5,a5,1
    1d5e:	b7cd                	j	1d40 <_ZN20AS5600_soft_IIC_many11clear_datasEv.constprop.0+0x12>

00001d60 <_ZL20retract_mag_from_errff.part.0.constprop.0>:
    1d60:	bf6fe2ef          	jal	t0,156 <__riscv_save_0>
    1d64:	8cc1a583          	lw	a1,-1844(gp) # 2000025c <_ZL7g_scale+0x9c>
    1d68:	842a                	mv	s0,a0
    1d6a:	28f080ef          	jal	ra,a7f8 <__lesf2>
    1d6e:	8cc1a583          	lw	a1,-1844(gp) # 2000025c <_ZL7g_scale+0x9c>
    1d72:	06055363          	bgez	a0,1dd8 <_ZL20retract_mag_from_errff.part.0.constprop.0+0x78>
    1d76:	8781a583          	lw	a1,-1928(gp) # 20000208 <_ZL7g_scale+0x48>
    1d7a:	8522                	mv	a0,s0
    1d7c:	5f1080ef          	jal	ra,ab6c <__subsf3>
    1d80:	8d01a583          	lw	a1,-1840(gp) # 20000260 <_ZL7g_scale+0xa0>
    1d84:	30d080ef          	jal	ra,a890 <__mulsf3>
    1d88:	00000593          	li	a1,0
    1d8c:	842a                	mv	s0,a0
    1d8e:	26b080ef          	jal	ra,a7f8 <__lesf2>
    1d92:	00054c63          	bltz	a0,1daa <_ZL20retract_mag_from_errff.part.0.constprop.0+0x4a>
    1d96:	8741a483          	lw	s1,-1932(gp) # 20000204 <_ZL7g_scale+0x44>
    1d9a:	8522                	mv	a0,s0
    1d9c:	85a6                	mv	a1,s1
    1d9e:	1c5080ef          	jal	ra,a762 <__gesf2>
    1da2:	00a05663          	blez	a0,1dae <_ZL20retract_mag_from_errff.part.0.constprop.0+0x4e>
    1da6:	8426                	mv	s0,s1
    1da8:	a019                	j	1dae <_ZL20retract_mag_from_errff.part.0.constprop.0+0x4e>
    1daa:	00000413          	li	s0,0
    1dae:	8581a583          	lw	a1,-1960(gp) # 200001e8 <_ZL7g_scale+0x28>
    1db2:	8522                	mv	a0,s0
    1db4:	2dd080ef          	jal	ra,a890 <__mulsf3>
    1db8:	8d41a583          	lw	a1,-1836(gp) # 20000264 <_ZL7g_scale+0xa4>
    1dbc:	2f6080ef          	jal	ra,a0b2 <__addsf3>
    1dc0:	8c81a483          	lw	s1,-1848(gp) # 20000258 <_ZL7g_scale+0x98>
    1dc4:	842a                	mv	s0,a0
    1dc6:	85a6                	mv	a1,s1
    1dc8:	19b080ef          	jal	ra,a762 <__gesf2>
    1dcc:	00a05363          	blez	a0,1dd2 <_ZL20retract_mag_from_errff.part.0.constprop.0+0x72>
    1dd0:	8426                	mv	s0,s1
    1dd2:	8522                	mv	a0,s0
    1dd4:	ba6fe06f          	j	17a <__riscv_restore_0>
    1dd8:	8522                	mv	a0,s0
    1dda:	593080ef          	jal	ra,ab6c <__subsf3>
    1dde:	8d81a583          	lw	a1,-1832(gp) # 20000268 <_ZL7g_scale+0xa8>
    1de2:	638080ef          	jal	ra,a41a <__divsf3>
    1de6:	00000593          	li	a1,0
    1dea:	842a                	mv	s0,a0
    1dec:	20d080ef          	jal	ra,a7f8 <__lesf2>
    1df0:	00054c63          	bltz	a0,1e08 <_ZL20retract_mag_from_errff.part.0.constprop.0+0xa8>
    1df4:	8741a483          	lw	s1,-1932(gp) # 20000204 <_ZL7g_scale+0x44>
    1df8:	8522                	mv	a0,s0
    1dfa:	85a6                	mv	a1,s1
    1dfc:	167080ef          	jal	ra,a762 <__gesf2>
    1e00:	00a05663          	blez	a0,1e0c <_ZL20retract_mag_from_errff.part.0.constprop.0+0xac>
    1e04:	8426                	mv	s0,s1
    1e06:	a019                	j	1e0c <_ZL20retract_mag_from_errff.part.0.constprop.0+0xac>
    1e08:	00000413          	li	s0,0
    1e0c:	8dc1a583          	lw	a1,-1828(gp) # 2000026c <_ZL7g_scale+0xac>
    1e10:	8522                	mv	a0,s0
    1e12:	27f080ef          	jal	ra,a890 <__mulsf3>
    1e16:	8e01a583          	lw	a1,-1824(gp) # 20000270 <_ZL7g_scale+0xb0>
    1e1a:	b74d                	j	1dbc <_ZL20retract_mag_from_errff.part.0.constprop.0+0x5c>

00001e1c <_ZN14_MOTOR_CONTROL9hold_loadEffR9MOTOR_PIDRfRhS2_RbS2_S4_.constprop.0.isra.0>:
    1e1c:	b12fe2ef          	jal	t0,12e <__riscv_save_10>
    1e20:	8e41ad03          	lw	s10,-1820(gp) # 20000274 <_ZL7g_scale+0xb4>
    1e24:	842a                	mv	s0,a0
    1e26:	8bae                	mv	s7,a1
    1e28:	8536                	mv	a0,a3
    1e2a:	85ea                	mv	a1,s10
    1e2c:	5c42                	lw	s8,48(sp)
    1e2e:	84b2                	mv	s1,a2
    1e30:	8936                	mv	s2,a3
    1e32:	8b3a                	mv	s6,a4
    1e34:	89be                	mv	s3,a5
    1e36:	8ac2                	mv	s5,a6
    1e38:	8a46                	mv	s4,a7
    1e3a:	1bf080ef          	jal	ra,a7f8 <__lesf2>
    1e3e:	00055363          	bgez	a0,1e44 <_ZN14_MOTOR_CONTROL9hold_loadEffR9MOTOR_PIDRfRhS2_RbS2_S4_.constprop.0.isra.0+0x28>
    1e42:	896a                	mv	s2,s10
    1e44:	85a2                	mv	a1,s0
    1e46:	854a                	mv	a0,s2
    1e48:	1b1080ef          	jal	ra,a7f8 <__lesf2>
    1e4c:	0a055c63          	bgez	a0,1f04 <_ZN14_MOTOR_CONTROL9hold_loadEffR9MOTOR_PIDRfRhS2_RbS2_S4_.constprop.0.isra.0+0xe8>
    1e50:	000b4783          	lbu	a5,0(s6)
    1e54:	c7ad                	beqz	a5,1ebe <_ZN14_MOTOR_CONTROL9hold_loadEffR9MOTOR_PIDRfRhS2_RbS2_S4_.constprop.0.isra.0+0xa2>
    1e56:	00000593          	li	a1,0
    1e5a:	854a                	mv	a0,s2
    1e5c:	256080ef          	jal	ra,a0b2 <__addsf3>
    1e60:	85aa                	mv	a1,a0
    1e62:	8522                	mv	a0,s0
    1e64:	195080ef          	jal	ra,a7f8 <__lesf2>
    1e68:	06a05a63          	blez	a0,1edc <_ZN14_MOTOR_CONTROL9hold_loadEffR9MOTOR_PIDRfRhS2_RbS2_S4_.constprop.0.isra.0+0xc0>
    1e6c:	85ca                	mv	a1,s2
    1e6e:	8522                	mv	a0,s0
    1e70:	4fd080ef          	jal	ra,ab6c <__subsf3>
    1e74:	4785                	li	a5,1
    1e76:	00fa8023          	sb	a5,0(s5)
    1e7a:	8781a583          	lw	a1,-1928(gp) # 20000208 <_ZL7g_scale+0x48>
    1e7e:	00aa2023          	sw	a0,0(s4)
    1e82:	000c0023          	sb	zero,0(s8)
    1e86:	842a                	mv	s0,a0
    1e88:	171080ef          	jal	ra,a7f8 <__lesf2>
    1e8c:	00000593          	li	a1,0
    1e90:	00a05563          	blez	a0,1e9a <_ZN14_MOTOR_CONTROL9hold_loadEffR9MOTOR_PIDRfRhS2_RbS2_S4_.constprop.0.isra.0+0x7e>
    1e94:	8522                	mv	a0,s0
    1e96:	35e9                	jal	1d60 <_ZL20retract_mag_from_errff.part.0.constprop.0>
    1e98:	85aa                	mv	a1,a0
    1e9a:	855e                	mv	a0,s7
    1e9c:	1f5080ef          	jal	ra,a890 <__mulsf3>
    1ea0:	85aa                	mv	a1,a0
    1ea2:	842a                	mv	s0,a0
    1ea4:	855e                	mv	a0,s7
    1ea6:	1eb080ef          	jal	ra,a890 <__mulsf3>
    1eaa:	00000593          	li	a1,0
    1eae:	14b080ef          	jal	ra,a7f8 <__lesf2>
    1eb2:	04054463          	bltz	a0,1efa <_ZN14_MOTOR_CONTROL9hold_loadEffR9MOTOR_PIDRfRhS2_RbS2_S4_.constprop.0.isra.0+0xde>
    1eb6:	0089a023          	sw	s0,0(s3)
    1eba:	aacfe06f          	j	166 <__riscv_restore_10>
    1ebe:	8e81a583          	lw	a1,-1816(gp) # 20000278 <_ZL7g_scale+0xb8>
    1ec2:	854a                	mv	a0,s2
    1ec4:	1ee080ef          	jal	ra,a0b2 <__addsf3>
    1ec8:	85aa                	mv	a1,a0
    1eca:	8522                	mv	a0,s0
    1ecc:	097080ef          	jal	ra,a762 <__gesf2>
    1ed0:	00054663          	bltz	a0,1edc <_ZN14_MOTOR_CONTROL9hold_loadEffR9MOTOR_PIDRfRhS2_RbS2_S4_.constprop.0.isra.0+0xc0>
    1ed4:	4785                	li	a5,1
    1ed6:	00fb0023          	sb	a5,0(s6)
    1eda:	bf49                	j	1e6c <_ZN14_MOTOR_CONTROL9hold_loadEffR9MOTOR_PIDRfRhS2_RbS2_S4_.constprop.0.isra.0+0x50>
    1edc:	000b0023          	sb	zero,0(s6)
    1ee0:	00000793          	li	a5,0
    1ee4:	00f9a023          	sw	a5,0(s3)
    1ee8:	c4dc                	sw	a5,12(s1)
    1eea:	c89c                	sw	a5,16(s1)
    1eec:	000a8023          	sb	zero,0(s5)
    1ef0:	00fa2023          	sw	a5,0(s4)
    1ef4:	000c0023          	sb	zero,0(s8)
    1ef8:	b7c9                	j	1eba <_ZN14_MOTOR_CONTROL9hold_loadEffR9MOTOR_PIDRfRhS2_RbS2_S4_.constprop.0.isra.0+0x9e>
    1efa:	00000793          	li	a5,0
    1efe:	00f9a023          	sw	a5,0(s3)
    1f02:	bf65                	j	1eba <_ZN14_MOTOR_CONTROL9hold_loadEffR9MOTOR_PIDRfRhS2_RbS2_S4_.constprop.0.isra.0+0x9e>
    1f04:	8ec1a903          	lw	s2,-1812(gp) # 2000027c <_ZL7g_scale+0xbc>
    1f08:	000b0023          	sb	zero,0(s6)
    1f0c:	8522                	mv	a0,s0
    1f0e:	85ca                	mv	a1,s2
    1f10:	053080ef          	jal	ra,a762 <__gesf2>
    1f14:	fc0556e3          	bgez	a0,1ee0 <_ZN14_MOTOR_CONTROL9hold_loadEffR9MOTOR_PIDRfRhS2_RbS2_S4_.constprop.0.isra.0+0xc4>
    1f18:	8f01a583          	lw	a1,-1808(gp) # 20000280 <_ZL7g_scale+0xc0>
    1f1c:	8522                	mv	a0,s0
    1f1e:	0db080ef          	jal	ra,a7f8 <__lesf2>
    1f22:	04a05863          	blez	a0,1f72 <_ZN14_MOTOR_CONTROL9hold_loadEffR9MOTOR_PIDRfRhS2_RbS2_S4_.constprop.0.isra.0+0x156>
    1f26:	85a2                	mv	a1,s0
    1f28:	854a                	mv	a0,s2
    1f2a:	443080ef          	jal	ra,ab6c <__subsf3>
    1f2e:	8f41a583          	lw	a1,-1804(gp) # 20000284 <_ZL7g_scale+0xc4>
    1f32:	15f080ef          	jal	ra,a890 <__mulsf3>
    1f36:	8f81a583          	lw	a1,-1800(gp) # 20000288 <_ZL7g_scale+0xc8>
    1f3a:	178080ef          	jal	ra,a0b2 <__addsf3>
    1f3e:	85aa                	mv	a1,a0
    1f40:	80000537          	lui	a0,0x80000
    1f44:	01754533          	xor	a0,a0,s7
    1f48:	149080ef          	jal	ra,a890 <__mulsf3>
    1f4c:	00a9a023          	sw	a0,0(s3)
    1f50:	00000793          	li	a5,0
    1f54:	8e41a503          	lw	a0,-1820(gp) # 20000274 <_ZL7g_scale+0xb4>
    1f58:	c4dc                	sw	a5,12(s1)
    1f5a:	c89c                	sw	a5,16(s1)
    1f5c:	4485                	li	s1,1
    1f5e:	009a8023          	sb	s1,0(s5)
    1f62:	85a2                	mv	a1,s0
    1f64:	409080ef          	jal	ra,ab6c <__subsf3>
    1f68:	00aa2023          	sw	a0,0(s4)
    1f6c:	009c0023          	sb	s1,0(s8)
    1f70:	b7a9                	j	1eba <_ZN14_MOTOR_CONTROL9hold_loadEffR9MOTOR_PIDRfRhS2_RbS2_S4_.constprop.0.isra.0+0x9e>
    1f72:	8a81a583          	lw	a1,-1880(gp) # 20000238 <_ZL7g_scale+0x78>
    1f76:	b7e9                	j	1f40 <_ZN14_MOTOR_CONTROL9hold_loadEffR9MOTOR_PIDRfRhS2_RbS2_S4_.constprop.0.isra.0+0x124>

00001f78 <_Z19ADC_DMA_gpio_analogv>:
    1f78:	9defe2ef          	jal	t0,156 <__riscv_save_0>
    1f7c:	40021737          	lui	a4,0x40021
    1f80:	4f1c                	lw	a5,24(a4)
    1f82:	1141                	addi	sp,sp,-16
    1f84:	40011537          	lui	a0,0x40011
    1f88:	0047e793          	ori	a5,a5,4
    1f8c:	cf1c                	sw	a5,24(a4)
    1f8e:	478d                	li	a5,3
    1f90:	c43e                	sw	a5,8(sp)
    1f92:	004c                	addi	a1,sp,4
    1f94:	0ff00793          	li	a5,255
    1f98:	80050513          	addi	a0,a0,-2048 # 40010800 <__freertos_irq_stack_top+0x2000b800>
    1f9c:	827c                	sh	a5,4(sp)
    1f9e:	00011323          	sh	zero,6(sp)
    1fa2:	00011623          	sh	zero,12(sp)
    1fa6:	00011723          	sh	zero,14(sp)
    1faa:	b27ff0ef          	jal	ra,1ad0 <GPIO_Init>
    1fae:	0141                	addi	sp,sp,16
    1fb0:	9cafe06f          	j	17a <__riscv_restore_0>

00001fb4 <_Z32MC_PULL_detect_channels_insertedv>:
    1fb4:	aa41c783          	lbu	a5,-1372(gp) # 20000434 <_ZL16g_adc_dma_inited>
    1fb8:	e781                	bnez	a5,1fc0 <_Z32MC_PULL_detect_channels_insertedv+0xc>
    1fba:	a801a823          	sw	zero,-1392(gp) # 20000420 <filament_channel_inserted>
    1fbe:	8082                	ret
    1fc0:	96efe2ef          	jal	t0,12e <__riscv_save_10>
    1fc4:	1101                	addi	sp,sp,-32
    1fc6:	3f4d                	jal	1f78 <_Z19ADC_DMA_gpio_analogv>
    1fc8:	400207b7          	lui	a5,0x40020
    1fcc:	473d                	li	a4,15
    1fce:	c3d8                	sw	a4,4(a5)
    1fd0:	0ff0000f          	fence
    1fd4:	9b2fe0ef          	jal	ra,186 <_ZL12filter_resetv>
    1fd8:	a32ff0ef          	jal	ra,120a <_Z17ADC_DMA_wait_fullv>
    1fdc:	000207b7          	lui	a5,0x20
    1fe0:	40678793          	addi	a5,a5,1030 # 20406 <ch32v20x_wwdg.c.f78e58f2+0x310b>
    1fe4:	c63e                	sw	a5,12(sp)
    1fe6:	00000793          	li	a5,0
    1fea:	c83e                	sw	a5,16(sp)
    1fec:	ca3e                	sw	a5,20(sp)
    1fee:	cc3e                	sw	a5,24(sp)
    1ff0:	ce3e                	sw	a5,28(sp)
    1ff2:	4441                	li	s0,16
    1ff4:	4a91                	li	s5,4
    1ff6:	b94fe0ef          	jal	ra,38a <_Z17ADC_DMA_get_valuev>
    1ffa:	0804                	addi	s1,sp,16
    1ffc:	8a2a                	mv	s4,a0
    1ffe:	89a6                	mv	s3,s1
    2000:	4901                	li	s2,0
    2002:	007c                	addi	a5,sp,12
    2004:	97ca                	add	a5,a5,s2
    2006:	239c                	lbu	a5,0(a5)
    2008:	0009a503          	lw	a0,0(s3)
    200c:	0905                	addi	s2,s2,1
    200e:	078a                	slli	a5,a5,0x2
    2010:	97d2                	add	a5,a5,s4
    2012:	438c                	lw	a1,0(a5)
    2014:	0991                	addi	s3,s3,4
    2016:	09c080ef          	jal	ra,a0b2 <__addsf3>
    201a:	fea9ae23          	sw	a0,-4(s3)
    201e:	ff5912e3          	bne	s2,s5,2002 <_Z32MC_PULL_detect_channels_insertedv+0x4e>
    2022:	4509                	li	a0,2
    2024:	147d                	addi	s0,s0,-1
    2026:	9b2ff0ef          	jal	ra,11d8 <delay.part.0>
    202a:	f471                	bnez	s0,1ff6 <_Z32MC_PULL_detect_channels_insertedv+0x42>
    202c:	8fc1ab03          	lw	s6,-1796(gp) # 2000028c <_ZL7g_scale+0xcc>
    2030:	9001aa83          	lw	s5,-1792(gp) # 20000290 <_ZL7g_scale+0xd0>
    2034:	9041ab83          	lw	s7,-1788(gp) # 20000294 <_ZL7g_scale+0xd4>
    2038:	a9018913          	addi	s2,gp,-1392 # 20000420 <filament_channel_inserted>
    203c:	4a11                	li	s4,4
    203e:	4088                	lw	a0,0(s1)
    2040:	85da                	mv	a1,s6
    2042:	04f080ef          	jal	ra,a890 <__mulsf3>
    2046:	85d6                	mv	a1,s5
    2048:	89aa                	mv	s3,a0
    204a:	718080ef          	jal	ra,a762 <__gesf2>
    204e:	02a05163          	blez	a0,2070 <_Z32MC_PULL_detect_channels_insertedv+0xbc>
    2052:	85de                	mv	a1,s7
    2054:	854e                	mv	a0,s3
    2056:	7a2080ef          	jal	ra,a7f8 <__lesf2>
    205a:	817d                	srli	a0,a0,0x1f
    205c:	012407b3          	add	a5,s0,s2
    2060:	a388                	sb	a0,0(a5)
    2062:	0405                	addi	s0,s0,1
    2064:	0491                	addi	s1,s1,4 # 40022004 <__freertos_irq_stack_top+0x2001d004>
    2066:	fd441ce3          	bne	s0,s4,203e <_Z32MC_PULL_detect_channels_insertedv+0x8a>
    206a:	6105                	addi	sp,sp,32
    206c:	8fafe06f          	j	166 <__riscv_restore_10>
    2070:	4501                	li	a0,0
    2072:	b7ed                	j	205c <_Z32MC_PULL_detect_channels_insertedv+0xa8>

00002074 <_ZL13adc_calibrateP11ADC_TypeDef>:
    2074:	451c                	lw	a5,8(a0)
    2076:	fc000737          	lui	a4,0xfc000
    207a:	177d                	addi	a4,a4,-1 # fbffffff <__freertos_irq_stack_top+0xdbffafff>
    207c:	0017e793          	ori	a5,a5,1
    2080:	c51c                	sw	a5,8(a0)
    2082:	415c                	lw	a5,4(a0)
    2084:	8ff9                	and	a5,a5,a4
    2086:	c15c                	sw	a5,4(a0)
    2088:	451c                	lw	a5,8(a0)
    208a:	0087e793          	ori	a5,a5,8
    208e:	c51c                	sw	a5,8(a0)
    2090:	451c                	lw	a5,8(a0)
    2092:	8ba1                	andi	a5,a5,8
    2094:	fff5                	bnez	a5,2090 <_ZL13adc_calibrateP11ADC_TypeDef+0x1c>
    2096:	451c                	lw	a5,8(a0)
    2098:	0047e793          	ori	a5,a5,4
    209c:	c51c                	sw	a5,8(a0)
    209e:	451c                	lw	a5,8(a0)
    20a0:	8b91                	andi	a5,a5,4
    20a2:	fff5                	bnez	a5,209e <_ZL13adc_calibrateP11ADC_TypeDef+0x2a>
    20a4:	8082                	ret

000020a6 <_Z12ADC_DMA_initv.part.0>:
    20a6:	896fe2ef          	jal	t0,13c <__riscv_save_4>
    20aa:	400217b7          	lui	a5,0x40021
    20ae:	4f98                	lw	a4,24(a5)
    20b0:	76d1                	lui	a3,0xffff4
    20b2:	16fd                	addi	a3,a3,-1 # ffff3fff <__freertos_irq_stack_top+0xdffeefff>
    20b4:	00476713          	ori	a4,a4,4
    20b8:	cf98                	sw	a4,24(a5)
    20ba:	4bd8                	lw	a4,20(a5)
    20bc:	20002937          	lui	s2,0x20002
    20c0:	4401                	li	s0,0
    20c2:	00176713          	ori	a4,a4,1
    20c6:	cbd8                	sw	a4,20(a5)
    20c8:	4f98                	lw	a4,24(a5)
    20ca:	35090913          	addi	s2,s2,848 # 20002350 <_ZL9g_dma_buf>
    20ce:	20076713          	ori	a4,a4,512
    20d2:	cf98                	sw	a4,24(a5)
    20d4:	4f98                	lw	a4,24(a5)
    20d6:	40076713          	ori	a4,a4,1024
    20da:	cf98                	sw	a4,24(a5)
    20dc:	43d8                	lw	a4,4(a5)
    20de:	8f75                	and	a4,a4,a3
    20e0:	66b1                	lui	a3,0xc
    20e2:	8f55                	or	a4,a4,a3
    20e4:	c3d8                	sw	a4,4(a5)
    20e6:	3d49                	jal	1f78 <_Z19ADC_DMA_gpio_analogv>
    20e8:	56fd                	li	a3,-1
    20ea:	20000713          	li	a4,512
    20ee:	00241793          	slli	a5,s0,0x2
    20f2:	97ca                	add	a5,a5,s2
    20f4:	c394                	sw	a3,0(a5)
    20f6:	0405                	addi	s0,s0,1
    20f8:	fee41be3          	bne	s0,a4,20ee <_Z12ADC_DMA_initv.part.0+0x48>
    20fc:	88afe0ef          	jal	ra,186 <_ZL12filter_resetv>
    2100:	400207b7          	lui	a5,0x40020
    2104:	4790                	lw	a2,8(a5)
    2106:	6741                	lui	a4,0x10
    2108:	1779                	addi	a4,a4,-2 # fffe <MC_PULL_calibration.cpp.a99f3330+0x113e>
    210a:	8e79                	and	a2,a2,a4
    210c:	c790                	sw	a2,8(a5)
    210e:	0007a423          	sw	zero,8(a5) # 40020008 <__freertos_irq_stack_top+0x2001b008>
    2112:	0007a623          	sw	zero,12(a5)
    2116:	0007a823          	sw	zero,16(a5)
    211a:	0007aa23          	sw	zero,20(a5)
    211e:	43d0                	lw	a2,4(a5)
    2120:	46bd                	li	a3,15
    2122:	e0f10537          	lui	a0,0xe0f10
    2126:	00f66613          	ori	a2,a2,15
    212a:	c3d0                	sw	a2,4(a5)
    212c:	4790                	lw	a2,8(a5)
    212e:	eff50513          	addi	a0,a0,-257 # e0f0feff <__freertos_irq_stack_top+0xc0f0aeff>
    2132:	fff1f5b7          	lui	a1,0xfff1f
    2136:	8f71                	and	a4,a4,a2
    2138:	c798                	sw	a4,8(a5)
    213a:	4798                	lw	a4,8(a5)
    213c:	7661                	lui	a2,0xffff8
    213e:	063d                	addi	a2,a2,15 # ffff800f <__freertos_irq_stack_top+0xdfff300f>
    2140:	8f71                	and	a4,a4,a2
    2142:	660d                	lui	a2,0x3
    2144:	aa060613          	addi	a2,a2,-1376 # 2aa0 <_ZL16motor_motion_runiym+0x5c0>
    2148:	8f51                	or	a4,a4,a2
    214a:	c798                	sw	a4,8(a5)
    214c:	40012737          	lui	a4,0x40012
    2150:	c7c0                	sw	s0,12(a5)
    2152:	44c70613          	addi	a2,a4,1100 # 4001244c <__freertos_irq_stack_top+0x2000d44c>
    2156:	cb90                	sw	a2,16(a5)
    2158:	0127aa23          	sw	s2,20(a5)
    215c:	c7c0                	sw	s0,12(a5)
    215e:	c3d4                	sw	a3,4(a5)
    2160:	4794                	lw	a3,8(a5)
    2162:	7fd58593          	addi	a1,a1,2045 # fff1f7fd <__freertos_irq_stack_top+0xdff1a7fd>
    2166:	000e0637          	lui	a2,0xe0
    216a:	9ac5                	andi	a3,a3,-15
    216c:	c794                	sw	a3,8(a5)
    216e:	400217b7          	lui	a5,0x40021
    2172:	47d4                	lw	a3,12(a5)
    2174:	0609                	addi	a2,a2,2 # e0002 <ch32v20x_wwdg.c.f78e58f2+0xc2d07>
    2176:	00700837          	lui	a6,0x700
    217a:	2006e693          	ori	a3,a3,512
    217e:	c7d4                	sw	a3,12(a5)
    2180:	47d4                	lw	a3,12(a5)
    2182:	40012f37          	lui	t5,0x40012
    2186:	4f8d                	li	t6,3
    2188:	dff6f693          	andi	a3,a3,-513
    218c:	c7d4                	sw	a3,12(a5)
    218e:	47d4                	lw	a3,12(a5)
    2190:	489d                	li	a7,7
    2192:	4319                	li	t1,6
    2194:	4006e693          	ori	a3,a3,1024
    2198:	c7d4                	sw	a3,12(a5)
    219a:	47d4                	lw	a3,12(a5)
    219c:	4e7d                	li	t3,31
    219e:	40013eb7          	lui	t4,0x40013
    21a2:	bff6f693          	andi	a3,a3,-1025
    21a6:	c7d4                	sw	a3,12(a5)
    21a8:	40070793          	addi	a5,a4,1024
    21ac:	43d8                	lw	a4,4(a5)
    21ae:	000606b7          	lui	a3,0x60
    21b2:	10068693          	addi	a3,a3,256 # 60100 <ch32v20x_wwdg.c.f78e58f2+0x42e05>
    21b6:	8f69                	and	a4,a4,a0
    21b8:	8f55                	or	a4,a4,a3
    21ba:	c3d8                	sw	a4,4(a5)
    21bc:	4798                	lw	a4,8(a5)
    21be:	ff1006b7          	lui	a3,0xff100
    21c2:	16fd                	addi	a3,a3,-1 # ff0fffff <__freertos_irq_stack_top+0xdf0fafff>
    21c4:	8f6d                	and	a4,a4,a1
    21c6:	8f51                	or	a4,a4,a2
    21c8:	c798                	sw	a4,8(a5)
    21ca:	57d8                	lw	a4,44(a5)
    21cc:	8f75                	and	a4,a4,a3
    21ce:	01076733          	or	a4,a4,a6
    21d2:	d7d8                	sw	a4,44(a5)
    21d4:	400137b7          	lui	a5,0x40013
    21d8:	80078793          	addi	a5,a5,-2048 # 40012800 <__freertos_irq_stack_top+0x2000d800>
    21dc:	43d8                	lw	a4,4(a5)
    21de:	8f69                	and	a4,a4,a0
    21e0:	10076713          	ori	a4,a4,256
    21e4:	c3d8                	sw	a4,4(a5)
    21e6:	4798                	lw	a4,8(a5)
    21e8:	8f6d                	and	a4,a4,a1
    21ea:	8f51                	or	a4,a4,a2
    21ec:	c798                	sw	a4,8(a5)
    21ee:	57d8                	lw	a4,44(a5)
    21f0:	8f75                	and	a4,a4,a3
    21f2:	01076733          	or	a4,a4,a6
    21f6:	d7d8                	sw	a4,44(a5)
    21f8:	4701                	li	a4,0
    21fa:	4781                	li	a5,0
    21fc:	03f785b3          	mul	a1,a5,t6
    2200:	400f0413          	addi	s0,t5,1024 # 40012400 <__freertos_irq_stack_top+0x2000d400>
    2204:	4814                	lw	a3,16(s0)
    2206:	00178293          	addi	t0,a5,1
    220a:	00b89833          	sll	a6,a7,a1
    220e:	fff84813          	not	a6,a6
    2212:	0106f6b3          	and	a3,a3,a6
    2216:	00b315b3          	sll	a1,t1,a1
    221a:	8ecd                	or	a3,a3,a1
    221c:	c814                	sw	a3,16(s0)
    221e:	0ff2f693          	zext.b	a3,t0
    2222:	02d36a63          	bltu	t1,a3,2256 <_Z12ADC_DMA_initv.part.0+0x1b0>
    2226:	5850                	lw	a2,52(s0)
    2228:	00ee16b3          	sll	a3,t3,a4
    222c:	fff6c693          	not	a3,a3
    2230:	00e797b3          	sll	a5,a5,a4
    2234:	8e75                	and	a2,a2,a3
    2236:	8e5d                	or	a2,a2,a5
    2238:	d850                	sw	a2,52(s0)
    223a:	800e8513          	addi	a0,t4,-2048 # 40012800 <__freertos_irq_stack_top+0x2000d800>
    223e:	4910                	lw	a2,16(a0)
    2240:	0715                	addi	a4,a4,5
    2242:	01067633          	and	a2,a2,a6
    2246:	8e4d                	or	a2,a2,a1
    2248:	c910                	sw	a2,16(a0)
    224a:	5950                	lw	a2,52(a0)
    224c:	8ef1                	and	a3,a3,a2
    224e:	8fd5                	or	a5,a5,a3
    2250:	d95c                	sw	a5,52(a0)
    2252:	8796                	mv	a5,t0
    2254:	b765                	j	21fc <_Z12ADC_DMA_initv.part.0+0x156>
    2256:	5808                	lw	a0,48(s0)
    2258:	fe270693          	addi	a3,a4,-30
    225c:	00de1633          	sll	a2,t3,a3
    2260:	fff64613          	not	a2,a2
    2264:	8d71                	and	a0,a0,a2
    2266:	00d796b3          	sll	a3,a5,a3
    226a:	8d55                	or	a0,a0,a3
    226c:	d808                	sw	a0,48(s0)
    226e:	800e8493          	addi	s1,t4,-2048
    2272:	4888                	lw	a0,16(s1)
    2274:	01057533          	and	a0,a0,a6
    2278:	8dc9                	or	a1,a1,a0
    227a:	c88c                	sw	a1,16(s1)
    227c:	588c                	lw	a1,48(s1)
    227e:	8e6d                	and	a2,a2,a1
    2280:	8ed1                	or	a3,a3,a2
    2282:	d894                	sw	a3,48(s1)
    2284:	01178563          	beq	a5,a7,228e <_Z12ADC_DMA_initv.part.0+0x1e8>
    2288:	0715                	addi	a4,a4,5
    228a:	479d                	li	a5,7
    228c:	bf85                	j	21fc <_Z12ADC_DMA_initv.part.0+0x156>
    228e:	8522                	mv	a0,s0
    2290:	33d5                	jal	2074 <_ZL13adc_calibrateP11ADC_TypeDef>
    2292:	8526                	mv	a0,s1
    2294:	33c5                	jal	2074 <_ZL13adc_calibrateP11ADC_TypeDef>
    2296:	441c                	lw	a5,8(s0)
    2298:	40020737          	lui	a4,0x40020
    229c:	1007e793          	ori	a5,a5,256
    22a0:	c41c                	sw	a5,8(s0)
    22a2:	471c                	lw	a5,8(a4)
    22a4:	0017e793          	ori	a5,a5,1
    22a8:	c71c                	sw	a5,8(a4)
    22aa:	449c                	lw	a5,8(s1)
    22ac:	00500737          	lui	a4,0x500
    22b0:	8fd9                	or	a5,a5,a4
    22b2:	c49c                	sw	a5,8(s1)
    22b4:	441c                	lw	a5,8(s0)
    22b6:	8fd9                	or	a5,a5,a4
    22b8:	c41c                	sw	a5,8(s0)
    22ba:	e000f7b7          	lui	a5,0xe000f
    22be:	4784                	lw	s1,8(a5)
    22c0:	82c1a403          	lw	s0,-2004(gp) # 200001bc <time_hw_tpms>
    22c4:	c809                	beqz	s0,22d6 <_Z12ADC_DMA_initv.part.0+0x230>
    22c6:	15e00793          	li	a5,350
    22ca:	02f43733          	mulhu	a4,s0,a5
    22ce:	02f40433          	mul	s0,s0,a5
    22d2:	c311                	beqz	a4,22d6 <_Z12ADC_DMA_initv.part.0+0x230>
    22d4:	547d                	li	s0,-1
    22d6:	e000f9b7          	lui	s3,0xe000f
    22da:	40020a37          	lui	s4,0x40020
    22de:	5afd                	li	s5,-1
    22e0:	0089a783          	lw	a5,8(s3) # e000f008 <__freertos_irq_stack_top+0xc000a008>
    22e4:	8f85                	sub	a5,a5,s1
    22e6:	0287ec63          	bltu	a5,s0,231e <_Z12ADC_DMA_initv.part.0+0x278>
    22ea:	40020737          	lui	a4,0x40020
    22ee:	431c                	lw	a5,0(a4)
    22f0:	00092583          	lw	a1,0(s2)
    22f4:	567d                	li	a2,-1
    22f6:	00c59463          	bne	a1,a2,22fe <_Z12ADC_DMA_initv.part.0+0x258>
    22fa:	8b99                	andi	a5,a5,6
    22fc:	cf8d                	beqz	a5,2336 <_Z12ADC_DMA_initv.part.0+0x290>
    22fe:	4785                	li	a5,1
    2300:	aaf18223          	sb	a5,-1372(gp) # 20000434 <_ZL16g_adc_dma_inited>
    2304:	473d                	li	a4,15
    2306:	400207b7          	lui	a5,0x40020
    230a:	c3d8                	sw	a4,4(a5)
    230c:	c3d8                	sw	a4,4(a5)
    230e:	0ff0000f          	fence
    2312:	e75fd0ef          	jal	ra,186 <_ZL12filter_resetv>
    2316:	ef5fe0ef          	jal	ra,120a <_Z17ADC_DMA_wait_fullv>
    231a:	e57fd06f          	j	170 <__riscv_restore_4>
    231e:	000a2783          	lw	a5,0(s4) # 40020000 <__freertos_irq_stack_top+0x2001b000>
    2322:	8bb9                	andi	a5,a5,14
    2324:	f3f9                	bnez	a5,22ea <_Z12ADC_DMA_initv.part.0+0x244>
    2326:	00092783          	lw	a5,0(s2)
    232a:	fd5790e3          	bne	a5,s5,22ea <_Z12ADC_DMA_initv.part.0+0x244>
    232e:	4505                	li	a0,1
    2330:	ea9fe0ef          	jal	ra,11d8 <delay.part.0>
    2334:	b775                	j	22e0 <_Z12ADC_DMA_initv.part.0+0x23a>
    2336:	aa018223          	sb	zero,-1372(gp) # 20000434 <_ZL16g_adc_dma_inited>
    233a:	47bd                	li	a5,15
    233c:	c35c                	sw	a5,4(a4)
    233e:	bff1                	j	231a <_Z12ADC_DMA_initv.part.0+0x274>

00002340 <_ZN12WS2812_class4initEhP12GPIO_TypeDeft>:
    2340:	e17fd2ef          	jal	t0,156 <__riscv_save_0>
    2344:	9dc1a783          	lw	a5,-1572(gp) # 2000036c <_ZL18g_ws2812_rst_ticks>
    2348:	842a                	mv	s0,a0
    234a:	02040623          	sb	zero,44(s0)
    234e:	1101                	addi	sp,sp,-32
    2350:	8532                	mv	a0,a2
    2352:	eb91                	bnez	a5,2366 <_ZN12WS2812_class4initEhP12GPIO_TypeDeft+0x26>
    2354:	81c1a603          	lw	a2,-2020(gp) # 200001ac <time_hw_tpus>
    2358:	06400793          	li	a5,100
    235c:	02c787b3          	mul	a5,a5,a2
    2360:	cbb5                	beqz	a5,23d4 <_ZN12WS2812_class4initEhP12GPIO_TypeDeft+0x94>
    2362:	9cf1ae23          	sw	a5,-1572(gp) # 2000036c <_ZL18g_ws2812_rst_ticks>
    2366:	400117b7          	lui	a5,0x40011
    236a:	a06c                	sb	a1,6(s0)
    236c:	c008                	sw	a0,0(s0)
    236e:	a056                	sh	a3,4(s0)
    2370:	80078713          	addi	a4,a5,-2048 # 40010800 <__freertos_irq_stack_top+0x2000b800>
    2374:	06e51263          	bne	a0,a4,23d8 <_ZN12WS2812_class4initEhP12GPIO_TypeDeft+0x98>
    2378:	40021737          	lui	a4,0x40021
    237c:	4f1c                	lw	a5,24(a4)
    237e:	0047e793          	ori	a5,a5,4
    2382:	cf1c                	sw	a5,24(a4)
    2384:	478d                	li	a5,3
    2386:	cc3e                	sw	a5,24(sp)
    2388:	084c                	addi	a1,sp,20
    238a:	47c1                	li	a5,16
    238c:	82f4                	sh	a3,20(sp)
    238e:	ce3e                	sw	a5,28(sp)
    2390:	00011b23          	sh	zero,22(sp)
    2394:	f3cff0ef          	jal	ra,1ad0 <GPIO_Init>
    2398:	401c                	lw	a5,0(s0)
    239a:	205a                	lhu	a4,4(s0)
    239c:	4581                	li	a1,0
    239e:	00840513          	addi	a0,s0,8
    23a2:	cbd8                	sw	a4,20(a5)
    23a4:	2064                	lbu	s1,6(s0)
    23a6:	00249613          	slli	a2,s1,0x2
    23aa:	c632                	sw	a2,12(sp)
    23ac:	d6bfd0ef          	jal	ra,116 <memset>
    23b0:	4632                	lw	a2,12(sp)
    23b2:	4581                	li	a1,0
    23b4:	01840513          	addi	a0,s0,24
    23b8:	d5ffd0ef          	jal	ra,116 <memset>
    23bc:	8626                	mv	a2,s1
    23be:	4581                	li	a1,0
    23c0:	02840513          	addi	a0,s0,40
    23c4:	d53fd0ef          	jal	ra,116 <memset>
    23c8:	4785                	li	a5,1
    23ca:	02f40623          	sb	a5,44(s0)
    23ce:	6105                	addi	sp,sp,32
    23d0:	dabfd06f          	j	17a <__riscv_restore_0>
    23d4:	4785                	li	a5,1
    23d6:	b771                	j	2362 <_ZN12WS2812_class4initEhP12GPIO_TypeDeft+0x22>
    23d8:	c0078713          	addi	a4,a5,-1024
    23dc:	00e51863          	bne	a0,a4,23ec <_ZN12WS2812_class4initEhP12GPIO_TypeDeft+0xac>
    23e0:	40021737          	lui	a4,0x40021
    23e4:	4f1c                	lw	a5,24(a4)
    23e6:	0087e793          	ori	a5,a5,8
    23ea:	bf61                	j	2382 <_ZN12WS2812_class4initEhP12GPIO_TypeDeft+0x42>
    23ec:	00f51863          	bne	a0,a5,23fc <_ZN12WS2812_class4initEhP12GPIO_TypeDeft+0xbc>
    23f0:	40021737          	lui	a4,0x40021
    23f4:	4f1c                	lw	a5,24(a4)
    23f6:	0107e793          	ori	a5,a5,16
    23fa:	b761                	j	2382 <_ZN12WS2812_class4initEhP12GPIO_TypeDeft+0x42>
    23fc:	40078793          	addi	a5,a5,1024
    2400:	f8f512e3          	bne	a0,a5,2384 <_ZN12WS2812_class4initEhP12GPIO_TypeDeft+0x44>
    2404:	40021737          	lui	a4,0x40021
    2408:	4f1c                	lw	a5,24(a4)
    240a:	0207e793          	ori	a5,a5,32
    240e:	bf95                	j	2382 <_ZN12WS2812_class4initEhP12GPIO_TypeDeft+0x42>

00002410 <_ZN20AS5600_soft_IIC_many17enable_gpio_clockEP12GPIO_TypeDef.constprop.0>:
    2410:	400117b7          	lui	a5,0x40011
    2414:	80078713          	addi	a4,a5,-2048 # 40010800 <__freertos_irq_stack_top+0x2000b800>
    2418:	00e51963          	bne	a0,a4,242a <_ZN20AS5600_soft_IIC_many17enable_gpio_clockEP12GPIO_TypeDef.constprop.0+0x1a>
    241c:	40021737          	lui	a4,0x40021
    2420:	4f1c                	lw	a5,24(a4)
    2422:	0047e793          	ori	a5,a5,4
    2426:	cf1c                	sw	a5,24(a4)
    2428:	8082                	ret
    242a:	c0078713          	addi	a4,a5,-1024
    242e:	00e51863          	bne	a0,a4,243e <_ZN20AS5600_soft_IIC_many17enable_gpio_clockEP12GPIO_TypeDef.constprop.0+0x2e>
    2432:	40021737          	lui	a4,0x40021
    2436:	4f1c                	lw	a5,24(a4)
    2438:	0087e793          	ori	a5,a5,8
    243c:	b7ed                	j	2426 <_ZN20AS5600_soft_IIC_many17enable_gpio_clockEP12GPIO_TypeDef.constprop.0+0x16>
    243e:	00f51863          	bne	a0,a5,244e <_ZN20AS5600_soft_IIC_many17enable_gpio_clockEP12GPIO_TypeDef.constprop.0+0x3e>
    2442:	40021737          	lui	a4,0x40021
    2446:	4f1c                	lw	a5,24(a4)
    2448:	0107e793          	ori	a5,a5,16
    244c:	bfe9                	j	2426 <_ZN20AS5600_soft_IIC_many17enable_gpio_clockEP12GPIO_TypeDef.constprop.0+0x16>
    244e:	40078793          	addi	a5,a5,1024
    2452:	fcf51be3          	bne	a0,a5,2428 <_ZN20AS5600_soft_IIC_many17enable_gpio_clockEP12GPIO_TypeDef.constprop.0+0x18>
    2456:	40021737          	lui	a4,0x40021
    245a:	4f1c                	lw	a5,24(a4)
    245c:	0207e793          	ori	a5,a5,32
    2460:	b7d9                	j	2426 <_ZN20AS5600_soft_IIC_many17enable_gpio_clockEP12GPIO_TypeDef.constprop.0+0x16>

00002462 <_ZN12WS2812_class14set_RGB_onlineEhhhhb.constprop.0>:
    2462:	217c                	lbu	a5,6(a0)
    2464:	4705                	li	a4,1
    2466:	00f77f63          	bgeu	a4,a5,2484 <_ZN12WS2812_class14set_RGB_onlineEhhhhb.constprop.0+0x22>
    246a:	01061793          	slli	a5,a2,0x10
    246e:	8fd5                	or	a5,a5,a3
    2470:	4554                	lw	a3,12(a0)
    2472:	05a2                	slli	a1,a1,0x8
    2474:	020504a3          	sb	zero,41(a0)
    2478:	8fcd                	or	a5,a5,a1
    247a:	00d78563          	beq	a5,a3,2484 <_ZN12WS2812_class14set_RGB_onlineEhhhhb.constprop.0+0x22>
    247e:	c55c                	sw	a5,12(a0)
    2480:	02e50623          	sb	a4,44(a0)
    2484:	8082                	ret

00002486 <_ZL14show_diag_stephhhii>:
    2486:	ca9fd2ef          	jal	t0,12e <__riscv_save_10>
    248a:	20002437          	lui	s0,0x20002
    248e:	21040493          	addi	s1,s0,528 # 20002210 <RGBOUT>
    2492:	8a2a                	mv	s4,a0
    2494:	8aae                	mv	s5,a1
    2496:	8b32                	mv	s6,a2
    2498:	89b6                	mv	s3,a3
    249a:	893a                	mv	s2,a4
    249c:	0c048b93          	addi	s7,s1,192
    24a0:	21040413          	addi	s0,s0,528
    24a4:	8522                	mv	a0,s0
    24a6:	86da                	mv	a3,s6
    24a8:	8656                	mv	a2,s5
    24aa:	85d2                	mv	a1,s4
    24ac:	03040413          	addi	s0,s0,48
    24b0:	3f4d                	jal	2462 <_ZN12WS2812_class14set_RGB_onlineEhhhhb.constprop.0>
    24b2:	ff7419e3          	bne	s0,s7,24a4 <_ZL14show_diag_stephhhii+0x1e>
    24b6:	bd6ff0ef          	jal	ra,188c <_Z10RGB_updatev>
    24ba:	854e                	mv	a0,s3
    24bc:	d49fe0ef          	jal	ra,1204 <delay>
    24c0:	8526                	mv	a0,s1
    24c2:	4681                	li	a3,0
    24c4:	4601                	li	a2,0
    24c6:	4581                	li	a1,0
    24c8:	03048493          	addi	s1,s1,48
    24cc:	3f59                	jal	2462 <_ZN12WS2812_class14set_RGB_onlineEhhhhb.constprop.0>
    24ce:	ff7499e3          	bne	s1,s7,24c0 <_ZL14show_diag_stephhhii+0x3a>
    24d2:	bbaff0ef          	jal	ra,188c <_Z10RGB_updatev>
    24d6:	854a                	mv	a0,s2
    24d8:	d2dfe0ef          	jal	ra,1204 <delay>
    24dc:	c8bfd06f          	j	166 <__riscv_restore_10>

000024e0 <_ZL16motor_motion_runiym>:
    24e0:	c47fd2ef          	jal	t0,126 <__riscv_save_12>
    24e4:	200024b7          	lui	s1,0x20002
    24e8:	7135                	addi	sp,sp,-160
    24ea:	200023b7          	lui	t2,0x20002
    24ee:	c6848893          	addi	a7,s1,-920 # 20001c68 <_ZL13dm_auto_t0_ms>
    24f2:	c6848493          	addi	s1,s1,-920
    24f6:	200022b7          	lui	t0,0x20002
    24fa:	81818093          	addi	ra,gp,-2024 # 200001a8 <_ZL9dm_loaded>
    24fe:	cc26                	sw	s1,24(sp)
    2500:	c5838493          	addi	s1,t2,-936 # 20001c58 <_ZL16dm_auto_remain_m>
    2504:	d886                	sw	ra,112(sp)
    2506:	d626                	sw	s1,44(sp)
    2508:	a8018093          	addi	ra,gp,-1408 # 20000410 <_ZL13dm_fail_latch>
    250c:	c4828493          	addi	s1,t0,-952 # 20001c48 <_ZL14dm_auto_last_m>
    2510:	a4818f13          	addi	t5,gp,-1464 # 200003d8 <_ZL16dm_autoload_gate>
    2514:	d686                	sw	ra,108(sp)
    2516:	d2a6                	sw	s1,100(sp)
    2518:	a5018093          	addi	ra,gp,-1456 # 200003e0 <_ZL13dm_auto_state>
    251c:	a4818493          	addi	s1,gp,-1464 # 200003d8 <_ZL16dm_autoload_gate>
    2520:	20002737          	lui	a4,0x20002
    2524:	c5838813          	addi	a6,t2,-936
    2528:	200027b7          	lui	a5,0x20002
    252c:	ce06                	sw	ra,28(sp)
    252e:	c326                	sw	s1,132(sp)
    2530:	a4c18093          	addi	ra,gp,-1460 # 200003dc <_ZL11dm_auto_try>
    2534:	a9018493          	addi	s1,gp,-1392 # 20000420 <filament_channel_inserted>
    2538:	842a                	mv	s0,a0
    253a:	c82e                	sw	a1,16(sp)
    253c:	ca32                	sw	a2,20(sp)
    253e:	a4c18313          	addi	t1,gp,-1460 # 200003dc <_ZL11dm_auto_try>
    2542:	c1870d93          	addi	s11,a4,-1000 # 20001c18 <_ZL21filament_now_position>
    2546:	d0a6                	sw	s1,96(sp)
    2548:	81818613          	addi	a2,gp,-2024 # 200001a8 <_ZL9dm_loaded>
    254c:	a8018f93          	addi	t6,gp,-1408 # 20000410 <_ZL13dm_fail_latch>
    2550:	a5018e13          	addi	t3,gp,-1456 # 200003e0 <_ZL13dm_auto_state>
    2554:	c4828513          	addi	a0,t0,-952
    2558:	c2878793          	addi	a5,a5,-984 # 20001c28 <_ZL20dm_loaded_drop_t0_ms>
    255c:	c1870713          	addi	a4,a4,-1000
    2560:	4581                	li	a1,0
    2562:	d806                	sw	ra,48(sp)
    2564:	a8418393          	addi	t2,gp,-1404 # 20000414 <_ZL17MC_ONLINE_key_stu>
    2568:	4905                	li	s2,1
    256a:	4491                	li	s1,4
    256c:	5e86                	lw	t4,96(sp)
    256e:	9eae                	add	t4,t4,a1
    2570:	000ece83          	lbu	t4,0(t4)
    2574:	2e0e9b63          	bnez	t4,286a <_ZL16motor_motion_runiym+0x38a>
    2578:	4981                	li	s3,0
    257a:	4a01                	li	s4,0
    257c:	00000e93          	li	t4,0
    2580:	01260023          	sb	s2,0(a2)
    2584:	000f8023          	sb	zero,0(t6)
    2588:	000e0023          	sb	zero,0(t3)
    258c:	00030023          	sb	zero,0(t1)
    2590:	0138a023          	sw	s3,0(a7)
    2594:	0148a223          	sw	s4,4(a7)
    2598:	01d82023          	sw	t4,0(a6) # 700000 <ch32v20x_wwdg.c.f78e58f2+0x6e2d05>
    259c:	01d52023          	sw	t4,0(a0)
    25a0:	0137a023          	sw	s3,0(a5)
    25a4:	0147a223          	sw	s4,4(a5)
    25a8:	000f0023          	sb	zero,0(t5)
    25ac:	0585                	addi	a1,a1,1
    25ae:	0605                	addi	a2,a2,1
    25b0:	0f85                	addi	t6,t6,1
    25b2:	0e05                	addi	t3,t3,1
    25b4:	0305                	addi	t1,t1,1
    25b6:	08a1                	addi	a7,a7,8
    25b8:	0811                	addi	a6,a6,4
    25ba:	0511                	addi	a0,a0,4
    25bc:	07a1                	addi	a5,a5,8
    25be:	0f05                	addi	t5,t5,1
    25c0:	0711                	addi	a4,a4,4
    25c2:	fa9595e3          	bne	a1,s1,256c <_ZL16motor_motion_runiym+0x8c>
    25c6:	a441c603          	lbu	a2,-1468(gp) # 200003d4 <_ZZL16motor_motion_runiymE15have_last_ticks>
    25ca:	36061363          	bnez	a2,2930 <_ZL16motor_motion_runiym+0x450>
    25ce:	4605                	li	a2,1
    25d0:	a4c18223          	sb	a2,-1468(gp) # 200003d4 <_ZZL16motor_motion_runiymE15have_last_ticks>
    25d4:	a4d1a023          	sw	a3,-1472(gp) # 200003d0 <_ZZL16motor_motion_runiymE10last_ticks>
    25d8:	00000793          	li	a5,0
    25dc:	ce82                	sw	zero,92(sp)
    25de:	de3e                	sw	a5,60(sp)
    25e0:	20002637          	lui	a2,0x20002
    25e4:	21060793          	addi	a5,a2,528 # 20002210 <RGBOUT>
    25e8:	21060613          	addi	a2,a2,528
    25ec:	d232                	sw	a2,36(sp)
    25ee:	a7818613          	addi	a2,gp,-1416 # 20000408 <_ZL18g_on_use_low_latch>
    25f2:	d03e                	sw	a5,32(sp)
    25f4:	a8418693          	addi	a3,gp,-1404 # 20000414 <_ZL17MC_ONLINE_key_stu>
    25f8:	4701                	li	a4,0
    25fa:	a8418d13          	addi	s10,gp,-1404 # 20000414 <_ZL17MC_ONLINE_key_stu>
    25fe:	ccb2                	sw	a2,88(sp)
    2600:	4805                	li	a6,1
    2602:	4511                	li	a0,4
    2604:	45e6                	lw	a1,88(sp)
    2606:	23f0                	lbu	a2,6(a5)
    2608:	95ba                	add	a1,a1,a4
    260a:	218c                	lbu	a1,0(a1)
    260c:	36058b63          	beqz	a1,2982 <_ZL16motor_motion_runiym+0x4a2>
    2610:	ca19                	beqz	a2,2626 <_ZL16motor_motion_runiym+0x146>
    2612:	478c                	lw	a1,8(a5)
    2614:	6641                	lui	a2,0x10
    2616:	f0060613          	addi	a2,a2,-256 # ff00 <MC_PULL_calibration.cpp.a99f3330+0x1040>
    261a:	00c58663          	beq	a1,a2,2626 <_ZL16motor_motion_runiym+0x146>
    261e:	c790                	sw	a2,8(a5)
    2620:	4605                	li	a2,1
    2622:	02c78623          	sb	a2,44(a5)
    2626:	0705                	addi	a4,a4,1
    2628:	03078793          	addi	a5,a5,48
    262c:	0685                	addi	a3,a3,1
    262e:	fca71be3          	bne	a4,a0,2604 <_ZL16motor_motion_runiym+0x124>
    2632:	4e041ae3          	bnez	s0,3326 <_ZL16motor_motion_runiym+0xe46>
    2636:	4542                	lw	a0,16(sp)
    2638:	45d2                	lw	a1,20(sp)
    263a:	20002737          	lui	a4,0x20002
    263e:	3e800613          	li	a2,1000
    2642:	4681                	li	a3,0
    2644:	94870b93          	addi	s7,a4,-1720 # 20001948 <_ZL15g_pull_remain_m>
    2648:	22f060ef          	jal	ra,9076 <__udivdi3>
    264c:	20002737          	lui	a4,0x20002
    2650:	20000c37          	lui	s8,0x20000
    2654:	94870713          	addi	a4,a4,-1720 # 20001948 <_ZL15g_pull_remain_m>
    2658:	200009b7          	lui	s3,0x20000
    265c:	c6ba                	sw	a4,76(sp)
    265e:	130c0713          	addi	a4,s8,304 # 20000130 <_ZL16g_pull_speed_set>
    2662:	c8ba                	sw	a4,80(sp)
    2664:	12098713          	addi	a4,s3,288 # 20000120 <_ZL25filament_pull_back_target>
    2668:	caba                	sw	a4,84(sp)
    266a:	20002737          	lui	a4,0x20002
    266e:	90870713          	addi	a4,a4,-1784 # 20001908 <_ZL25filament_pull_back_meters>
    2672:	200024b7          	lui	s1,0x20002
    2676:	00157793          	andi	a5,a0,1
    267a:	c2ba                	sw	a4,68(sp)
    267c:	5c82                	lw	s9,32(sp)
    267e:	20002737          	lui	a4,0x20002
    2682:	dc3e                	sw	a5,56(sp)
    2684:	9b870713          	addi	a4,a4,-1608 # 200019b8 <MOTOR_CONTROL>
    2688:	d9048793          	addi	a5,s1,-624 # 20001d90 <ams>
    268c:	d9048b13          	addi	s6,s1,-624
    2690:	d43e                	sw	a5,40(sp)
    2692:	130c0a93          	addi	s5,s8,304
    2696:	12098a13          	addi	s4,s3,288
    269a:	896e                	mv	s2,s11
    269c:	4781                	li	a5,0
    269e:	d9048493          	addi	s1,s1,-624
    26a2:	c0ba                	sw	a4,64(sp)
    26a4:	00092703          	lw	a4,0(s2)
    26a8:	4691                	li	a3,4
    26aa:	32d70163          	beq	a4,a3,29cc <_ZL16motor_motion_runiym+0x4ec>
    26ae:	4695                	li	a3,5
    26b0:	46d70163          	beq	a4,a3,2b12 <_ZL16motor_motion_runiym+0x632>
    26b4:	5722                	lw	a4,40(sp)
    26b6:	0405                	addi	s0,s0,1
    26b8:	0911                	addi	s2,s2,4
    26ba:	04070713          	addi	a4,a4,64
    26be:	d43a                	sw	a4,40(sp)
    26c0:	4711                	li	a4,4
    26c2:	0b91                	addi	s7,s7,4
    26c4:	0a91                	addi	s5,s5,4
    26c6:	0a11                	addi	s4,s4,4
    26c8:	030c8c93          	addi	s9,s9,48
    26cc:	fce41ce3          	bne	s0,a4,26a4 <_ZL16motor_motion_runiym+0x1c4>
    26d0:	ebcd                	bnez	a5,2782 <_ZL16motor_motion_runiym+0x2a2>
    26d2:	1044cc83          	lbu	s9,260(s1)
    26d6:	478d                	li	a5,3
    26d8:	da02                	sw	zero,52(sp)
    26da:	0197e863          	bltu	a5,s9,26ea <_ZL16motor_motion_runiym+0x20a>
    26de:	006c9793          	slli	a5,s9,0x6
    26e2:	94be                	add	s1,s1,a5
    26e4:	0354c783          	lbu	a5,53(s1)
    26e8:	da3e                	sw	a5,52(sp)
    26ea:	4866                	lw	a6,88(sp)
    26ec:	5902                	lw	s2,32(sp)
    26ee:	200029b7          	lui	s3,0x20002
    26f2:	20002ab7          	lui	s5,0x20002
    26f6:	200027b7          	lui	a5,0x20002
    26fa:	8f898993          	addi	s3,s3,-1800 # 200018f8 <_ZL21before_pb_retracted_m>
    26fe:	a2c18a13          	addi	s4,gp,-1492 # 200003bc <_ZL14before_pb_sign>
    2702:	8e8a8a93          	addi	s5,s5,-1816 # 200018e8 <_ZL16before_pb_last_m>
    2706:	a7418b93          	addi	s7,gp,-1420 # 20000404 <_ZL18g_on_use_jam_latch>
    270a:	4401                	li	s0,0
    270c:	9b878c13          	addi	s8,a5,-1608 # 200019b8 <MOTOR_CONTROL>
    2710:	09800793          	li	a5,152
    2714:	02f404b3          	mul	s1,s0,a5
    2718:	0ff47793          	zext.b	a5,s0
    271c:	94e2                	add	s1,s1,s8
    271e:	46fc8b63          	beq	s9,a5,2b94 <_ZL16motor_motion_runiym+0x6b4>
    2722:	5786                	lw	a5,96(sp)
    2724:	000da023          	sw	zero,0(s11)
    2728:	97a2                	add	a5,a5,s0
    272a:	239c                	lbu	a5,0(a5)
    272c:	44078c63          	beqz	a5,2b84 <_ZL16motor_motion_runiym+0x6a4>
    2730:	008d07b3          	add	a5,s10,s0
    2734:	239c                	lbu	a5,0(a5)
    2736:	ef89                	bnez	a5,2750 <_ZL16motor_motion_runiym+0x270>
    2738:	20002737          	lui	a4,0x20002
    273c:	d4870713          	addi	a4,a4,-696 # 20001d48 <_ZL21g_last_on_use_exit_ms>
    2740:	00341793          	slli	a5,s0,0x3
    2744:	97ba                	add	a5,a5,a4
    2746:	4398                	lw	a4,0(a5)
    2748:	43dc                	lw	a5,4(a5)
    274a:	8f5d                	or	a4,a4,a5
    274c:	42070c63          	beqz	a4,2b84 <_ZL16motor_motion_runiym+0x6a4>
    2750:	4742                	lw	a4,16(sp)
    2752:	47d2                	lw	a5,20(sp)
    2754:	d442                	sw	a6,40(sp)
    2756:	3e800613          	li	a2,1000
    275a:	4681                	li	a3,0
    275c:	459d                	li	a1,7
    275e:	8526                	mv	a0,s1
    2760:	b84fe0ef          	jal	ra,ae4 <_ZN14_MOTOR_CONTROL10set_motionE20filament_motion_enumyy>
    2764:	5822                	lw	a6,40(sp)
    2766:	0405                	addi	s0,s0,1
    2768:	4791                	li	a5,4
    276a:	03090913          	addi	s2,s2,48
    276e:	0d91                	addi	s11,s11,4
    2770:	0991                	addi	s3,s3,4
    2772:	0a05                	addi	s4,s4,1
    2774:	0a91                	addi	s5,s5,4
    2776:	0805                	addi	a6,a6,1
    2778:	0b85                	addi	s7,s7,1
    277a:	040b0b13          	addi	s6,s6,64
    277e:	f8f419e3          	bne	s0,a5,2710 <_ZL16motor_motion_runiym+0x230>
    2782:	4542                	lw	a0,16(sp)
    2784:	45d2                	lw	a1,20(sp)
    2786:	3e800613          	li	a2,1000
    278a:	4681                	li	a3,0
    278c:	0eb060ef          	jal	ra,9076 <__udivdi3>
    2790:	00157793          	andi	a5,a0,1
    2794:	c13e                	sw	a5,128(sp)
    2796:	a3818793          	addi	a5,gp,-1480 # 200003c8 <_ZL15auto_unload_arm>
    279a:	cabe                	sw	a5,84(sp)
    279c:	a3c18793          	addi	a5,gp,-1476 # 200003cc <_ZL18auto_unload_active>
    27a0:	c2be                	sw	a5,68(sp)
    27a2:	a3418793          	addi	a5,gp,-1484 # 200003c4 <_ZL19auto_unload_blocked>
    27a6:	c0be                	sw	a5,64(sp)
    27a8:	200027b7          	lui	a5,0x20002
    27ac:	99878793          	addi	a5,a5,-1640 # 20001998 <_ZL21auto_unload_arm_t0_ms>
    27b0:	c8be                	sw	a5,80(sp)
    27b2:	200027b7          	lui	a5,0x20002
    27b6:	97878d93          	addi	s11,a5,-1672 # 20001978 <_ZL24auto_unload_active_t0_ms>
    27ba:	200027b7          	lui	a5,0x20002
    27be:	95878793          	addi	a5,a5,-1704 # 20001958 <_ZL23auto_unload_empty_t0_ms>
    27c2:	dc3e                	sw	a5,56(sp)
    27c4:	200007b7          	lui	a5,0x20000
    27c8:	14078713          	addi	a4,a5,320 # 20000140 <_ZL13MC_PULL_pct_f>
    27cc:	14078793          	addi	a5,a5,320
    27d0:	c6be                	sw	a5,76(sp)
    27d2:	a5818793          	addi	a5,gp,-1448 # 200003e8 <_ZL13g_as5600_good>
    27d6:	debe                	sw	a5,124(sp)
    27d8:	82018793          	addi	a5,gp,-2016 # 200001b0 <MC_PULL_pct>
    27dc:	dcbe                	sw	a5,120(sp)
    27de:	8c81a783          	lw	a5,-1848(gp) # 20000258 <_ZL7g_scale+0x98>
    27e2:	20002437          	lui	s0,0x20002
    27e6:	9b840413          	addi	s0,s0,-1608 # 200019b8 <MOTOR_CONTROL>
    27ea:	c53e                	sw	a5,136(sp)
    27ec:	200027b7          	lui	a5,0x20002
    27f0:	d3478793          	addi	a5,a5,-716 # 20001d34 <_ZN14_MOTOR_CONTROL6x_prevE>
    27f4:	d4ba                	sw	a4,104(sp)
    27f6:	d402                	sw	zero,40(sp)
    27f8:	c73e                	sw	a5,140(sp)
    27fa:	57a2                	lw	a5,40(sp)
    27fc:	5776                	lw	a4,124(sp)
    27fe:	02814983          	lbu	s3,40(sp)
    2802:	97ba                	add	a5,a5,a4
    2804:	239c                	lbu	a5,0(a5)
    2806:	340795e3          	bnez	a5,3350 <_ZL16motor_motion_runiym+0xe70>
    280a:	4742                	lw	a4,16(sp)
    280c:	47d2                	lw	a5,20(sp)
    280e:	458d                	li	a1,3
    2810:	8522                	mv	a0,s0
    2812:	06400613          	li	a2,100
    2816:	4681                	li	a3,0
    2818:	accfe0ef          	jal	ra,ae4 <_ZN14_MOTOR_CONTROL10set_motionE20filament_motion_enumyy>
    281c:	4581                	li	a1,0
    281e:	854e                	mv	a0,s3
    2820:	ff4fe0ef          	jal	ra,1014 <_Z22Motion_control_set_PWMhi>
    2824:	57a2                	lw	a5,40(sp)
    2826:	4711                	li	a4,4
    2828:	09840413          	addi	s0,s0,152
    282c:	0785                	addi	a5,a5,1
    282e:	d43e                	sw	a5,40(sp)
    2830:	5782                	lw	a5,32(sp)
    2832:	0da1                	addi	s11,s11,8
    2834:	03078793          	addi	a5,a5,48
    2838:	d03e                	sw	a5,32(sp)
    283a:	47d6                	lw	a5,84(sp)
    283c:	0785                	addi	a5,a5,1
    283e:	cabe                	sw	a5,84(sp)
    2840:	4796                	lw	a5,68(sp)
    2842:	0785                	addi	a5,a5,1
    2844:	c2be                	sw	a5,68(sp)
    2846:	4786                	lw	a5,64(sp)
    2848:	0785                	addi	a5,a5,1
    284a:	c0be                	sw	a5,64(sp)
    284c:	47c6                	lw	a5,80(sp)
    284e:	07a1                	addi	a5,a5,8
    2850:	c8be                	sw	a5,80(sp)
    2852:	57e2                	lw	a5,56(sp)
    2854:	07a1                	addi	a5,a5,8
    2856:	dc3e                	sw	a5,56(sp)
    2858:	57a6                	lw	a5,104(sp)
    285a:	0791                	addi	a5,a5,4
    285c:	d4be                	sw	a5,104(sp)
    285e:	57a2                	lw	a5,40(sp)
    2860:	f8e79de3          	bne	a5,a4,27fa <_ZL16motor_motion_runiym+0x31a>
    2864:	610d                	addi	sp,sp,160
    2866:	8fdfd06f          	j	162 <__riscv_restore_12>
    286a:	00758eb3          	add	t4,a1,t2
    286e:	000ece83          	lbu	t4,0(t4)
    2872:	040e9163          	bnez	t4,28b4 <_ZL16motor_motion_runiym+0x3d4>
    2876:	00072e83          	lw	t4,0(a4)
    287a:	000e9463          	bnez	t4,2882 <_ZL16motor_motion_runiym+0x3a2>
    287e:	000f0023          	sb	zero,0(t5)
    2882:	00000e93          	li	t4,0
    2886:	4981                	li	s3,0
    2888:	4a01                	li	s4,0
    288a:	00060023          	sb	zero,0(a2)
    288e:	000f8023          	sb	zero,0(t6)
    2892:	000e0023          	sb	zero,0(t3)
    2896:	00030023          	sb	zero,0(t1)
    289a:	0138a023          	sw	s3,0(a7)
    289e:	0148a223          	sw	s4,4(a7)
    28a2:	01d82023          	sw	t4,0(a6)
    28a6:	01d52023          	sw	t4,0(a0)
    28aa:	0137a023          	sw	s3,0(a5)
    28ae:	0147a223          	sw	s4,4(a5)
    28b2:	b9ed                	j	25ac <_ZL16motor_motion_runiym+0xcc>
    28b4:	00064283          	lbu	t0,0(a2)
    28b8:	06028963          	beqz	t0,292a <_ZL16motor_motion_runiym+0x44a>
    28bc:	4285                	li	t0,1
    28be:	065e8663          	beq	t4,t0,292a <_ZL16motor_motion_runiym+0x44a>
    28c2:	0007ae83          	lw	t4,0(a5)
    28c6:	0047a283          	lw	t0,4(a5)
    28ca:	005ee9b3          	or	s3,t4,t0
    28ce:	00099963          	bnez	s3,28e0 <_ZL16motor_motion_runiym+0x400>
    28d2:	4ec2                	lw	t4,16(sp)
    28d4:	01d7a023          	sw	t4,0(a5)
    28d8:	4ed2                	lw	t4,20(sp)
    28da:	01d7a223          	sw	t4,4(a5)
    28de:	b1f9                	j	25ac <_ZL16motor_motion_runiym+0xcc>
    28e0:	40c2                	lw	ra,16(sp)
    28e2:	41d08eb3          	sub	t4,ra,t4
    28e6:	01d0b9b3          	sltu	s3,ra,t4
    28ea:	40d2                	lw	ra,20(sp)
    28ec:	405082b3          	sub	t0,ra,t0
    28f0:	01329663          	bne	t0,s3,28fc <_ZL16motor_motion_runiym+0x41c>
    28f4:	06300293          	li	t0,99
    28f8:	cbd2fae3          	bgeu	t0,t4,25ac <_ZL16motor_motion_runiym+0xcc>
    28fc:	4981                	li	s3,0
    28fe:	4a01                	li	s4,0
    2900:	00000e93          	li	t4,0
    2904:	00060023          	sb	zero,0(a2)
    2908:	0137a023          	sw	s3,0(a5)
    290c:	0147a223          	sw	s4,4(a5)
    2910:	000e0023          	sb	zero,0(t3)
    2914:	00030023          	sb	zero,0(t1)
    2918:	0138a023          	sw	s3,0(a7)
    291c:	0148a223          	sw	s4,4(a7)
    2920:	01d82023          	sw	t4,0(a6)
    2924:	01d52023          	sw	t4,0(a0)
    2928:	b151                	j	25ac <_ZL16motor_motion_runiym+0xcc>
    292a:	4981                	li	s3,0
    292c:	4a01                	li	s4,0
    292e:	bfb5                	j	28aa <_ZL16motor_motion_runiym+0x3ca>
    2930:	a401a783          	lw	a5,-1472(gp) # 200003d0 <_ZZL16motor_motion_runiymE10last_ticks>
    2934:	a4d1a023          	sw	a3,-1472(gp) # 200003d0 <_ZZL16motor_motion_runiymE10last_ticks>
    2938:	82c1a703          	lw	a4,-2004(gp) # 200001bc <time_hw_tpms>
    293c:	40f687b3          	sub	a5,a3,a5
    2940:	e311                	bnez	a4,2944 <_ZL16motor_motion_runiym+0x464>
    2942:	4705                	li	a4,1
    2944:	0c800693          	li	a3,200
    2948:	02d70733          	mul	a4,a4,a3
    294c:	ceba                	sw	a4,92(sp)
    294e:	00e7f363          	bgeu	a5,a4,2954 <_ZL16motor_motion_runiym+0x474>
    2952:	cebe                	sw	a5,92(sp)
    2954:	47f6                	lw	a5,92(sp)
    2956:	c80781e3          	beqz	a5,25d8 <_ZL16motor_motion_runiym+0xf8>
    295a:	4576                	lw	a0,92(sp)
    295c:	71a080ef          	jal	ra,b076 <__floatunsisf>
    2960:	84aa                	mv	s1,a0
    2962:	81c1a503          	lw	a0,-2020(gp) # 200001ac <time_hw_tpus>
    2966:	e111                	bnez	a0,296a <_ZL16motor_motion_runiym+0x48a>
    2968:	4505                	li	a0,1
    296a:	70c080ef          	jal	ra,b076 <__floatunsisf>
    296e:	9441a583          	lw	a1,-1724(gp) # 200002d4 <_ZL7g_scale+0x114>
    2972:	71f070ef          	jal	ra,a890 <__mulsf3>
    2976:	85aa                	mv	a1,a0
    2978:	8526                	mv	a0,s1
    297a:	2a1070ef          	jal	ra,a41a <__divsf3>
    297e:	de2a                	sw	a0,60(sp)
    2980:	b185                	j	25e0 <_ZL16motor_motion_runiym+0x100>
    2982:	55b6                	lw	a1,108(sp)
    2984:	95ba                	add	a1,a1,a4
    2986:	218c                	lbu	a1,0(a1)
    2988:	c80594e3          	bnez	a1,2610 <_ZL16motor_motion_runiym+0x130>
    298c:	55c6                	lw	a1,112(sp)
    298e:	95ba                	add	a1,a1,a4
    2990:	218c                	lbu	a1,0(a1)
    2992:	cc01                	beqz	s0,29aa <_ZL16motor_motion_runiym+0x4ca>
    2994:	c195                	beqz	a1,29b8 <_ZL16motor_motion_runiym+0x4d8>
    2996:	228c                	lbu	a1,0(a3)
    2998:	c185                	beqz	a1,29b8 <_ZL16motor_motion_runiym+0x4d8>
    299a:	c80606e3          	beqz	a2,2626 <_ZL16motor_motion_runiym+0x146>
    299e:	00354637          	lui	a2,0x354
    29a2:	478c                	lw	a1,8(a5)
    29a4:	83260613          	addi	a2,a2,-1998 # 353832 <ch32v20x_wwdg.c.f78e58f2+0x336537>
    29a8:	b98d                	j	261a <_ZL16motor_motion_runiym+0x13a>
    29aa:	c599                	beqz	a1,29b8 <_ZL16motor_motion_runiym+0x4d8>
    29ac:	228c                	lbu	a1,0(a3)
    29ae:	c589                	beqz	a1,29b8 <_ZL16motor_motion_runiym+0x4d8>
    29b0:	5586                	lw	a1,96(sp)
    29b2:	95ba                	add	a1,a1,a4
    29b4:	218c                	lbu	a1,0(a1)
    29b6:	b7cd                	j	2998 <_ZL16motor_motion_runiym+0x4b8>
    29b8:	c60607e3          	beqz	a2,2626 <_ZL16motor_motion_runiym+0x146>
    29bc:	4790                	lw	a2,8(a5)
    29be:	c60604e3          	beqz	a2,2626 <_ZL16motor_motion_runiym+0x146>
    29c2:	0007a423          	sw	zero,8(a5)
    29c6:	03078623          	sb	a6,44(a5)
    29ca:	b9b1                	j	2626 <_ZL16motor_motion_runiym+0x146>
    29cc:	4766                	lw	a4,88(sp)
    29ce:	006cc783          	lbu	a5,6(s9)
    29d2:	9722                	add	a4,a4,s0
    29d4:	2318                	lbu	a4,0(a4)
    29d6:	e719                	bnez	a4,29e4 <_ZL16motor_motion_runiym+0x504>
    29d8:	c78d                	beqz	a5,2a02 <_ZL16motor_motion_runiym+0x522>
    29da:	67c1                	lui	a5,0x10
    29dc:	008ca703          	lw	a4,8(s9)
    29e0:	17fd                	addi	a5,a5,-1 # ffff <MC_PULL_calibration.cpp.a99f3330+0x113f>
    29e2:	a809                	j	29f4 <_ZL16motor_motion_runiym+0x514>
    29e4:	5762                	lw	a4,56(sp)
    29e6:	db6d                	beqz	a4,29d8 <_ZL16motor_motion_runiym+0x4f8>
    29e8:	cf89                	beqz	a5,2a02 <_ZL16motor_motion_runiym+0x522>
    29ea:	008ca703          	lw	a4,8(s9)
    29ee:	67c1                	lui	a5,0x10
    29f0:	f0078793          	addi	a5,a5,-256 # ff00 <MC_PULL_calibration.cpp.a99f3330+0x1040>
    29f4:	00f70763          	beq	a4,a5,2a02 <_ZL16motor_motion_runiym+0x522>
    29f8:	00fca423          	sw	a5,8(s9)
    29fc:	4785                	li	a5,1
    29fe:	02fc8623          	sb	a5,44(s9)
    2a02:	000a2783          	lw	a5,0(s4)
    2a06:	4716                	lw	a4,68(sp)
    2a08:	da3e                	sw	a5,52(sp)
    2a0a:	00241793          	slli	a5,s0,0x2
    2a0e:	97ba                	add	a5,a5,a4
    2a10:	438c                	lw	a1,0(a5)
    2a12:	57a2                	lw	a5,40(sp)
    2a14:	5fc8                	lw	a0,60(a5)
    2a16:	156080ef          	jal	ra,ab6c <__subsf3>
    2a1a:	00000593          	li	a1,0
    2a1e:	89aa                	mv	s3,a0
    2a20:	5d9070ef          	jal	ra,a7f8 <__lesf2>
    2a24:	00055663          	bgez	a0,2a30 <_ZL16motor_motion_runiym+0x550>
    2a28:	800007b7          	lui	a5,0x80000
    2a2c:	0137c9b3          	xor	s3,a5,s3
    2a30:	09800793          	li	a5,152
    2a34:	02f40c33          	mul	s8,s0,a5
    2a38:	5552                	lw	a0,52(sp)
    2a3a:	4786                	lw	a5,64(sp)
    2a3c:	00000593          	li	a1,0
    2a40:	9c3e                	add	s8,s8,a5
    2a42:	5b7070ef          	jal	ra,a7f8 <__lesf2>
    2a46:	00a05863          	blez	a0,2a56 <_ZL16motor_motion_runiym+0x576>
    2a4a:	5552                	lw	a0,52(sp)
    2a4c:	85ce                	mv	a1,s3
    2a4e:	5ab070ef          	jal	ra,a7f8 <__lesf2>
    2a52:	02a04c63          	bgtz	a0,2a8a <_ZL16motor_motion_runiym+0x5aa>
    2a56:	00000793          	li	a5,0
    2a5a:	00fba023          	sw	a5,0(s7)
    2a5e:	9481a783          	lw	a5,-1720(gp) # 200002d8 <_ZL7g_scale+0x118>
    2a62:	4742                	lw	a4,16(sp)
    2a64:	06400613          	li	a2,100
    2a68:	00faa023          	sw	a5,0(s5)
    2a6c:	47d2                	lw	a5,20(sp)
    2a6e:	4681                	li	a3,0
    2a70:	458d                	li	a1,3
    2a72:	8562                	mv	a0,s8
    2a74:	870fe0ef          	jal	ra,ae4 <_ZN14_MOTOR_CONTROL10set_motionE20filament_motion_enumyy>
    2a78:	9081a783          	lw	a5,-1784(gp) # 20000298 <_ZL7g_scale+0xd8>
    2a7c:	00fa2023          	sw	a5,0(s4)
    2a80:	4795                	li	a5,5
    2a82:	00f92023          	sw	a5,0(s2)
    2a86:	4785                	li	a5,1
    2a88:	b135                	j	26b4 <_ZL16motor_motion_runiym+0x1d4>
    2a8a:	008d07b3          	add	a5,s10,s0
    2a8e:	239c                	lbu	a5,0(a5)
    2a90:	d3f9                	beqz	a5,2a56 <_ZL16motor_motion_runiym+0x576>
    2a92:	5552                	lw	a0,52(sp)
    2a94:	85ce                	mv	a1,s3
    2a96:	0d6080ef          	jal	ra,ab6c <__subsf3>
    2a9a:	00000593          	li	a1,0
    2a9e:	89aa                	mv	s3,a0
    2aa0:	4c3070ef          	jal	ra,a762 <__gesf2>
    2aa4:	00a04463          	bgtz	a0,2aac <_ZL16motor_motion_runiym+0x5cc>
    2aa8:	00000993          	li	s3,0
    2aac:	94c1a583          	lw	a1,-1716(gp) # 200002dc <_ZL7g_scale+0x11c>
    2ab0:	013ba023          	sw	s3,0(s7)
    2ab4:	854e                	mv	a0,s3
    2ab6:	165070ef          	jal	ra,a41a <__divsf3>
    2aba:	00000593          	li	a1,0
    2abe:	89aa                	mv	s3,a0
    2ac0:	539070ef          	jal	ra,a7f8 <__lesf2>
    2ac4:	00054d63          	bltz	a0,2ade <_ZL16motor_motion_runiym+0x5fe>
    2ac8:	8741a583          	lw	a1,-1932(gp) # 20000204 <_ZL7g_scale+0x44>
    2acc:	854e                	mv	a0,s3
    2ace:	495070ef          	jal	ra,a762 <__gesf2>
    2ad2:	8741a583          	lw	a1,-1932(gp) # 20000204 <_ZL7g_scale+0x44>
    2ad6:	00a05663          	blez	a0,2ae2 <_ZL16motor_motion_runiym+0x602>
    2ada:	89ae                	mv	s3,a1
    2adc:	a019                	j	2ae2 <_ZL16motor_motion_runiym+0x602>
    2ade:	00000993          	li	s3,0
    2ae2:	9501a583          	lw	a1,-1712(gp) # 200002e0 <_ZL7g_scale+0x120>
    2ae6:	854e                	mv	a0,s3
    2ae8:	5a9070ef          	jal	ra,a890 <__mulsf3>
    2aec:	9541a583          	lw	a1,-1708(gp) # 200002e4 <_ZL7g_scale+0x124>
    2af0:	5c2070ef          	jal	ra,a0b2 <__addsf3>
    2af4:	800007b7          	lui	a5,0x80000
    2af8:	8fa9                	xor	a5,a5,a0
    2afa:	00faa023          	sw	a5,0(s5)
    2afe:	4742                	lw	a4,16(sp)
    2b00:	47d2                	lw	a5,20(sp)
    2b02:	06400613          	li	a2,100
    2b06:	4681                	li	a3,0
    2b08:	4589                	li	a1,2
    2b0a:	8562                	mv	a0,s8
    2b0c:	fd9fd0ef          	jal	ra,ae4 <_ZN14_MOTOR_CONTROL10set_motionE20filament_motion_enumyy>
    2b10:	bf9d                	j	2a86 <_ZL16motor_motion_runiym+0x5a6>
    2b12:	4766                	lw	a4,88(sp)
    2b14:	006cc783          	lbu	a5,6(s9)
    2b18:	9722                	add	a4,a4,s0
    2b1a:	2318                	lbu	a4,0(a4)
    2b1c:	e321                	bnez	a4,2b5c <_ZL16motor_motion_runiym+0x67c>
    2b1e:	cf91                	beqz	a5,2b3a <_ZL16motor_motion_runiym+0x65a>
    2b20:	008ca703          	lw	a4,8(s9)
    2b24:	010007b7          	lui	a5,0x1000
    2b28:	f0078793          	addi	a5,a5,-256 # ffff00 <ch32v20x_wwdg.c.f78e58f2+0xfe2c05>
    2b2c:	00f70763          	beq	a4,a5,2b3a <_ZL16motor_motion_runiym+0x65a>
    2b30:	00fca423          	sw	a5,8(s9)
    2b34:	4785                	li	a5,1
    2b36:	02fc8623          	sb	a5,44(s9)
    2b3a:	09800793          	li	a5,152
    2b3e:	02f40533          	mul	a0,s0,a5
    2b42:	4786                	lw	a5,64(sp)
    2b44:	4742                	lw	a4,16(sp)
    2b46:	953e                	add	a0,a0,a5
    2b48:	008d07b3          	add	a5,s10,s0
    2b4c:	239c                	lbu	a5,0(a5)
    2b4e:	ef81                	bnez	a5,2b66 <_ZL16motor_motion_runiym+0x686>
    2b50:	47d2                	lw	a5,20(sp)
    2b52:	06400613          	li	a2,100
    2b56:	4681                	li	a3,0
    2b58:	4585                	li	a1,1
    2b5a:	bf4d                	j	2b0c <_ZL16motor_motion_runiym+0x62c>
    2b5c:	dff9                	beqz	a5,2b3a <_ZL16motor_motion_runiym+0x65a>
    2b5e:	008ca703          	lw	a4,8(s9)
    2b62:	67c1                	lui	a5,0x10
    2b64:	b7d1                	j	2b28 <_ZL16motor_motion_runiym+0x648>
    2b66:	47d2                	lw	a5,20(sp)
    2b68:	06400613          	li	a2,100
    2b6c:	4681                	li	a3,0
    2b6e:	458d                	li	a1,3
    2b70:	f75fd0ef          	jal	ra,ae4 <_ZN14_MOTOR_CONTROL10set_motionE20filament_motion_enumyy>
    2b74:	57a2                	lw	a5,40(sp)
    2b76:	100486a3          	sb	zero,269(s1)
    2b7a:	00092023          	sw	zero,0(s2)
    2b7e:	02078aa3          	sb	zero,53(a5) # 10035 <MC_PULL_calibration.cpp.a99f3330+0x1175>
    2b82:	b711                	j	2a86 <_ZL16motor_motion_runiym+0x5a6>
    2b84:	4742                	lw	a4,16(sp)
    2b86:	47d2                	lw	a5,20(sp)
    2b88:	d442                	sw	a6,40(sp)
    2b8a:	3e800613          	li	a2,1000
    2b8e:	4681                	li	a3,0
    2b90:	458d                	li	a1,3
    2b92:	b6f1                	j	275e <_ZL16motor_motion_runiym+0x27e>
    2b94:	008d07b3          	add	a5,s10,s0
    2b98:	239c                	lbu	a5,0(a5)
    2b9a:	10078b63          	beqz	a5,2cb0 <_ZL16motor_motion_runiym+0x7d0>
    2b9e:	57d2                	lw	a5,52(sp)
    2ba0:	4715                	li	a4,5
    2ba2:	17fd                	addi	a5,a5,-1
    2ba4:	0ff7f793          	zext.b	a5,a5
    2ba8:	08f77a63          	bgeu	a4,a5,2c3c <_ZL16motor_motion_runiym+0x75c>
    2bac:	000bc783          	lbu	a5,0(s7)
    2bb0:	00140e13          	addi	t3,s0,1
    2bb4:	03090313          	addi	t1,s2,48
    2bb8:	00180393          	addi	t2,a6,1
    2bbc:	000da023          	sw	zero,0(s11)
    2bc0:	c49e                	sw	t2,72(sp)
    2bc2:	c29a                	sw	t1,68(sp)
    2bc4:	c0f2                	sw	t3,64(sp)
    2bc6:	d442                	sw	a6,40(sp)
    2bc8:	4742                	lw	a4,16(sp)
    2bca:	0d91                	addi	s11,s11,4
    2bcc:	0991                	addi	s3,s3,4
    2bce:	0a05                	addi	s4,s4,1
    2bd0:	0a91                	addi	s5,s5,4
    2bd2:	0b85                	addi	s7,s7,1
    2bd4:	040b0b13          	addi	s6,s6,64
    2bd8:	6a078563          	beqz	a5,3282 <_ZL16motor_motion_runiym+0xda2>
    2bdc:	47d2                	lw	a5,20(sp)
    2bde:	06400613          	li	a2,100
    2be2:	4681                	li	a3,0
    2be4:	458d                	li	a1,3
    2be6:	8526                	mv	a0,s1
    2be8:	efdfd0ef          	jal	ra,ae4 <_ZN14_MOTOR_CONTROL10set_motionE20filament_motion_enumyy>
    2bec:	5822                	lw	a6,40(sp)
    2bee:	6741                	lui	a4,0x10
    2bf0:	4e06                	lw	t3,64(sp)
    2bf2:	00084783          	lbu	a5,0(a6)
    2bf6:	4316                	lw	t1,68(sp)
    2bf8:	43a6                	lw	t2,72(sp)
    2bfa:	f0070f13          	addi	t5,a4,-256 # ff00 <MC_PULL_calibration.cpp.a99f3330+0x1040>
    2bfe:	00354737          	lui	a4,0x354
    2c02:	4f85                	li	t6,1
    2c04:	4891                	li	a7,4
    2c06:	09800e93          	li	t4,152
    2c0a:	83270293          	addi	t0,a4,-1998 # 353832 <ch32v20x_wwdg.c.f78e58f2+0x336537>
    2c0e:	6a079563          	bnez	a5,32b8 <_ZL16motor_motion_runiym+0xdd8>
    2c12:	00694783          	lbu	a5,6(s2)
    2c16:	6c079363          	bnez	a5,32dc <_ZL16motor_motion_runiym+0xdfc>
    2c1a:	8472                	mv	s0,t3
    2c1c:	891a                	mv	s2,t1
    2c1e:	881e                	mv	a6,t2
    2c20:	b71e01e3          	beq	t3,a7,2782 <_ZL16motor_motion_runiym+0x2a2>
    2c24:	03de04b3          	mul	s1,t3,t4
    2c28:	0ffe7793          	zext.b	a5,t3
    2c2c:	94e2                	add	s1,s1,s8
    2c2e:	aefc9ae3          	bne	s9,a5,2722 <_ZL16motor_motion_runiym+0x242>
    2c32:	01cd07b3          	add	a5,s10,t3
    2c36:	239c                	lbu	a5,0(a5)
    2c38:	fbb5                	bnez	a5,2bac <_ZL16motor_motion_runiym+0x6cc>
    2c3a:	a89d                	j	2cb0 <_ZL16motor_motion_runiym+0x7d0>
    2c3c:	672d                	lui	a4,0xb
    2c3e:	078a                	slli	a5,a5,0x2
    2c40:	5ec70713          	addi	a4,a4,1516 # b5ec <__clzsi2+0x17a>
    2c44:	97ba                	add	a5,a5,a4
    2c46:	439c                	lw	a5,0(a5)
    2c48:	8782                	jr	a5
    2c4a:	4889                	li	a7,2
    2c4c:	4742                	lw	a4,16(sp)
    2c4e:	47d2                	lw	a5,20(sp)
    2c50:	011da023          	sw	a7,0(s11)
    2c54:	12c00613          	li	a2,300
    2c58:	4681                	li	a3,0
    2c5a:	4591                	li	a1,4
    2c5c:	8526                	mv	a0,s1
    2c5e:	d442                	sw	a6,40(sp)
    2c60:	e85fd0ef          	jal	ra,ae4 <_ZN14_MOTOR_CONTROL10set_motionE20filament_motion_enumyy>
    2c64:	5822                	lw	a6,40(sp)
    2c66:	0405                	addi	s0,s0,1
    2c68:	03090793          	addi	a5,s2,48
    2c6c:	00084703          	lbu	a4,0(a6)
    2c70:	0d91                	addi	s11,s11,4
    2c72:	0991                	addi	s3,s3,4
    2c74:	0a05                	addi	s4,s4,1
    2c76:	0a91                	addi	s5,s5,4
    2c78:	0805                	addi	a6,a6,1
    2c7a:	0b85                	addi	s7,s7,1
    2c7c:	040b0b13          	addi	s6,s6,64
    2c80:	4889                	li	a7,2
    2c82:	1a071363          	bnez	a4,2e28 <_ZL16motor_motion_runiym+0x948>
    2c86:	00694703          	lbu	a4,6(s2)
    2c8a:	18071163          	bnez	a4,2e0c <_ZL16motor_motion_runiym+0x92c>
    2c8e:	893e                	mv	s2,a5
    2c90:	4791                	li	a5,4
    2c92:	aef408e3          	beq	s0,a5,2782 <_ZL16motor_motion_runiym+0x2a2>
    2c96:	09800493          	li	s1,152
    2c9a:	029404b3          	mul	s1,s0,s1
    2c9e:	0ff47793          	zext.b	a5,s0
    2ca2:	94e2                	add	s1,s1,s8
    2ca4:	a6fc9fe3          	bne	s9,a5,2722 <_ZL16motor_motion_runiym+0x242>
    2ca8:	008d07b3          	add	a5,s10,s0
    2cac:	239c                	lbu	a5,0(a5)
    2cae:	ffd9                	bnez	a5,2c4c <_ZL16motor_motion_runiym+0x76c>
    2cb0:	47d2                	lw	a5,20(sp)
    2cb2:	4742                	lw	a4,16(sp)
    2cb4:	000da023          	sw	zero,0(s11)
    2cb8:	06400613          	li	a2,100
    2cbc:	4681                	li	a3,0
    2cbe:	459d                	li	a1,7
    2cc0:	8526                	mv	a0,s1
    2cc2:	d442                	sw	a6,40(sp)
    2cc4:	e21fd0ef          	jal	ra,ae4 <_ZN14_MOTOR_CONTROL10set_motionE20filament_motion_enumyy>
    2cc8:	5822                	lw	a6,40(sp)
    2cca:	00084783          	lbu	a5,0(a6)
    2cce:	62079e63          	bnez	a5,330a <_ZL16motor_motion_runiym+0xe2a>
    2cd2:	00694783          	lbu	a5,6(s2)
    2cd6:	a80788e3          	beqz	a5,2766 <_ZL16motor_motion_runiym+0x286>
    2cda:	00892783          	lw	a5,8(s2)
    2cde:	a80784e3          	beqz	a5,2766 <_ZL16motor_motion_runiym+0x286>
    2ce2:	00092423          	sw	zero,8(s2)
    2ce6:	4785                	li	a5,1
    2ce8:	02f90623          	sb	a5,44(s2)
    2cec:	bcad                	j	2766 <_ZL16motor_motion_runiym+0x286>
    2cee:	200027b7          	lui	a5,0x20002
    2cf2:	90878793          	addi	a5,a5,-1784 # 20001908 <_ZL25filament_pull_back_meters>
    2cf6:	c0be                	sw	a5,64(sp)
    2cf8:	9481a783          	lw	a5,-1720(gp) # 200002d8 <_ZL7g_scale+0x118>
    2cfc:	c2be                	sw	a5,68(sp)
    2cfe:	00084703          	lbu	a4,0(a6)
    2d02:	00694783          	lbu	a5,6(s2)
    2d06:	2a071d63          	bnez	a4,2fc0 <_ZL16motor_motion_runiym+0xae0>
    2d0a:	2c078b63          	beqz	a5,2fe0 <_ZL16motor_motion_runiym+0xb00>
    2d0e:	002da7b7          	lui	a5,0x2da
    2d12:	00892703          	lw	a4,8(s2)
    2d16:	0ff78793          	addi	a5,a5,255 # 2da0ff <ch32v20x_wwdg.c.f78e58f2+0x2bce04>
    2d1a:	ac65                	j	2fd2 <_ZL16motor_motion_runiym+0xaf2>
    2d1c:	200007b7          	lui	a5,0x20000
    2d20:	14078793          	addi	a5,a5,320 # 20000140 <_ZL13MC_PULL_pct_f>
    2d24:	c2be                	sw	a5,68(sp)
    2d26:	95c1a783          	lw	a5,-1700(gp) # 200002ec <_ZL7g_scale+0x12c>
    2d2a:	c4be                	sw	a5,72(sp)
    2d2c:	00084703          	lbu	a4,0(a6)
    2d30:	00694783          	lbu	a5,6(s2)
    2d34:	38071563          	bnez	a4,30be <_ZL16motor_motion_runiym+0xbde>
    2d38:	3a078363          	beqz	a5,30de <_ZL16motor_motion_runiym+0xbfe>
    2d3c:	00892703          	lw	a4,8(s2)
    2d40:	00a107b7          	lui	a5,0xa10
    2d44:	a661                	j	30cc <_ZL16motor_motion_runiym+0xbec>
    2d46:	4889                	li	a7,2
    2d48:	4742                	lw	a4,16(sp)
    2d4a:	47d2                	lw	a5,20(sp)
    2d4c:	011da023          	sw	a7,0(s11)
    2d50:	12c00613          	li	a2,300
    2d54:	4681                	li	a3,0
    2d56:	4599                	li	a1,6
    2d58:	8526                	mv	a0,s1
    2d5a:	d442                	sw	a6,40(sp)
    2d5c:	d89fd0ef          	jal	ra,ae4 <_ZN14_MOTOR_CONTROL10set_motionE20filament_motion_enumyy>
    2d60:	5822                	lw	a6,40(sp)
    2d62:	0405                	addi	s0,s0,1
    2d64:	03090793          	addi	a5,s2,48
    2d68:	00084703          	lbu	a4,0(a6)
    2d6c:	0d91                	addi	s11,s11,4
    2d6e:	0991                	addi	s3,s3,4
    2d70:	0a05                	addi	s4,s4,1
    2d72:	0a91                	addi	s5,s5,4
    2d74:	0805                	addi	a6,a6,1
    2d76:	0b85                	addi	s7,s7,1
    2d78:	040b0b13          	addi	s6,s6,64
    2d7c:	4889                	li	a7,2
    2d7e:	4e071863          	bnez	a4,326e <_ZL16motor_motion_runiym+0xd8e>
    2d82:	00694703          	lbu	a4,6(s2)
    2d86:	4c071663          	bnez	a4,3252 <_ZL16motor_motion_runiym+0xd72>
    2d8a:	893e                	mv	s2,a5
    2d8c:	4791                	li	a5,4
    2d8e:	9ef40ae3          	beq	s0,a5,2782 <_ZL16motor_motion_runiym+0x2a2>
    2d92:	09800493          	li	s1,152
    2d96:	029404b3          	mul	s1,s0,s1
    2d9a:	0ff47793          	zext.b	a5,s0
    2d9e:	94e2                	add	s1,s1,s8
    2da0:	98fc91e3          	bne	s9,a5,2722 <_ZL16motor_motion_runiym+0x242>
    2da4:	008d07b3          	add	a5,s10,s0
    2da8:	239c                	lbu	a5,0(a5)
    2daa:	ffd9                	bnez	a5,2d48 <_ZL16motor_motion_runiym+0x868>
    2dac:	b711                	j	2cb0 <_ZL16motor_motion_runiym+0x7d0>
    2dae:	4889                	li	a7,2
    2db0:	4742                	lw	a4,16(sp)
    2db2:	47d2                	lw	a5,20(sp)
    2db4:	011da023          	sw	a7,0(s11)
    2db8:	12c00613          	li	a2,300
    2dbc:	4681                	li	a3,0
    2dbe:	4595                	li	a1,5
    2dc0:	8526                	mv	a0,s1
    2dc2:	d442                	sw	a6,40(sp)
    2dc4:	d21fd0ef          	jal	ra,ae4 <_ZN14_MOTOR_CONTROL10set_motionE20filament_motion_enumyy>
    2dc8:	5822                	lw	a6,40(sp)
    2dca:	00694703          	lbu	a4,6(s2)
    2dce:	0405                	addi	s0,s0,1
    2dd0:	03090793          	addi	a5,s2,48
    2dd4:	0d91                	addi	s11,s11,4
    2dd6:	0991                	addi	s3,s3,4
    2dd8:	0a05                	addi	s4,s4,1
    2dda:	0a91                	addi	s5,s5,4
    2ddc:	0805                	addi	a6,a6,1
    2dde:	0b85                	addi	s7,s7,1
    2de0:	040b0b13          	addi	s6,s6,64
    2de4:	4889                	li	a7,2
    2de6:	eb29                	bnez	a4,2e38 <_ZL16motor_motion_runiym+0x958>
    2de8:	893e                	mv	s2,a5
    2dea:	4791                	li	a5,4
    2dec:	98f40be3          	beq	s0,a5,2782 <_ZL16motor_motion_runiym+0x2a2>
    2df0:	09800493          	li	s1,152
    2df4:	029404b3          	mul	s1,s0,s1
    2df8:	0ff47793          	zext.b	a5,s0
    2dfc:	94e2                	add	s1,s1,s8
    2dfe:	92fc92e3          	bne	s9,a5,2722 <_ZL16motor_motion_runiym+0x242>
    2e02:	008d07b3          	add	a5,s10,s0
    2e06:	239c                	lbu	a5,0(a5)
    2e08:	f7c5                	bnez	a5,2db0 <_ZL16motor_motion_runiym+0x8d0>
    2e0a:	b55d                	j	2cb0 <_ZL16motor_motion_runiym+0x7d0>
    2e0c:	00892683          	lw	a3,8(s2)
    2e10:	01000737          	lui	a4,0x1000
    2e14:	f0070713          	addi	a4,a4,-256 # ffff00 <ch32v20x_wwdg.c.f78e58f2+0xfe2c05>
    2e18:	e6e68be3          	beq	a3,a4,2c8e <_ZL16motor_motion_runiym+0x7ae>
    2e1c:	00e92423          	sw	a4,8(s2)
    2e20:	4705                	li	a4,1
    2e22:	02e90623          	sb	a4,44(s2)
    2e26:	b5a5                	j	2c8e <_ZL16motor_motion_runiym+0x7ae>
    2e28:	00694703          	lbu	a4,6(s2)
    2e2c:	e60701e3          	beqz	a4,2c8e <_ZL16motor_motion_runiym+0x7ae>
    2e30:	00892683          	lw	a3,8(s2)
    2e34:	6741                	lui	a4,0x10
    2e36:	bff9                	j	2e14 <_ZL16motor_motion_runiym+0x934>
    2e38:	00892683          	lw	a3,8(s2)
    2e3c:	6741                	lui	a4,0x10
    2e3e:	f0070713          	addi	a4,a4,-256 # ff00 <MC_PULL_calibration.cpp.a99f3330+0x1040>
    2e42:	fae683e3          	beq	a3,a4,2de8 <_ZL16motor_motion_runiym+0x908>
    2e46:	00e92423          	sw	a4,8(s2)
    2e4a:	4705                	li	a4,1
    2e4c:	02e90623          	sb	a4,44(s2)
    2e50:	bf61                	j	2de8 <_ZL16motor_motion_runiym+0x908>
    2e52:	47d2                	lw	a5,20(sp)
    2e54:	4742                	lw	a4,16(sp)
    2e56:	06400613          	li	a2,100
    2e5a:	4681                	li	a3,0
    2e5c:	458d                	li	a1,3
    2e5e:	8526                	mv	a0,s1
    2e60:	dac6                	sw	a7,116(sp)
    2e62:	d4f6                	sw	t4,104(sp)
    2e64:	c4fa                	sw	t5,72(sp)
    2e66:	c29a                	sw	t1,68(sp)
    2e68:	c0f2                	sw	t3,64(sp)
    2e6a:	d442                	sw	a6,40(sp)
    2e6c:	c79fd0ef          	jal	ra,ae4 <_ZN14_MOTOR_CONTROL10set_motionE20filament_motion_enumyy>
    2e70:	5822                	lw	a6,40(sp)
    2e72:	4e06                	lw	t3,64(sp)
    2e74:	4316                	lw	t1,68(sp)
    2e76:	00084783          	lbu	a5,0(a6)
    2e7a:	4f26                	lw	t5,72(sp)
    2e7c:	5ea6                	lw	t4,104(sp)
    2e7e:	58d6                	lw	a7,116(sp)
    2e80:	10079a63          	bnez	a5,2f94 <_ZL16motor_motion_runiym+0xab4>
    2e84:	00694783          	lbu	a5,6(s2)
    2e88:	ebe5                	bnez	a5,2f78 <_ZL16motor_motion_runiym+0xa98>
    2e8a:	8472                	mv	s0,t3
    2e8c:	891a                	mv	s2,t1
    2e8e:	8dfa                	mv	s11,t5
    2e90:	8876                	mv	a6,t4
    2e92:	4791                	li	a5,4
    2e94:	8bc6                	mv	s7,a7
    2e96:	8ef406e3          	beq	s0,a5,2782 <_ZL16motor_motion_runiym+0x2a2>
    2e9a:	09800493          	li	s1,152
    2e9e:	029404b3          	mul	s1,s0,s1
    2ea2:	0ff47793          	zext.b	a5,s0
    2ea6:	94e2                	add	s1,s1,s8
    2ea8:	86fc9de3          	bne	s9,a5,2722 <_ZL16motor_motion_runiym+0x242>
    2eac:	008d07b3          	add	a5,s10,s0
    2eb0:	239c                	lbu	a5,0(a5)
    2eb2:	de078fe3          	beqz	a5,2cb0 <_ZL16motor_motion_runiym+0x7d0>
    2eb6:	000bc783          	lbu	a5,0(s7)
    2eba:	00140e13          	addi	t3,s0,1
    2ebe:	03090313          	addi	t1,s2,48
    2ec2:	004d8f13          	addi	t5,s11,4
    2ec6:	0991                	addi	s3,s3,4
    2ec8:	0a05                	addi	s4,s4,1
    2eca:	0a91                	addi	s5,s5,4
    2ecc:	00180e93          	addi	t4,a6,1
    2ed0:	001b8893          	addi	a7,s7,1
    2ed4:	040b0b13          	addi	s6,s6,64
    2ed8:	cbe1                	beqz	a5,2fa8 <_ZL16motor_motion_runiym+0xac8>
    2eda:	200007b7          	lui	a5,0x20000
    2ede:	040a                	slli	s0,s0,0x2
    2ee0:	14078793          	addi	a5,a5,320 # 20000140 <_ZL13MC_PULL_pct_f>
    2ee4:	97a2                	add	a5,a5,s0
    2ee6:	9581a583          	lw	a1,-1704(gp) # 200002e8 <_ZL7g_scale+0x128>
    2eea:	4388                	lw	a0,0(a5)
    2eec:	dac6                	sw	a7,116(sp)
    2eee:	d4f6                	sw	t4,104(sp)
    2ef0:	c4fa                	sw	t5,72(sp)
    2ef2:	c29a                	sw	t1,68(sp)
    2ef4:	c0f2                	sw	t3,64(sp)
    2ef6:	d442                	sw	a6,40(sp)
    2ef8:	06b070ef          	jal	ra,a762 <__gesf2>
    2efc:	5822                	lw	a6,40(sp)
    2efe:	4e06                	lw	t3,64(sp)
    2f00:	4316                	lw	t1,68(sp)
    2f02:	4f26                	lw	t5,72(sp)
    2f04:	5ea6                	lw	t4,104(sp)
    2f06:	58d6                	lw	a7,116(sp)
    2f08:	f4a055e3          	blez	a0,2e52 <_ZL16motor_motion_runiym+0x972>
    2f0c:	200027b7          	lui	a5,0x20002
    2f10:	d6878793          	addi	a5,a5,-664 # 20001d68 <_ZL18g_on_use_hi_pwm_us>
    2f14:	943e                	add	s0,s0,a5
    2f16:	00080023          	sb	zero,0(a6)
    2f1a:	000b8023          	sb	zero,0(s7)
    2f1e:	00042023          	sw	zero,0(s0)
    2f22:	00694783          	lbu	a5,6(s2)
    2f26:	cf91                	beqz	a5,2f42 <_ZL16motor_motion_runiym+0xa62>
    2f28:	00892703          	lw	a4,8(s2)
    2f2c:	00d507b7          	lui	a5,0xd50
    2f30:	02a78793          	addi	a5,a5,42 # d5002a <ch32v20x_wwdg.c.f78e58f2+0xd32d2f>
    2f34:	00f70763          	beq	a4,a5,2f42 <_ZL16motor_motion_runiym+0xa62>
    2f38:	00f92423          	sw	a5,8(s2)
    2f3c:	4785                	li	a5,1
    2f3e:	02f90623          	sb	a5,44(s2)
    2f42:	4785                	li	a5,1
    2f44:	00fda023          	sw	a5,0(s11)
    2f48:	4742                	lw	a4,16(sp)
    2f4a:	47d2                	lw	a5,20(sp)
    2f4c:	06400613          	li	a2,100
    2f50:	4681                	li	a3,0
    2f52:	4581                	li	a1,0
    2f54:	8526                	mv	a0,s1
    2f56:	d4c6                	sw	a7,104(sp)
    2f58:	c4f6                	sw	t4,72(sp)
    2f5a:	c2fa                	sw	t5,68(sp)
    2f5c:	c09a                	sw	t1,64(sp)
    2f5e:	d472                	sw	t3,40(sp)
    2f60:	b85fd0ef          	jal	ra,ae4 <_ZN14_MOTOR_CONTROL10set_motionE20filament_motion_enumyy>
    2f64:	5e22                	lw	t3,40(sp)
    2f66:	4306                	lw	t1,64(sp)
    2f68:	4f16                	lw	t5,68(sp)
    2f6a:	4ea6                	lw	t4,72(sp)
    2f6c:	58a6                	lw	a7,104(sp)
    2f6e:	8472                	mv	s0,t3
    2f70:	891a                	mv	s2,t1
    2f72:	8dfa                	mv	s11,t5
    2f74:	8876                	mv	a6,t4
    2f76:	bf31                	j	2e92 <_ZL16motor_motion_runiym+0x9b2>
    2f78:	00892703          	lw	a4,8(s2)
    2f7c:	00d507b7          	lui	a5,0xd50
    2f80:	02a78793          	addi	a5,a5,42 # d5002a <ch32v20x_wwdg.c.f78e58f2+0xd32d2f>
    2f84:	f0f703e3          	beq	a4,a5,2e8a <_ZL16motor_motion_runiym+0x9aa>
    2f88:	00f92423          	sw	a5,8(s2)
    2f8c:	4785                	li	a5,1
    2f8e:	02f90623          	sb	a5,44(s2)
    2f92:	bde5                	j	2e8a <_ZL16motor_motion_runiym+0x9aa>
    2f94:	00694783          	lbu	a5,6(s2)
    2f98:	ee0789e3          	beqz	a5,2e8a <_ZL16motor_motion_runiym+0x9aa>
    2f9c:	67c1                	lui	a5,0x10
    2f9e:	00892703          	lw	a4,8(s2)
    2fa2:	f0078793          	addi	a5,a5,-256 # ff00 <MC_PULL_calibration.cpp.a99f3330+0x1040>
    2fa6:	bff9                	j	2f84 <_ZL16motor_motion_runiym+0xaa4>
    2fa8:	00084703          	lbu	a4,0(a6)
    2fac:	00694783          	lbu	a5,6(s2)
    2fb0:	db2d                	beqz	a4,2f22 <_ZL16motor_motion_runiym+0xa42>
    2fb2:	dbc1                	beqz	a5,2f42 <_ZL16motor_motion_runiym+0xa62>
    2fb4:	67c1                	lui	a5,0x10
    2fb6:	00892703          	lw	a4,8(s2)
    2fba:	f0078793          	addi	a5,a5,-256 # ff00 <MC_PULL_calibration.cpp.a99f3330+0x1040>
    2fbe:	bf9d                	j	2f34 <_ZL16motor_motion_runiym+0xa54>
    2fc0:	5762                	lw	a4,56(sp)
    2fc2:	d40704e3          	beqz	a4,2d0a <_ZL16motor_motion_runiym+0x82a>
    2fc6:	cf89                	beqz	a5,2fe0 <_ZL16motor_motion_runiym+0xb00>
    2fc8:	00892703          	lw	a4,8(s2)
    2fcc:	67c1                	lui	a5,0x10
    2fce:	f0078793          	addi	a5,a5,-256 # ff00 <MC_PULL_calibration.cpp.a99f3330+0x1040>
    2fd2:	00f70763          	beq	a4,a5,2fe0 <_ZL16motor_motion_runiym+0xb00>
    2fd6:	00f92423          	sw	a5,8(s2)
    2fda:	4785                	li	a5,1
    2fdc:	02f90623          	sb	a5,44(s2)
    2fe0:	4791                	li	a5,4
    2fe2:	00fda023          	sw	a5,0(s11)
    2fe6:	03cb2783          	lw	a5,60(s6)
    2fea:	00241713          	slli	a4,s0,0x2
    2fee:	d43e                	sw	a5,40(sp)
    2ff0:	4786                	lw	a5,64(sp)
    2ff2:	56a2                	lw	a3,40(sp)
    2ff4:	97ba                	add	a5,a5,a4
    2ff6:	c394                	sw	a3,0(a5)
    2ff8:	000bc783          	lbu	a5,0(s7)
    2ffc:	efc5                	bnez	a5,30b4 <_ZL16motor_motion_runiym+0xbd4>
    2ffe:	0009a583          	lw	a1,0(s3)
    3002:	9081a503          	lw	a0,-1784(gp) # 20000298 <_ZL7g_scale+0xd8>
    3006:	daba                	sw	a4,116(sp)
    3008:	d4c2                	sw	a6,104(sp)
    300a:	363070ef          	jal	ra,ab6c <__subsf3>
    300e:	00000593          	li	a1,0
    3012:	c4aa                	sw	a0,72(sp)
    3014:	7e4070ef          	jal	ra,a7f8 <__lesf2>
    3018:	5826                	lw	a6,104(sp)
    301a:	5756                	lw	a4,116(sp)
    301c:	00000793          	li	a5,0
    3020:	00054f63          	bltz	a0,303e <_ZL16motor_motion_runiym+0xb5e>
    3024:	47a6                	lw	a5,72(sp)
    3026:	9081a583          	lw	a1,-1784(gp) # 20000298 <_ZL7g_scale+0xd8>
    302a:	853e                	mv	a0,a5
    302c:	736070ef          	jal	ra,a762 <__gesf2>
    3030:	9081a583          	lw	a1,-1784(gp) # 20000298 <_ZL7g_scale+0xd8>
    3034:	47a6                	lw	a5,72(sp)
    3036:	5826                	lw	a6,104(sp)
    3038:	5756                	lw	a4,116(sp)
    303a:	08a04063          	bgtz	a0,30ba <_ZL16motor_motion_runiym+0xbda>
    303e:	46d6                	lw	a3,84(sp)
    3040:	000a0023          	sb	zero,0(s4)
    3044:	06400613          	li	a2,100
    3048:	96ba                	add	a3,a3,a4
    304a:	c29c                	sw	a5,0(a3)
    304c:	46b6                	lw	a3,76(sp)
    304e:	4589                	li	a1,2
    3050:	8526                	mv	a0,s1
    3052:	96ba                	add	a3,a3,a4
    3054:	c29c                	sw	a5,0(a3)
    3056:	47c6                	lw	a5,80(sp)
    3058:	4681                	li	a3,0
    305a:	c4c2                	sw	a6,72(sp)
    305c:	973e                	add	a4,a4,a5
    305e:	4796                	lw	a5,68(sp)
    3060:	0405                	addi	s0,s0,1
    3062:	03090913          	addi	s2,s2,48
    3066:	c31c                	sw	a5,0(a4)
    3068:	00000793          	li	a5,0
    306c:	00f9a023          	sw	a5,0(s3)
    3070:	57a2                	lw	a5,40(sp)
    3072:	4742                	lw	a4,16(sp)
    3074:	0d91                	addi	s11,s11,4
    3076:	00faa023          	sw	a5,0(s5)
    307a:	47d2                	lw	a5,20(sp)
    307c:	0991                	addi	s3,s3,4
    307e:	0a05                	addi	s4,s4,1
    3080:	a65fd0ef          	jal	ra,ae4 <_ZN14_MOTOR_CONTROL10set_motionE20filament_motion_enumyy>
    3084:	4826                	lw	a6,72(sp)
    3086:	4791                	li	a5,4
    3088:	0a91                	addi	s5,s5,4
    308a:	0805                	addi	a6,a6,1
    308c:	0b85                	addi	s7,s7,1
    308e:	040b0b13          	addi	s6,s6,64
    3092:	eef40863          	beq	s0,a5,2782 <_ZL16motor_motion_runiym+0x2a2>
    3096:	09800493          	li	s1,152
    309a:	029404b3          	mul	s1,s0,s1
    309e:	0ff47793          	zext.b	a5,s0
    30a2:	94e2                	add	s1,s1,s8
    30a4:	e6fc9f63          	bne	s9,a5,2722 <_ZL16motor_motion_runiym+0x242>
    30a8:	008d07b3          	add	a5,s10,s0
    30ac:	239c                	lbu	a5,0(a5)
    30ae:	c40798e3          	bnez	a5,2cfe <_ZL16motor_motion_runiym+0x81e>
    30b2:	befd                	j	2cb0 <_ZL16motor_motion_runiym+0x7d0>
    30b4:	8781a783          	lw	a5,-1928(gp) # 20000208 <_ZL7g_scale+0x48>
    30b8:	b759                	j	303e <_ZL16motor_motion_runiym+0xb5e>
    30ba:	87ae                	mv	a5,a1
    30bc:	b749                	j	303e <_ZL16motor_motion_runiym+0xb5e>
    30be:	5762                	lw	a4,56(sp)
    30c0:	c6070ce3          	beqz	a4,2d38 <_ZL16motor_motion_runiym+0x858>
    30c4:	cf89                	beqz	a5,30de <_ZL16motor_motion_runiym+0xbfe>
    30c6:	00892703          	lw	a4,8(s2)
    30ca:	67c1                	lui	a5,0x10
    30cc:	f0078793          	addi	a5,a5,-256 # ff00 <MC_PULL_calibration.cpp.a99f3330+0x1040>
    30d0:	00f70763          	beq	a4,a5,30de <_ZL16motor_motion_runiym+0xbfe>
    30d4:	00f92423          	sw	a5,8(s2)
    30d8:	4785                	li	a5,1
    30da:	02f90623          	sb	a5,44(s2)
    30de:	000da783          	lw	a5,0(s11)
    30e2:	468d                	li	a3,3
    30e4:	03cb2703          	lw	a4,60(s6)
    30e8:	00d78c63          	beq	a5,a3,3100 <_ZL16motor_motion_runiym+0xc20>
    30ec:	00000793          	li	a5,0
    30f0:	00dda023          	sw	a3,0(s11)
    30f4:	00eaa023          	sw	a4,0(s5)
    30f8:	00f9a023          	sw	a5,0(s3)
    30fc:	000a0023          	sb	zero,0(s4)
    3100:	000aa783          	lw	a5,0(s5)
    3104:	d4ba                	sw	a4,104(sp)
    3106:	00eaa023          	sw	a4,0(s5)
    310a:	4716                	lw	a4,68(sp)
    310c:	d43e                	sw	a5,40(sp)
    310e:	00241793          	slli	a5,s0,0x2
    3112:	97ba                	add	a5,a5,a4
    3114:	45a6                	lw	a1,72(sp)
    3116:	4388                	lw	a0,0(a5)
    3118:	c0c2                	sw	a6,64(sp)
    311a:	648070ef          	jal	ra,a762 <__gesf2>
    311e:	4806                	lw	a6,64(sp)
    3120:	08a05263          	blez	a0,31a4 <_ZL16motor_motion_runiym+0xcc4>
    3124:	5726                	lw	a4,104(sp)
    3126:	55a2                	lw	a1,40(sp)
    3128:	853a                	mv	a0,a4
    312a:	243070ef          	jal	ra,ab6c <__subsf3>
    312e:	000a0783          	lb	a5,0(s4)
    3132:	d42a                	sw	a0,40(sp)
    3134:	4806                	lw	a6,64(sp)
    3136:	e3a1                	bnez	a5,3176 <_ZL16motor_motion_runiym+0xc96>
    3138:	00000593          	li	a1,0
    313c:	6bc070ef          	jal	ra,a7f8 <__lesf2>
    3140:	4806                	lw	a6,64(sp)
    3142:	0c055963          	bgez	a0,3214 <_ZL16motor_motion_runiym+0xd34>
    3146:	57a2                	lw	a5,40(sp)
    3148:	80000537          	lui	a0,0x80000
    314c:	8d3d                	xor	a0,a0,a5
    314e:	9601a583          	lw	a1,-1696(gp) # 200002f0 <_ZL7g_scale+0x130>
    3152:	c0c2                	sw	a6,64(sp)
    3154:	60e070ef          	jal	ra,a762 <__gesf2>
    3158:	4806                	lw	a6,64(sp)
    315a:	00a05e63          	blez	a0,3176 <_ZL16motor_motion_runiym+0xc96>
    315e:	5522                	lw	a0,40(sp)
    3160:	00000593          	li	a1,0
    3164:	5fe070ef          	jal	ra,a762 <__gesf2>
    3168:	4806                	lw	a6,64(sp)
    316a:	4785                	li	a5,1
    316c:	00055363          	bgez	a0,3172 <_ZL16motor_motion_runiym+0xc92>
    3170:	57fd                	li	a5,-1
    3172:	00fa0023          	sb	a5,0(s4)
    3176:	0009a703          	lw	a4,0(s3)
    317a:	000a0783          	lb	a5,0(s4)
    317e:	c0ba                	sw	a4,64(sp)
    3180:	08f05c63          	blez	a5,3218 <_ZL16motor_motion_runiym+0xd38>
    3184:	5522                	lw	a0,40(sp)
    3186:	00000593          	li	a1,0
    318a:	d4c2                	sw	a6,104(sp)
    318c:	5d6070ef          	jal	ra,a762 <__gesf2>
    3190:	5826                	lw	a6,104(sp)
    3192:	00a05963          	blez	a0,31a4 <_ZL16motor_motion_runiym+0xcc4>
    3196:	4586                	lw	a1,64(sp)
    3198:	5522                	lw	a0,40(sp)
    319a:	719060ef          	jal	ra,a0b2 <__addsf3>
    319e:	5826                	lw	a6,104(sp)
    31a0:	00a9a023          	sw	a0,0(s3)
    31a4:	0009a783          	lw	a5,0(s3)
    31a8:	00000593          	li	a1,0
    31ac:	c0c2                	sw	a6,64(sp)
    31ae:	853e                	mv	a0,a5
    31b0:	d43e                	sw	a5,40(sp)
    31b2:	646070ef          	jal	ra,a7f8 <__lesf2>
    31b6:	4806                	lw	a6,64(sp)
    31b8:	06055f63          	bgez	a0,3236 <_ZL16motor_motion_runiym+0xd56>
    31bc:	00000793          	li	a5,0
    31c0:	00f9a023          	sw	a5,0(s3)
    31c4:	47d2                	lw	a5,20(sp)
    31c6:	4742                	lw	a4,16(sp)
    31c8:	12c00613          	li	a2,300
    31cc:	4681                	li	a3,0
    31ce:	45a1                	li	a1,8
    31d0:	8526                	mv	a0,s1
    31d2:	d442                	sw	a6,40(sp)
    31d4:	911fd0ef          	jal	ra,ae4 <_ZN14_MOTOR_CONTROL10set_motionE20filament_motion_enumyy>
    31d8:	5822                	lw	a6,40(sp)
    31da:	0405                	addi	s0,s0,1
    31dc:	4791                	li	a5,4
    31de:	03090913          	addi	s2,s2,48
    31e2:	0d91                	addi	s11,s11,4
    31e4:	0991                	addi	s3,s3,4
    31e6:	0a05                	addi	s4,s4,1
    31e8:	0a91                	addi	s5,s5,4
    31ea:	0805                	addi	a6,a6,1
    31ec:	0b85                	addi	s7,s7,1
    31ee:	040b0b13          	addi	s6,s6,64
    31f2:	d8f40863          	beq	s0,a5,2782 <_ZL16motor_motion_runiym+0x2a2>
    31f6:	09800493          	li	s1,152
    31fa:	029404b3          	mul	s1,s0,s1
    31fe:	0ff47793          	zext.b	a5,s0
    3202:	94e2                	add	s1,s1,s8
    3204:	d0fc9f63          	bne	s9,a5,2722 <_ZL16motor_motion_runiym+0x242>
    3208:	008d07b3          	add	a5,s10,s0
    320c:	239c                	lbu	a5,0(a5)
    320e:	b0079fe3          	bnez	a5,2d2c <_ZL16motor_motion_runiym+0x84c>
    3212:	bc79                	j	2cb0 <_ZL16motor_motion_runiym+0x7d0>
    3214:	5522                	lw	a0,40(sp)
    3216:	bf25                	j	314e <_ZL16motor_motion_runiym+0xc6e>
    3218:	d7d1                	beqz	a5,31a4 <_ZL16motor_motion_runiym+0xcc4>
    321a:	5522                	lw	a0,40(sp)
    321c:	00000593          	li	a1,0
    3220:	d4c2                	sw	a6,104(sp)
    3222:	5d6070ef          	jal	ra,a7f8 <__lesf2>
    3226:	5826                	lw	a6,104(sp)
    3228:	f6055ee3          	bgez	a0,31a4 <_ZL16motor_motion_runiym+0xcc4>
    322c:	55a2                	lw	a1,40(sp)
    322e:	4506                	lw	a0,64(sp)
    3230:	13d070ef          	jal	ra,ab6c <__subsf3>
    3234:	b7ad                	j	319e <_ZL16motor_motion_runiym+0xcbe>
    3236:	8b01a583          	lw	a1,-1872(gp) # 20000240 <_ZL7g_scale+0x80>
    323a:	5522                	lw	a0,40(sp)
    323c:	c0c2                	sw	a6,64(sp)
    323e:	524070ef          	jal	ra,a762 <__gesf2>
    3242:	4806                	lw	a6,64(sp)
    3244:	f8a050e3          	blez	a0,31c4 <_ZL16motor_motion_runiym+0xce4>
    3248:	8b01a583          	lw	a1,-1872(gp) # 20000240 <_ZL7g_scale+0x80>
    324c:	00b9a023          	sw	a1,0(s3)
    3250:	bf95                	j	31c4 <_ZL16motor_motion_runiym+0xce4>
    3252:	00892683          	lw	a3,8(s2)
    3256:	00b00737          	lui	a4,0xb00
    325a:	0ff70713          	addi	a4,a4,255 # b000ff <ch32v20x_wwdg.c.f78e58f2+0xae2e04>
    325e:	b2e686e3          	beq	a3,a4,2d8a <_ZL16motor_motion_runiym+0x8aa>
    3262:	00e92423          	sw	a4,8(s2)
    3266:	4705                	li	a4,1
    3268:	02e90623          	sb	a4,44(s2)
    326c:	be39                	j	2d8a <_ZL16motor_motion_runiym+0x8aa>
    326e:	00694703          	lbu	a4,6(s2)
    3272:	b0070ce3          	beqz	a4,2d8a <_ZL16motor_motion_runiym+0x8aa>
    3276:	6741                	lui	a4,0x10
    3278:	00892683          	lw	a3,8(s2)
    327c:	f0070713          	addi	a4,a4,-256 # ff00 <MC_PULL_calibration.cpp.a99f3330+0x1040>
    3280:	bff9                	j	325e <_ZL16motor_motion_runiym+0xd7e>
    3282:	47d2                	lw	a5,20(sp)
    3284:	06400613          	li	a2,100
    3288:	4681                	li	a3,0
    328a:	459d                	li	a1,7
    328c:	8526                	mv	a0,s1
    328e:	857fd0ef          	jal	ra,ae4 <_ZN14_MOTOR_CONTROL10set_motionE20filament_motion_enumyy>
    3292:	57b6                	lw	a5,108(sp)
    3294:	6741                	lui	a4,0x10
    3296:	f0070f13          	addi	t5,a4,-256 # ff00 <MC_PULL_calibration.cpp.a99f3330+0x1040>
    329a:	97a2                	add	a5,a5,s0
    329c:	239c                	lbu	a5,0(a5)
    329e:	00354737          	lui	a4,0x354
    32a2:	5822                	lw	a6,40(sp)
    32a4:	4e06                	lw	t3,64(sp)
    32a6:	4316                	lw	t1,68(sp)
    32a8:	43a6                	lw	t2,72(sp)
    32aa:	4f85                	li	t6,1
    32ac:	4891                	li	a7,4
    32ae:	09800e93          	li	t4,152
    32b2:	83270293          	addi	t0,a4,-1998 # 353832 <ch32v20x_wwdg.c.f78e58f2+0x336537>
    32b6:	cf81                	beqz	a5,32ce <_ZL16motor_motion_runiym+0xdee>
    32b8:	00694783          	lbu	a5,6(s2)
    32bc:	94078fe3          	beqz	a5,2c1a <_ZL16motor_motion_runiym+0x73a>
    32c0:	00892783          	lw	a5,8(s2)
    32c4:	95e78be3          	beq	a5,t5,2c1a <_ZL16motor_motion_runiym+0x73a>
    32c8:	01e92423          	sw	t5,8(s2)
    32cc:	a831                	j	32e8 <_ZL16motor_motion_runiym+0xe08>
    32ce:	57c6                	lw	a5,112(sp)
    32d0:	943e                	add	s0,s0,a5
    32d2:	201c                	lbu	a5,0(s0)
    32d4:	cf89                	beqz	a5,32ee <_ZL16motor_motion_runiym+0xe0e>
    32d6:	00084783          	lbu	a5,0(a6)
    32da:	ba15                	j	2c0e <_ZL16motor_motion_runiym+0x72e>
    32dc:	00892783          	lw	a5,8(s2)
    32e0:	92578de3          	beq	a5,t0,2c1a <_ZL16motor_motion_runiym+0x73a>
    32e4:	00592423          	sw	t0,8(s2)
    32e8:	03f90623          	sb	t6,44(s2)
    32ec:	b23d                	j	2c1a <_ZL16motor_motion_runiym+0x73a>
    32ee:	00084783          	lbu	a5,0(a6)
    32f2:	f3f9                	bnez	a5,32b8 <_ZL16motor_motion_runiym+0xdd8>
    32f4:	00694783          	lbu	a5,6(s2)
    32f8:	920781e3          	beqz	a5,2c1a <_ZL16motor_motion_runiym+0x73a>
    32fc:	00892783          	lw	a5,8(s2)
    3300:	90078de3          	beqz	a5,2c1a <_ZL16motor_motion_runiym+0x73a>
    3304:	00092423          	sw	zero,8(s2)
    3308:	b7c5                	j	32e8 <_ZL16motor_motion_runiym+0xe08>
    330a:	00694783          	lbu	a5,6(s2)
    330e:	c4078c63          	beqz	a5,2766 <_ZL16motor_motion_runiym+0x286>
    3312:	00892703          	lw	a4,8(s2)
    3316:	67c1                	lui	a5,0x10
    3318:	f0078793          	addi	a5,a5,-256 # ff00 <MC_PULL_calibration.cpp.a99f3330+0x1040>
    331c:	c4f70563          	beq	a4,a5,2766 <_ZL16motor_motion_runiym+0x286>
    3320:	00f92423          	sw	a5,8(s2)
    3324:	b2c9                	j	2ce6 <_ZL16motor_motion_runiym+0x806>
    3326:	20002437          	lui	s0,0x20002
    332a:	9b840413          	addi	s0,s0,-1608 # 200019b8 <MOTOR_CONTROL>
    332e:	26040493          	addi	s1,s0,608
    3332:	4742                	lw	a4,16(sp)
    3334:	47d2                	lw	a5,20(sp)
    3336:	8522                	mv	a0,s0
    3338:	06400613          	li	a2,100
    333c:	4681                	li	a3,0
    333e:	458d                	li	a1,3
    3340:	09840413          	addi	s0,s0,152
    3344:	fa0fd0ef          	jal	ra,ae4 <_ZN14_MOTOR_CONTROL10set_motionE20filament_motion_enumyy>
    3348:	fe9415e3          	bne	s0,s1,3332 <_ZL16motor_motion_runiym+0xe52>
    334c:	c36ff06f          	j	2782 <_ZL16motor_motion_runiym+0x2a2>
    3350:	5786                	lw	a5,96(sp)
    3352:	5722                	lw	a4,40(sp)
    3354:	97ba                	add	a5,a5,a4
    3356:	239c                	lbu	a5,0(a5)
    3358:	cb89                	beqz	a5,336a <_ZL16motor_motion_runiym+0xe8a>
    335a:	4716                	lw	a4,68(sp)
    335c:	2318                	lbu	a4,0(a4)
    335e:	1a071c63          	bnez	a4,3516 <_ZL16motor_motion_runiym+0x1036>
    3362:	4014                	lw	a3,0(s0)
    3364:	471d                	li	a4,7
    3366:	0ce68963          	beq	a3,a4,3438 <_ZL16motor_motion_runiym+0xf58>
    336a:	4756                	lw	a4,84(sp)
    336c:	4646                	lw	a2,80(sp)
    336e:	4681                	li	a3,0
    3370:	00070023          	sb	zero,0(a4)
    3374:	4716                	lw	a4,68(sp)
    3376:	c214                	sw	a3,0(a2)
    3378:	00dda023          	sw	a3,0(s11)
    337c:	00070023          	sb	zero,0(a4)
    3380:	4706                	lw	a4,64(sp)
    3382:	00070023          	sb	zero,0(a4)
    3386:	4701                	li	a4,0
    3388:	c258                	sw	a4,4(a2)
    338a:	5662                	lw	a2,56(sp)
    338c:	00eda223          	sw	a4,4(s11)
    3390:	c214                	sw	a3,0(a2)
    3392:	c258                	sw	a4,4(a2)
    3394:	24078963          	beqz	a5,35e6 <_ZL16motor_motion_runiym+0x1106>
    3398:	4796                	lw	a5,68(sp)
    339a:	2384                	lbu	s1,0(a5)
    339c:	57a2                	lw	a5,40(sp)
    339e:	97ea                	add	a5,a5,s10
    33a0:	239c                	lbu	a5,0(a5)
    33a2:	24079063          	bnez	a5,35e2 <_ZL16motor_motion_runiym+0x1102>
    33a6:	8f01a583          	lw	a1,-1808(gp) # 20000280 <_ZL7g_scale+0xc0>
    33aa:	57a6                	lw	a5,104(sp)
    33ac:	4388                	lw	a0,0(a5)
    33ae:	3b4070ef          	jal	ra,a762 <__gesf2>
    33b2:	22a05863          	blez	a0,35e2 <_ZL16motor_motion_runiym+0x1102>
    33b6:	09042903          	lw	s2,144(s0)
    33ba:	2e048963          	beqz	s1,36ac <_ZL16motor_motion_runiym+0x11cc>
    33be:	09042903          	lw	s2,144(s0)
    33c2:	45aa                	lw	a1,136(sp)
    33c4:	854a                	mv	a0,s2
    33c6:	4ca070ef          	jal	ra,a890 <__mulsf3>
    33ca:	85aa                	mv	a1,a0
    33cc:	84aa                	mv	s1,a0
    33ce:	854a                	mv	a0,s2
    33d0:	4c0070ef          	jal	ra,a890 <__mulsf3>
    33d4:	00000593          	li	a1,0
    33d8:	420070ef          	jal	ra,a7f8 <__lesf2>
    33dc:	00055463          	bgez	a0,33e4 <_ZL16motor_motion_runiym+0xf04>
    33e0:	00000493          	li	s1,0
    33e4:	00000793          	li	a5,0
    33e8:	85be                	mv	a1,a5
    33ea:	cc3c                	sw	a5,88(s0)
    33ec:	cc7c                	sw	a5,92(s0)
    33ee:	dc3c                	sw	a5,120(s0)
    33f0:	dc7c                	sw	a5,124(s0)
    33f2:	8526                	mv	a0,s1
    33f4:	310070ef          	jal	ra,a704 <__eqsf2>
    33f8:	57a2                	lw	a5,40(sp)
    33fa:	473a                	lw	a4,140(sp)
    33fc:	00153513          	seqz	a0,a0
    3400:	078a                	slli	a5,a5,0x2
    3402:	97ba                	add	a5,a5,a4
    3404:	c384                	sw	s1,0(a5)
    3406:	a408                	sb	a0,8(s0)
    3408:	8526                	mv	a0,s1
    340a:	2ef070ef          	jal	ra,aef8 <__fixsfsi>
    340e:	85aa                	mv	a1,a0
    3410:	854e                	mv	a0,s3
    3412:	c03fd0ef          	jal	ra,1014 <_Z22Motion_control_set_PWMhi>
    3416:	47e6                	lw	a5,88(sp)
    3418:	5722                	lw	a4,40(sp)
    341a:	97ba                	add	a5,a5,a4
    341c:	239c                	lbu	a5,0(a5)
    341e:	2e079563          	bnez	a5,3708 <_ZL16motor_motion_runiym+0x1228>
    3422:	5782                	lw	a5,32(sp)
    3424:	23fc                	lbu	a5,6(a5)
    3426:	30078363          	beqz	a5,372c <_ZL16motor_motion_runiym+0x124c>
    342a:	5782                	lw	a5,32(sp)
    342c:	4798                	lw	a4,8(a5)
    342e:	002da7b7          	lui	a5,0x2da
    3432:	0ff78793          	addi	a5,a5,255 # 2da0ff <ch32v20x_wwdg.c.f78e58f2+0x2bce04>
    3436:	a4e5                	j	371e <_ZL16motor_motion_runiym+0x123e>
    3438:	57a6                	lw	a5,104(sp)
    343a:	4384                	lw	s1,0(a5)
    343c:	57a2                	lw	a5,40(sp)
    343e:	8526                	mv	a0,s1
    3440:	97ea                	add	a5,a5,s10
    3442:	0007ca03          	lbu	s4,0(a5)
    3446:	8f01a583          	lw	a1,-1808(gp) # 20000280 <_ZL7g_scale+0xc0>
    344a:	318070ef          	jal	ra,a762 <__gesf2>
    344e:	08054863          	bltz	a0,34de <_ZL16motor_motion_runiym+0xffe>
    3452:	4786                	lw	a5,64(sp)
    3454:	00078023          	sb	zero,0(a5)
    3458:	47d6                	lw	a5,84(sp)
    345a:	239c                	lbu	a5,0(a5)
    345c:	cff1                	beqz	a5,3538 <_ZL16motor_motion_runiym+0x1058>
    345e:	47c6                	lw	a5,80(sp)
    3460:	4752                	lw	a4,20(sp)
    3462:	8526                	mv	a0,s1
    3464:	0007aa83          	lw	s5,0(a5)
    3468:	0047a903          	lw	s2,4(a5)
    346c:	47c2                	lw	a5,16(sp)
    346e:	41270933          	sub	s2,a4,s2
    3472:	41578ab3          	sub	s5,a5,s5
    3476:	0157b7b3          	sltu	a5,a5,s5
    347a:	40f90933          	sub	s2,s2,a5
    347e:	8901a583          	lw	a1,-1904(gp) # 20000220 <_ZL7g_scale+0x60>
    3482:	2e0070ef          	jal	ra,a762 <__gesf2>
    3486:	0ca05263          	blez	a0,354a <_ZL16motor_motion_runiym+0x106a>
    348a:	8941a583          	lw	a1,-1900(gp) # 20000224 <_ZL7g_scale+0x64>
    348e:	8526                	mv	a0,s1
    3490:	368070ef          	jal	ra,a7f8 <__lesf2>
    3494:	0a055b63          	bgez	a0,354a <_ZL16motor_motion_runiym+0x106a>
    3498:	4786                	lw	a5,64(sp)
    349a:	239c                	lbu	a5,0(a5)
    349c:	e79d                	bnez	a5,34ca <_ZL16motor_motion_runiym+0xfea>
    349e:	02091663          	bnez	s2,34ca <_ZL16motor_motion_runiym+0xfea>
    34a2:	3e800793          	li	a5,1000
    34a6:	0357e263          	bltu	a5,s5,34ca <_ZL16motor_motion_runiym+0xfea>
    34aa:	4716                	lw	a4,68(sp)
    34ac:	4785                	li	a5,1
    34ae:	5662                	lw	a2,56(sp)
    34b0:	a31c                	sb	a5,0(a4)
    34b2:	4742                	lw	a4,16(sp)
    34b4:	4681                	li	a3,0
    34b6:	c214                	sw	a3,0(a2)
    34b8:	00eda023          	sw	a4,0(s11)
    34bc:	4752                	lw	a4,20(sp)
    34be:	00eda223          	sw	a4,4(s11)
    34c2:	4701                	li	a4,0
    34c4:	c258                	sw	a4,4(a2)
    34c6:	4706                	lw	a4,64(sp)
    34c8:	a31c                	sb	a5,0(a4)
    34ca:	47d6                	lw	a5,84(sp)
    34cc:	4801                	li	a6,0
    34ce:	00078023          	sb	zero,0(a5)
    34d2:	4746                	lw	a4,80(sp)
    34d4:	4781                	li	a5,0
    34d6:	c31c                	sw	a5,0(a4)
    34d8:	01072223          	sw	a6,4(a4)
    34dc:	a021                	j	34e4 <_ZL16motor_motion_runiym+0x1004>
    34de:	47d6                	lw	a5,84(sp)
    34e0:	239c                	lbu	a5,0(a5)
    34e2:	ffb5                	bnez	a5,345e <_ZL16motor_motion_runiym+0xf7e>
    34e4:	4796                	lw	a5,68(sp)
    34e6:	239c                	lbu	a5,0(a5)
    34e8:	ea0788e3          	beqz	a5,3398 <_ZL16motor_motion_runiym+0xeb8>
    34ec:	9641a583          	lw	a1,-1692(gp) # 200002f4 <_ZL7g_scale+0x134>
    34f0:	8526                	mv	a0,s1
    34f2:	306070ef          	jal	ra,a7f8 <__lesf2>
    34f6:	06055163          	bgez	a0,3558 <_ZL16motor_motion_runiym+0x1078>
    34fa:	4796                	lw	a5,68(sp)
    34fc:	5762                	lw	a4,56(sp)
    34fe:	4801                	li	a6,0
    3500:	00078023          	sb	zero,0(a5)
    3504:	4781                	li	a5,0
    3506:	00fda023          	sw	a5,0(s11)
    350a:	010da223          	sw	a6,4(s11)
    350e:	c31c                	sw	a5,0(a4)
    3510:	01072223          	sw	a6,4(a4)
    3514:	a079                	j	35a2 <_ZL16motor_motion_runiym+0x10c2>
    3516:	57a6                	lw	a5,104(sp)
    3518:	4384                	lw	s1,0(a5)
    351a:	57a2                	lw	a5,40(sp)
    351c:	8526                	mv	a0,s1
    351e:	97ea                	add	a5,a5,s10
    3520:	0007ca03          	lbu	s4,0(a5)
    3524:	8f01a583          	lw	a1,-1808(gp) # 20000280 <_ZL7g_scale+0xc0>
    3528:	23a070ef          	jal	ra,a762 <__gesf2>
    352c:	fa054ce3          	bltz	a0,34e4 <_ZL16motor_motion_runiym+0x1004>
    3530:	4786                	lw	a5,64(sp)
    3532:	00078023          	sb	zero,0(a5)
    3536:	b77d                	j	34e4 <_ZL16motor_motion_runiym+0x1004>
    3538:	4756                	lw	a4,84(sp)
    353a:	4785                	li	a5,1
    353c:	a31c                	sb	a5,0(a4)
    353e:	47c6                	lw	a5,80(sp)
    3540:	4742                	lw	a4,16(sp)
    3542:	c398                	sw	a4,0(a5)
    3544:	4752                	lw	a4,20(sp)
    3546:	c3d8                	sw	a4,4(a5)
    3548:	bf19                	j	345e <_ZL16motor_motion_runiym+0xf7e>
    354a:	f80910e3          	bnez	s2,34ca <_ZL16motor_motion_runiym+0xfea>
    354e:	3e800793          	li	a5,1000
    3552:	f957f9e3          	bgeu	a5,s5,34e4 <_ZL16motor_motion_runiym+0x1004>
    3556:	bf95                	j	34ca <_ZL16motor_motion_runiym+0xfea>
    3558:	4785                	li	a5,1
    355a:	04fa1863          	bne	s4,a5,35aa <_ZL16motor_motion_runiym+0x10ca>
    355e:	5762                	lw	a4,56(sp)
    3560:	4781                	li	a5,0
    3562:	46c2                	lw	a3,16(sp)
    3564:	c31c                	sw	a5,0(a4)
    3566:	4801                	li	a6,0
    3568:	000da783          	lw	a5,0(s11)
    356c:	4652                	lw	a2,20(sp)
    356e:	01072223          	sw	a6,4(a4)
    3572:	004da703          	lw	a4,4(s11)
    3576:	40f687b3          	sub	a5,a3,a5
    357a:	00f6b6b3          	sltu	a3,a3,a5
    357e:	40e60733          	sub	a4,a2,a4
    3582:	00d71763          	bne	a4,a3,3590 <_ZL16motor_motion_runiym+0x10b0>
    3586:	6711                	lui	a4,0x4
    3588:	a9770713          	addi	a4,a4,-1385 # 3a97 <_ZL16motor_motion_runiym+0x15b7>
    358c:	e0f776e3          	bgeu	a4,a5,3398 <_ZL16motor_motion_runiym+0xeb8>
    3590:	4796                	lw	a5,68(sp)
    3592:	4801                	li	a6,0
    3594:	010da223          	sw	a6,4(s11)
    3598:	00078023          	sb	zero,0(a5)
    359c:	4781                	li	a5,0
    359e:	00fda023          	sw	a5,0(s11)
    35a2:	4706                	lw	a4,64(sp)
    35a4:	4785                	li	a5,1
    35a6:	a31c                	sb	a5,0(a4)
    35a8:	bbc5                	j	3398 <_ZL16motor_motion_runiym+0xeb8>
    35aa:	57e2                	lw	a5,56(sp)
    35ac:	5762                	lw	a4,56(sp)
    35ae:	439c                	lw	a5,0(a5)
    35b0:	4358                	lw	a4,4(a4)
    35b2:	00e7e6b3          	or	a3,a5,a4
    35b6:	e699                	bnez	a3,35c4 <_ZL16motor_motion_runiym+0x10e4>
    35b8:	57e2                	lw	a5,56(sp)
    35ba:	4742                	lw	a4,16(sp)
    35bc:	c398                	sw	a4,0(a5)
    35be:	4752                	lw	a4,20(sp)
    35c0:	c3d8                	sw	a4,4(a5)
    35c2:	bbd9                	j	3398 <_ZL16motor_motion_runiym+0xeb8>
    35c4:	46c2                	lw	a3,16(sp)
    35c6:	4652                	lw	a2,20(sp)
    35c8:	40f687b3          	sub	a5,a3,a5
    35cc:	00f6b6b3          	sltu	a3,a3,a5
    35d0:	40e60733          	sub	a4,a2,a4
    35d4:	f2d713e3          	bne	a4,a3,34fa <_ZL16motor_motion_runiym+0x101a>
    35d8:	5db00713          	li	a4,1499
    35dc:	daf77ee3          	bgeu	a4,a5,3398 <_ZL16motor_motion_runiym+0xeb8>
    35e0:	bf29                	j	34fa <_ZL16motor_motion_runiym+0x101a>
    35e2:	dc049ee3          	bnez	s1,33be <_ZL16motor_motion_runiym+0xede>
    35e6:	4776                	lw	a4,92(sp)
    35e8:	401c                	lw	a5,0(s0)
    35ea:	14070163          	beqz	a4,372c <_ZL16motor_motion_runiym+0x124c>
    35ee:	4810                	lw	a2,16(s0)
    35f0:	4854                	lw	a3,20(s0)
    35f2:	470d                	li	a4,3
    35f4:	00d665b3          	or	a1,a2,a3
    35f8:	1ce79463          	bne	a5,a4,37c0 <_ZL16motor_motion_runiym+0x12e0>
    35fc:	e581                	bnez	a1,3604 <_ZL16motor_motion_runiym+0x1124>
    35fe:	2418                	lbu	a4,8(s0)
    3600:	12071663          	bnez	a4,372c <_ZL16motor_motion_runiym+0x124c>
    3604:	00442b83          	lw	s7,4(s0)
    3608:	20002737          	lui	a4,0x20002
    360c:	c9870713          	addi	a4,a4,-872 # 20001c98 <speed_as5600>
    3610:	002b9c13          	slli	s8,s7,0x2
    3614:	200026b7          	lui	a3,0x20002
    3618:	9762                	add	a4,a4,s8
    361a:	003b9c93          	slli	s9,s7,0x3
    361e:	d4868693          	addi	a3,a3,-696 # 20001d48 <_ZL21g_last_on_use_exit_ms>
    3622:	96e6                	add	a3,a3,s9
    3624:	00072903          	lw	s2,0(a4)
    3628:	00000713          	li	a4,0
    362c:	cd3a                	sw	a4,152(sp)
    362e:	42d8                	lw	a4,4(a3)
    3630:	4290                	lw	a2,0(a3)
    3632:	e701                	bnez	a4,363a <_ZL16motor_motion_runiym+0x115a>
    3634:	4685                	li	a3,1
    3636:	22c6f163          	bgeu	a3,a2,3858 <_ZL16motor_motion_runiym+0x1378>
    363a:	46c2                	lw	a3,16(sp)
    363c:	40c685b3          	sub	a1,a3,a2
    3640:	00b6b533          	sltu	a0,a3,a1
    3644:	46d2                	lw	a3,20(sp)
    3646:	8e99                	sub	a3,a3,a4
    3648:	8e89                	sub	a3,a3,a0
    364a:	20002837          	lui	a6,0x20002
    364e:	d3480493          	addi	s1,a6,-716 # 20001d34 <_ZN14_MOTOR_CONTROL6x_prevE>
    3652:	451d                	li	a0,7
    3654:	da26                	sw	s1,52(sp)
    3656:	20a79463          	bne	a5,a0,385e <_ZL16motor_motion_runiym+0x137e>
    365a:	017d07b3          	add	a5,s10,s7
    365e:	239c                	lbu	a5,0(a5)
    3660:	24079f63          	bnez	a5,38be <_ZL16motor_motion_runiym+0x13de>
    3664:	5786                	lw	a5,96(sp)
    3666:	97de                	add	a5,a5,s7
    3668:	0007c983          	lbu	s3,0(a5)
    366c:	24098963          	beqz	s3,38be <_ZL16motor_motion_runiym+0x13de>
    3670:	00e667b3          	or	a5,a2,a4
    3674:	e399                	bnez	a5,367a <_ZL16motor_motion_runiym+0x119a>
    3676:	4fc0106f          	j	4b72 <_ZL16motor_motion_runiym+0x2692>
    367a:	4785                	li	a5,1
    367c:	00f61563          	bne	a2,a5,3686 <_ZL16motor_motion_runiym+0x11a6>
    3680:	e319                	bnez	a4,3686 <_ZL16motor_motion_runiym+0x11a6>
    3682:	4f20106f          	j	4b74 <_ZL16motor_motion_runiym+0x2694>
    3686:	c299                	beqz	a3,368c <_ZL16motor_motion_runiym+0x11ac>
    3688:	4ec0106f          	j	4b74 <_ZL16motor_motion_runiym+0x2694>
    368c:	6789                	lui	a5,0x2
    368e:	70f78793          	addi	a5,a5,1807 # 270f <_ZL16motor_motion_runiym+0x22f>
    3692:	00b7f463          	bgeu	a5,a1,369a <_ZL16motor_motion_runiym+0x11ba>
    3696:	4de0106f          	j	4b74 <_ZL16motor_motion_runiym+0x2694>
    369a:	00000793          	li	a5,0
    369e:	08010b23          	sb	zero,150(sp)
    36a2:	cf3e                	sw	a5,156(sp)
    36a4:	08010ba3          	sb	zero,151(sp)
    36a8:	c4ce                	sw	s3,72(sp)
    36aa:	a41d                	j	38d0 <_ZL16motor_motion_runiym+0x13f0>
    36ac:	9681a583          	lw	a1,-1688(gp) # 200002f8 <_ZL7g_scale+0x138>
    36b0:	854a                	mv	a0,s2
    36b2:	1de070ef          	jal	ra,a890 <__mulsf3>
    36b6:	85ca                	mv	a1,s2
    36b8:	84aa                	mv	s1,a0
    36ba:	1d6070ef          	jal	ra,a890 <__mulsf3>
    36be:	00000593          	li	a1,0
    36c2:	136070ef          	jal	ra,a7f8 <__lesf2>
    36c6:	00055463          	bgez	a0,36ce <_ZL16motor_motion_runiym+0x11ee>
    36ca:	00000493          	li	s1,0
    36ce:	00000793          	li	a5,0
    36d2:	85be                	mv	a1,a5
    36d4:	cc3c                	sw	a5,88(s0)
    36d6:	cc7c                	sw	a5,92(s0)
    36d8:	dc3c                	sw	a5,120(s0)
    36da:	dc7c                	sw	a5,124(s0)
    36dc:	8526                	mv	a0,s1
    36de:	026070ef          	jal	ra,a704 <__eqsf2>
    36e2:	57a2                	lw	a5,40(sp)
    36e4:	20002737          	lui	a4,0x20002
    36e8:	d3470713          	addi	a4,a4,-716 # 20001d34 <_ZN14_MOTOR_CONTROL6x_prevE>
    36ec:	078a                	slli	a5,a5,0x2
    36ee:	00153513          	seqz	a0,a0
    36f2:	97ba                	add	a5,a5,a4
    36f4:	a408                	sb	a0,8(s0)
    36f6:	c384                	sw	s1,0(a5)
    36f8:	8526                	mv	a0,s1
    36fa:	7fe070ef          	jal	ra,aef8 <__fixsfsi>
    36fe:	85aa                	mv	a1,a0
    3700:	854e                	mv	a0,s3
    3702:	913fd0ef          	jal	ra,1014 <_Z22Motion_control_set_PWMhi>
    3706:	a01d                	j	372c <_ZL16motor_motion_runiym+0x124c>
    3708:	5782                	lw	a5,32(sp)
    370a:	470a                	lw	a4,128(sp)
    370c:	23fc                	lbu	a5,6(a5)
    370e:	d0070ce3          	beqz	a4,3426 <_ZL16motor_motion_runiym+0xf46>
    3712:	cf89                	beqz	a5,372c <_ZL16motor_motion_runiym+0x124c>
    3714:	5782                	lw	a5,32(sp)
    3716:	4798                	lw	a4,8(a5)
    3718:	67c1                	lui	a5,0x10
    371a:	f0078793          	addi	a5,a5,-256 # ff00 <MC_PULL_calibration.cpp.a99f3330+0x1040>
    371e:	00f70763          	beq	a4,a5,372c <_ZL16motor_motion_runiym+0x124c>
    3722:	5702                	lw	a4,32(sp)
    3724:	c71c                	sw	a5,8(a4)
    3726:	4785                	li	a5,1
    3728:	02f70623          	sb	a5,44(a4)
    372c:	57e6                	lw	a5,120(sp)
    372e:	5722                	lw	a4,40(sp)
    3730:	4014                	lw	a3,0(s0)
    3732:	97ba                	add	a5,a5,a4
    3734:	239c                	lbu	a5,0(a5)
    3736:	c6b1                	beqz	a3,3782 <_ZL16motor_motion_runiym+0x12a2>
    3738:	4711                	li	a4,4
    373a:	04e68a63          	beq	a3,a4,378e <_ZL16motor_motion_runiym+0x12ae>
    373e:	4615                	li	a2,5
    3740:	05d00713          	li	a4,93
    3744:	04c68163          	beq	a3,a2,3786 <_ZL16motor_motion_runiym+0x12a6>
    3748:	4619                	li	a2,6
    374a:	04600713          	li	a4,70
    374e:	02c69c63          	bne	a3,a2,3786 <_ZL16motor_motion_runiym+0x12a6>
    3752:	5414                	lw	a3,40(s0)
    3754:	5450                	lw	a2,44(s0)
    3756:	00c6e5b3          	or	a1,a3,a2
    375a:	c595                	beqz	a1,3786 <_ZL16motor_motion_runiym+0x12a6>
    375c:	4742                	lw	a4,16(sp)
    375e:	45d2                	lw	a1,20(sp)
    3760:	8f15                	sub	a4,a4,a3
    3762:	46c2                	lw	a3,16(sp)
    3764:	40c58633          	sub	a2,a1,a2
    3768:	00e6b6b3          	sltu	a3,a3,a4
    376c:	00d60463          	beq	a2,a3,3774 <_ZL16motor_motion_runiym+0x1294>
    3770:	32e0106f          	j	4a9e <_ZL16motor_motion_runiym+0x25be>
    3774:	6685                	lui	a3,0x1
    3776:	38768693          	addi	a3,a3,903 # 1387 <_Z10set_motionhhhh.part.0+0xf7>
    377a:	00e6f463          	bgeu	a3,a4,3782 <_ZL16motor_motion_runiym+0x12a2>
    377e:	3200106f          	j	4a9e <_ZL16motor_motion_runiym+0x25be>
    3782:	05d00713          	li	a4,93
    3786:	00e7c463          	blt	a5,a4,378e <_ZL16motor_motion_runiym+0x12ae>
    378a:	31c0106f          	j	4aa6 <_ZL16motor_motion_runiym+0x25c6>
    378e:	4779                	li	a4,30
    3790:	00f76463          	bltu	a4,a5,3798 <_ZL16motor_motion_runiym+0x12b8>
    3794:	3220106f          	j	4ab6 <_ZL16motor_motion_runiym+0x25d6>
    3798:	5722                	lw	a4,40(sp)
    379a:	976a                	add	a4,a4,s10
    379c:	2314                	lbu	a3,0(a4)
    379e:	c299                	beqz	a3,37a4 <_ZL16motor_motion_runiym+0x12c4>
    37a0:	31c0106f          	j	4abc <_ZL16motor_motion_runiym+0x25dc>
    37a4:	fcf78793          	addi	a5,a5,-49
    37a8:	0ff7f793          	zext.b	a5,a5
    37ac:	4709                	li	a4,2
    37ae:	4621                	li	a2,8
    37b0:	00f76463          	bltu	a4,a5,37b8 <_ZL16motor_motion_runiym+0x12d8>
    37b4:	2f60106f          	j	4aaa <_ZL16motor_motion_runiym+0x25ca>
    37b8:	4601                	li	a2,0
    37ba:	4581                	li	a1,0
    37bc:	2f00106f          	j	4aac <_ZL16motor_motion_runiym+0x25cc>
    37c0:	20002737          	lui	a4,0x20002
    37c4:	4048                	lw	a0,4(s0)
    37c6:	d3470713          	addi	a4,a4,-716 # 20001d34 <_ZN14_MOTOR_CONTROL6x_prevE>
    37ca:	c9b1                	beqz	a1,381e <_ZL16motor_motion_runiym+0x133e>
    37cc:	45d2                	lw	a1,20(sp)
    37ce:	00b6e763          	bltu	a3,a1,37dc <_ZL16motor_motion_runiym+0x12fc>
    37d2:	04d59663          	bne	a1,a3,381e <_ZL16motor_motion_runiym+0x133e>
    37d6:	46c2                	lw	a3,16(sp)
    37d8:	04d67363          	bgeu	a2,a3,381e <_ZL16motor_motion_runiym+0x133e>
    37dc:	4699                	li	a3,6
    37de:	00d79d63          	bne	a5,a3,37f8 <_ZL16motor_motion_runiym+0x1318>
    37e2:	200027b7          	lui	a5,0x20002
    37e6:	00351693          	slli	a3,a0,0x3
    37ea:	d4878793          	addi	a5,a5,-696 # 20001d48 <_ZL21g_last_on_use_exit_ms>
    37ee:	97b6                	add	a5,a5,a3
    37f0:	46c2                	lw	a3,16(sp)
    37f2:	c394                	sw	a3,0(a5)
    37f4:	46d2                	lw	a3,20(sp)
    37f6:	c3d4                	sw	a3,4(a5)
    37f8:	00000793          	li	a5,0
    37fc:	86be                	mv	a3,a5
    37fe:	cc3c                	sw	a5,88(s0)
    3800:	cc7c                	sw	a5,92(s0)
    3802:	dc3c                	sw	a5,120(s0)
    3804:	dc7c                	sw	a5,124(s0)
    3806:	4785                	li	a5,1
    3808:	a41c                	sb	a5,8(s0)
    380a:	00251793          	slli	a5,a0,0x2
    380e:	97ba                	add	a5,a5,a4
    3810:	c394                	sw	a3,0(a5)
    3812:	478d                	li	a5,3
    3814:	c01c                	sw	a5,0(s0)
    3816:	4581                	li	a1,0
    3818:	0ff57513          	zext.b	a0,a0
    381c:	b5dd                	j	3702 <_ZL16motor_motion_runiym+0x1222>
    381e:	4699                	li	a3,6
    3820:	ded792e3          	bne	a5,a3,3604 <_ZL16motor_motion_runiym+0x1124>
    3824:	46e6                	lw	a3,88(sp)
    3826:	96aa                	add	a3,a3,a0
    3828:	2294                	lbu	a3,0(a3)
    382a:	dc068de3          	beqz	a3,3604 <_ZL16motor_motion_runiym+0x1124>
    382e:	200027b7          	lui	a5,0x20002
    3832:	00251693          	slli	a3,a0,0x2
    3836:	d6878793          	addi	a5,a5,-664 # 20001d68 <_ZL18g_on_use_hi_pwm_us>
    383a:	97b6                	add	a5,a5,a3
    383c:	0007a023          	sw	zero,0(a5)
    3840:	00000793          	li	a5,0
    3844:	863e                	mv	a2,a5
    3846:	cc3c                	sw	a5,88(s0)
    3848:	cc7c                	sw	a5,92(s0)
    384a:	dc3c                	sw	a5,120(s0)
    384c:	dc7c                	sw	a5,124(s0)
    384e:	9736                	add	a4,a4,a3
    3850:	4785                	li	a5,1
    3852:	a41c                	sb	a5,8(s0)
    3854:	c310                	sw	a2,0(a4)
    3856:	b7c1                	j	3816 <_ZL16motor_motion_runiym+0x1336>
    3858:	4581                	li	a1,0
    385a:	4681                	li	a3,0
    385c:	b3fd                	j	364a <_ZL16motor_motion_runiym+0x116a>
    385e:	ffc78713          	addi	a4,a5,-4
    3862:	4689                	li	a3,2
    3864:	02e6f563          	bgeu	a3,a4,388e <_ZL16motor_motion_runiym+0x13ae>
    3868:	10079a63          	bnez	a5,397c <_ZL16motor_motion_runiym+0x149c>
    386c:	04844783          	lbu	a5,72(s0)
    3870:	08010b23          	sb	zero,150(sp)
    3874:	08010ba3          	sb	zero,151(sp)
    3878:	c4be                	sw	a5,72(sp)
    387a:	00000793          	li	a5,0
    387e:	cf3e                	sw	a5,156(sp)
    3880:	017d07b3          	add	a5,s10,s7
    3884:	239c                	lbu	a5,0(a5)
    3886:	32079ce3          	bnez	a5,43be <_ZL16motor_motion_runiym+0x1ede>
    388a:	4981                	li	s3,0
    388c:	a709                	j	3f8e <_ZL16motor_motion_runiym+0x1aae>
    388e:	00000713          	li	a4,0
    3892:	cf3a                	sw	a4,156(sp)
    3894:	4705                	li	a4,1
    3896:	08010b23          	sb	zero,150(sp)
    389a:	08010ba3          	sb	zero,151(sp)
    389e:	c4ba                	sw	a4,72(sp)
    38a0:	017d0733          	add	a4,s10,s7
    38a4:	2318                	lbu	a4,0(a4)
    38a6:	d375                	beqz	a4,388a <_ZL16motor_motion_runiym+0x13aa>
    38a8:	4721                	li	a4,8
    38aa:	46f76de3          	bltu	a4,a5,4524 <_ZL16motor_motion_runiym+0x2044>
    38ae:	66ad                	lui	a3,0xb
    38b0:	00279713          	slli	a4,a5,0x2
    38b4:	60468693          	addi	a3,a3,1540 # b604 <__clzsi2+0x192>
    38b8:	9736                	add	a4,a4,a3
    38ba:	4318                	lw	a4,0(a4)
    38bc:	8702                	jr	a4
    38be:	00000793          	li	a5,0
    38c2:	08010b23          	sb	zero,150(sp)
    38c6:	cf3e                	sw	a5,156(sp)
    38c8:	08010ba3          	sb	zero,151(sp)
    38cc:	c482                	sw	zero,72(sp)
    38ce:	4981                	li	s3,0
    38d0:	5786                	lw	a5,96(sp)
    38d2:	97de                	add	a5,a5,s7
    38d4:	0007cb03          	lbu	s6,0(a5)
    38d8:	017d07b3          	add	a5,s10,s7
    38dc:	0007ca03          	lbu	s4,0(a5)
    38e0:	6a0b0963          	beqz	s6,3f92 <_ZL16motor_motion_runiym+0x1ab2>
    38e4:	57c6                	lw	a5,112(sp)
    38e6:	97de                	add	a5,a5,s7
    38e8:	239c                	lbu	a5,0(a5)
    38ea:	66079e63          	bnez	a5,3f66 <_ZL16motor_motion_runiym+0x1a86>
    38ee:	200027b7          	lui	a5,0x20002
    38f2:	006b9693          	slli	a3,s7,0x6
    38f6:	d9078793          	addi	a5,a5,-624 # 20001d90 <ams>
    38fa:	97b6                	add	a5,a5,a3
    38fc:	03c7aa83          	lw	s5,60(a5)
    3900:	57b6                	lw	a5,108(sp)
    3902:	97de                	add	a5,a5,s7
    3904:	239c                	lbu	a5,0(a5)
    3906:	c7d9                	beqz	a5,3994 <_ZL16motor_motion_runiym+0x14b4>
    3908:	0ffbf793          	zext.b	a5,s7
    390c:	470d                	li	a4,3
    390e:	02f76963          	bltu	a4,a5,3940 <_ZL16motor_motion_runiym+0x1460>
    3912:	03000793          	li	a5,48
    3916:	0ffbfb93          	zext.b	s7,s7
    391a:	02fb8bb3          	mul	s7,s7,a5
    391e:	5792                	lw	a5,36(sp)
    3920:	9bbe                	add	s7,s7,a5
    3922:	006bc783          	lbu	a5,6(s7)
    3926:	cf89                	beqz	a5,3940 <_ZL16motor_motion_runiym+0x1460>
    3928:	008ba703          	lw	a4,8(s7)
    392c:	67c1                	lui	a5,0x10
    392e:	f0078793          	addi	a5,a5,-256 # ff00 <MC_PULL_calibration.cpp.a99f3330+0x1040>
    3932:	00f70763          	beq	a4,a5,3940 <_ZL16motor_motion_runiym+0x1460>
    3936:	00fba423          	sw	a5,8(s7)
    393a:	4785                	li	a5,1
    393c:	02fb8623          	sb	a5,44(s7)
    3940:	00000513          	li	a0,0
    3944:	00000793          	li	a5,0
    3948:	cd2a                	sw	a0,152(sp)
    394a:	dc3c                	sw	a5,120(s0)
    394c:	dc7c                	sw	a5,124(s0)
    394e:	cc3c                	sw	a5,88(s0)
    3950:	cc7c                	sw	a5,92(s0)
    3952:	00042a03          	lw	s4,0(s0)
    3956:	20002c37          	lui	s8,0x20002
    395a:	4044                	lw	s1,4(s0)
    395c:	4bea                	lw	s7,152(sp)
    395e:	928c0c13          	addi	s8,s8,-1752 # 20001928 <_ZZN14_MOTOR_CONTROL3runEfyE14block_until_ms>
    3962:	3e0a10e3          	bnez	s4,4542 <_ZL16motor_motion_runiym+0x2062>
    3966:	00099663          	bnez	s3,3972 <_ZL16motor_motion_runiym+0x1492>
    396a:	04844783          	lbu	a5,72(s0)
    396e:	42078ee3          	beqz	a5,45aa <_ZL16motor_motion_runiym+0x20ca>
    3972:	4a85                	li	s5,1
    3974:	9181a983          	lw	s3,-1768(gp) # 200002a8 <_ZL7g_scale+0xe8>
    3978:	4390006f          	j	45b0 <_ZL16motor_motion_runiym+0x20d0>
    397c:	00000713          	li	a4,0
    3980:	cf3a                	sw	a4,156(sp)
    3982:	08010b23          	sb	zero,150(sp)
    3986:	08010ba3          	sb	zero,151(sp)
    398a:	4705                	li	a4,1
    398c:	6ce78463          	beq	a5,a4,4054 <_ZL16motor_motion_runiym+0x1b74>
    3990:	c482                	sw	zero,72(sp)
    3992:	b739                	j	38a0 <_ZL16motor_motion_runiym+0x13c0>
    3994:	47f2                	lw	a5,28(sp)
    3996:	017786b3          	add	a3,a5,s7
    399a:	229c                	lbu	a5,0(a3)
    399c:	14079e63          	bnez	a5,3af8 <_ZL16motor_motion_runiym+0x1618>
    39a0:	4789                	li	a5,2
    39a2:	08fa1263          	bne	s4,a5,3a26 <_ZL16motor_motion_runiym+0x1546>
    39a6:	479a                	lw	a5,132(sp)
    39a8:	01778733          	add	a4,a5,s7
    39ac:	231c                	lbu	a5,0(a4)
    39ae:	52079763          	bnez	a5,3edc <_ZL16motor_motion_runiym+0x19fc>
    39b2:	4785                	li	a5,1
    39b4:	a31c                	sb	a5,0(a4)
    39b6:	a29c                	sb	a5,0(a3)
    39b8:	47e2                	lw	a5,24(sp)
    39ba:	4742                	lw	a4,16(sp)
    39bc:	97e6                	add	a5,a5,s9
    39be:	c398                	sw	a4,0(a5)
    39c0:	4752                	lw	a4,20(sp)
    39c2:	c3d8                	sw	a4,4(a5)
    39c4:	0ffbf793          	zext.b	a5,s7
    39c8:	470d                	li	a4,3
    39ca:	00f76d63          	bltu	a4,a5,39e4 <_ZL16motor_motion_runiym+0x1504>
    39ce:	0ffbf793          	zext.b	a5,s7
    39d2:	03000713          	li	a4,48
    39d6:	02e78733          	mul	a4,a5,a4
    39da:	5692                	lw	a3,36(sp)
    39dc:	9736                	add	a4,a4,a3
    39de:	2378                	lbu	a4,6(a4)
    39e0:	14071863          	bnez	a4,3b30 <_ZL16motor_motion_runiym+0x1650>
    39e4:	47e2                	lw	a5,24(sp)
    39e6:	46c2                	lw	a3,16(sp)
    39e8:	4652                	lw	a2,20(sp)
    39ea:	01978733          	add	a4,a5,s9
    39ee:	431c                	lw	a5,0(a4)
    39f0:	4358                	lw	a4,4(a4)
    39f2:	40f687b3          	sub	a5,a3,a5
    39f6:	00f6b6b3          	sltu	a3,a3,a5
    39fa:	40e60733          	sub	a4,a2,a4
    39fe:	00d71663          	bne	a4,a3,3a0a <_ZL16motor_motion_runiym+0x152a>
    3a02:	06300713          	li	a4,99
    3a06:	f2f77de3          	bgeu	a4,a5,3940 <_ZL16motor_motion_runiym+0x1460>
    3a0a:	47f2                	lw	a5,28(sp)
    3a0c:	9bbe                	add	s7,s7,a5
    3a0e:	4789                	li	a5,2
    3a10:	00fb8023          	sb	a5,0(s7)
    3a14:	47e2                	lw	a5,24(sp)
    3a16:	9cbe                	add	s9,s9,a5
    3a18:	47c2                	lw	a5,16(sp)
    3a1a:	00fca023          	sw	a5,0(s9)
    3a1e:	47d2                	lw	a5,20(sp)
    3a20:	00fca223          	sw	a5,4(s9)
    3a24:	bf31                	j	3940 <_ZL16motor_motion_runiym+0x1460>
    3a26:	4785                	li	a5,1
    3a28:	50fa1a63          	bne	s4,a5,3f3c <_ZL16motor_motion_runiym+0x1a5c>
    3a2c:	4791                	li	a5,4
    3a2e:	a29c                	sb	a5,0(a3)
    3a30:	57c2                	lw	a5,48(sp)
    3a32:	90c1a703          	lw	a4,-1780(gp) # 2000029c <_ZL7g_scale+0xdc>
    3a36:	97de                	add	a5,a5,s7
    3a38:	00078023          	sb	zero,0(a5)
    3a3c:	57b2                	lw	a5,44(sp)
    3a3e:	0ffbf493          	zext.b	s1,s7
    3a42:	97e2                	add	a5,a5,s8
    3a44:	c398                	sw	a4,0(a5)
    3a46:	5796                	lw	a5,100(sp)
    3a48:	97e2                	add	a5,a5,s8
    3a4a:	0157a023          	sw	s5,0(a5)
    3a4e:	478d                	li	a5,3
    3a50:	0097ed63          	bltu	a5,s1,3a6a <_ZL16motor_motion_runiym+0x158a>
    3a54:	0ffbf793          	zext.b	a5,s7
    3a58:	03000713          	li	a4,48
    3a5c:	02e78733          	mul	a4,a5,a4
    3a60:	5692                	lw	a3,36(sp)
    3a62:	9736                	add	a4,a4,a3
    3a64:	2378                	lbu	a4,6(a4)
    3a66:	22071763          	bnez	a4,3c94 <_ZL16motor_motion_runiym+0x17b4>
    3a6a:	5796                	lw	a5,100(sp)
    3a6c:	8556                	mv	a0,s5
    3a6e:	97e2                	add	a5,a5,s8
    3a70:	438c                	lw	a1,0(a5)
    3a72:	0fa070ef          	jal	ra,ab6c <__subsf3>
    3a76:	00000593          	li	a1,0
    3a7a:	8a2a                	mv	s4,a0
    3a7c:	57d060ef          	jal	ra,a7f8 <__lesf2>
    3a80:	00055663          	bgez	a0,3a8c <_ZL16motor_motion_runiym+0x15ac>
    3a84:	800007b7          	lui	a5,0x80000
    3a88:	0147ca33          	xor	s4,a5,s4
    3a8c:	5796                	lw	a5,100(sp)
    3a8e:	85d2                	mv	a1,s4
    3a90:	97e2                	add	a5,a5,s8
    3a92:	0157a023          	sw	s5,0(a5) # 80000000 <__freertos_irq_stack_top+0x5fffb000>
    3a96:	57b2                	lw	a5,44(sp)
    3a98:	97e2                	add	a5,a5,s8
    3a9a:	4388                	lw	a0,0(a5)
    3a9c:	0d0070ef          	jal	ra,ab6c <__subsf3>
    3aa0:	00000593          	li	a1,0
    3aa4:	8a2a                	mv	s4,a0
    3aa6:	553060ef          	jal	ra,a7f8 <__lesf2>
    3aaa:	00055463          	bgez	a0,3ab2 <_ZL16motor_motion_runiym+0x15d2>
    3aae:	00000a13          	li	s4,0
    3ab2:	57b2                	lw	a5,44(sp)
    3ab4:	01878ab3          	add	s5,a5,s8
    3ab8:	47b6                	lw	a5,76(sp)
    3aba:	014aa023          	sw	s4,0(s5)
    3abe:	9c3e                	add	s8,s8,a5
    3ac0:	96c1a583          	lw	a1,-1684(gp) # 200002fc <_ZL7g_scale+0x13c>
    3ac4:	000c2503          	lw	a0,0(s8)
    3ac8:	49b060ef          	jal	ra,a762 <__gesf2>
    3acc:	20a05763          	blez	a0,3cda <_ZL16motor_motion_runiym+0x17fa>
    3ad0:	57c2                	lw	a5,48(sp)
    3ad2:	0ff00693          	li	a3,255
    3ad6:	01778733          	add	a4,a5,s7
    3ada:	231c                	lbu	a5,0(a4)
    3adc:	1ed79663          	bne	a5,a3,3cc8 <_ZL16motor_motion_runiym+0x17e8>
    3ae0:	57b6                	lw	a5,108(sp)
    3ae2:	4705                	li	a4,1
    3ae4:	97de                	add	a5,a5,s7
    3ae6:	a398                	sb	a4,0(a5)
    3ae8:	4799                	li	a5,6
    3aea:	4772                	lw	a4,28(sp)
    3aec:	975e                	add	a4,a4,s7
    3aee:	a31c                	sb	a5,0(a4)
    3af0:	478d                	li	a5,3
    3af2:	e497e7e3          	bltu	a5,s1,3940 <_ZL16motor_motion_runiym+0x1460>
    3af6:	bd31                	j	3912 <_ZL16motor_motion_runiym+0x1432>
    3af8:	17fd                	addi	a5,a5,-1
    3afa:	0ff7f793          	zext.b	a5,a5
    3afe:	4699                	li	a3,6
    3b00:	42f6ee63          	bltu	a3,a5,3f3c <_ZL16motor_motion_runiym+0x1a5c>
    3b04:	672d                	lui	a4,0xb
    3b06:	078a                	slli	a5,a5,0x2
    3b08:	62870713          	addi	a4,a4,1576 # b628 <__clzsi2+0x1b6>
    3b0c:	97ba                	add	a5,a5,a4
    3b0e:	439c                	lw	a5,0(a5)
    3b10:	8782                	jr	a5
    3b12:	0ffbf793          	zext.b	a5,s7
    3b16:	470d                	li	a4,3
    3b18:	02f76d63          	bltu	a4,a5,3b52 <_ZL16motor_motion_runiym+0x1672>
    3b1c:	0ffbf793          	zext.b	a5,s7
    3b20:	03000713          	li	a4,48
    3b24:	02e78733          	mul	a4,a5,a4
    3b28:	5692                	lw	a3,36(sp)
    3b2a:	9736                	add	a4,a4,a3
    3b2c:	2378                	lbu	a4,6(a4)
    3b2e:	c315                	beqz	a4,3b52 <_ZL16motor_motion_runiym+0x1672>
    3b30:	03000713          	li	a4,48
    3b34:	02e787b3          	mul	a5,a5,a4
    3b38:	5712                	lw	a4,36(sp)
    3b3a:	97ba                	add	a5,a5,a4
    3b3c:	4794                	lw	a3,8(a5)
    3b3e:	01000737          	lui	a4,0x1000
    3b42:	f0070713          	addi	a4,a4,-256 # ffff00 <ch32v20x_wwdg.c.f78e58f2+0xfe2c05>
    3b46:	00e68663          	beq	a3,a4,3b52 <_ZL16motor_motion_runiym+0x1672>
    3b4a:	c798                	sw	a4,8(a5)
    3b4c:	4705                	li	a4,1
    3b4e:	02e78623          	sb	a4,44(a5)
    3b52:	4789                	li	a5,2
    3b54:	e8fa08e3          	beq	s4,a5,39e4 <_ZL16motor_motion_runiym+0x1504>
    3b58:	47f2                	lw	a5,28(sp)
    3b5a:	9bbe                	add	s7,s7,a5
    3b5c:	000b8023          	sb	zero,0(s7)
    3b60:	47e2                	lw	a5,24(sp)
    3b62:	4801                	li	a6,0
    3b64:	9cbe                	add	s9,s9,a5
    3b66:	4781                	li	a5,0
    3b68:	00fca023          	sw	a5,0(s9)
    3b6c:	010ca223          	sw	a6,4(s9)
    3b70:	bbc1                	j	3940 <_ZL16motor_motion_runiym+0x1460>
    3b72:	0ffbf793          	zext.b	a5,s7
    3b76:	470d                	li	a4,3
    3b78:	02f76763          	bltu	a4,a5,3ba6 <_ZL16motor_motion_runiym+0x16c6>
    3b7c:	03000713          	li	a4,48
    3b80:	0ffbf793          	zext.b	a5,s7
    3b84:	02e787b3          	mul	a5,a5,a4
    3b88:	5712                	lw	a4,36(sp)
    3b8a:	97ba                	add	a5,a5,a4
    3b8c:	23f8                	lbu	a4,6(a5)
    3b8e:	cf01                	beqz	a4,3ba6 <_ZL16motor_motion_runiym+0x16c6>
    3b90:	4794                	lw	a3,8(a5)
    3b92:	01000737          	lui	a4,0x1000
    3b96:	f0070713          	addi	a4,a4,-256 # ffff00 <ch32v20x_wwdg.c.f78e58f2+0xfe2c05>
    3b9a:	00e68663          	beq	a3,a4,3ba6 <_ZL16motor_motion_runiym+0x16c6>
    3b9e:	c798                	sw	a4,8(a5)
    3ba0:	4705                	li	a4,1
    3ba2:	02e78623          	sb	a4,44(a5)
    3ba6:	fa0a09e3          	beqz	s4,3b58 <_ZL16motor_motion_runiym+0x1678>
    3baa:	4785                	li	a5,1
    3bac:	02fa1463          	bne	s4,a5,3bd4 <_ZL16motor_motion_runiym+0x16f4>
    3bb0:	47f2                	lw	a5,28(sp)
    3bb2:	4711                	li	a4,4
    3bb4:	97de                	add	a5,a5,s7
    3bb6:	a398                	sb	a4,0(a5)
    3bb8:	57c2                	lw	a5,48(sp)
    3bba:	90c1a703          	lw	a4,-1780(gp) # 2000029c <_ZL7g_scale+0xdc>
    3bbe:	9bbe                	add	s7,s7,a5
    3bc0:	57b2                	lw	a5,44(sp)
    3bc2:	000b8023          	sb	zero,0(s7)
    3bc6:	97e2                	add	a5,a5,s8
    3bc8:	c398                	sw	a4,0(a5)
    3bca:	5796                	lw	a5,100(sp)
    3bcc:	9c3e                	add	s8,s8,a5
    3bce:	015c2023          	sw	s5,0(s8)
    3bd2:	b3bd                	j	3940 <_ZL16motor_motion_runiym+0x1460>
    3bd4:	47e2                	lw	a5,24(sp)
    3bd6:	46c2                	lw	a3,16(sp)
    3bd8:	4652                	lw	a2,20(sp)
    3bda:	01978733          	add	a4,a5,s9
    3bde:	431c                	lw	a5,0(a4)
    3be0:	4358                	lw	a4,4(a4)
    3be2:	40f687b3          	sub	a5,a3,a5
    3be6:	00f6b6b3          	sltu	a3,a3,a5
    3bea:	40e60733          	sub	a4,a2,a4
    3bee:	00d71763          	bne	a4,a3,3bfc <_ZL16motor_motion_runiym+0x171c>
    3bf2:	6705                	lui	a4,0x1
    3bf4:	38770713          	addi	a4,a4,903 # 1387 <_Z10set_motionhhhh.part.0+0xf7>
    3bf8:	14f77c63          	bgeu	a4,a5,3d50 <_ZL16motor_motion_runiym+0x1870>
    3bfc:	57b6                	lw	a5,108(sp)
    3bfe:	4705                	li	a4,1
    3c00:	97de                	add	a5,a5,s7
    3c02:	a398                	sb	a4,0(a5)
    3c04:	47f2                	lw	a5,28(sp)
    3c06:	9bbe                	add	s7,s7,a5
    3c08:	478d                	li	a5,3
    3c0a:	b519                	j	3a10 <_ZL16motor_motion_runiym+0x1530>
    3c0c:	0ffbf793          	zext.b	a5,s7
    3c10:	470d                	li	a4,3
    3c12:	02f76663          	bltu	a4,a5,3c3e <_ZL16motor_motion_runiym+0x175e>
    3c16:	03000713          	li	a4,48
    3c1a:	0ffbf793          	zext.b	a5,s7
    3c1e:	02e787b3          	mul	a5,a5,a4
    3c22:	5712                	lw	a4,36(sp)
    3c24:	97ba                	add	a5,a5,a4
    3c26:	23f8                	lbu	a4,6(a5)
    3c28:	cb19                	beqz	a4,3c3e <_ZL16motor_motion_runiym+0x175e>
    3c2a:	4794                	lw	a3,8(a5)
    3c2c:	6741                	lui	a4,0x10
    3c2e:	f0070713          	addi	a4,a4,-256 # ff00 <MC_PULL_calibration.cpp.a99f3330+0x1040>
    3c32:	00e68663          	beq	a3,a4,3c3e <_ZL16motor_motion_runiym+0x175e>
    3c36:	c798                	sw	a4,8(a5)
    3c38:	4705                	li	a4,1
    3c3a:	02e78623          	sb	a4,44(a5)
    3c3e:	f00a0de3          	beqz	s4,3b58 <_ZL16motor_motion_runiym+0x1678>
    3c42:	47e2                	lw	a5,24(sp)
    3c44:	46c2                	lw	a3,16(sp)
    3c46:	4652                	lw	a2,20(sp)
    3c48:	01978733          	add	a4,a5,s9
    3c4c:	431c                	lw	a5,0(a4)
    3c4e:	4358                	lw	a4,4(a4)
    3c50:	40f687b3          	sub	a5,a3,a5
    3c54:	00f6b6b3          	sltu	a3,a3,a5
    3c58:	40e60733          	sub	a4,a2,a4
    3c5c:	eed71ee3          	bne	a4,a3,3b58 <_ZL16motor_motion_runiym+0x1678>
    3c60:	5db00713          	li	a4,1499
    3c64:	eef76ae3          	bltu	a4,a5,3b58 <_ZL16motor_motion_runiym+0x1678>
    3c68:	9101a583          	lw	a1,-1776(gp) # 200002a0 <_ZL7g_scale+0xe0>
    3c6c:	09042503          	lw	a0,144(s0)
    3c70:	421060ef          	jal	ra,a890 <__mulsf3>
    3c74:	b9c1                	j	3944 <_ZL16motor_motion_runiym+0x1464>
    3c76:	0ffbf493          	zext.b	s1,s7
    3c7a:	478d                	li	a5,3
    3c7c:	0297ed63          	bltu	a5,s1,3cb6 <_ZL16motor_motion_runiym+0x17d6>
    3c80:	0ffbf793          	zext.b	a5,s7
    3c84:	03000713          	li	a4,48
    3c88:	02e78733          	mul	a4,a5,a4
    3c8c:	5692                	lw	a3,36(sp)
    3c8e:	9736                	add	a4,a4,a3
    3c90:	2378                	lbu	a4,6(a4)
    3c92:	c315                	beqz	a4,3cb6 <_ZL16motor_motion_runiym+0x17d6>
    3c94:	03000713          	li	a4,48
    3c98:	02e787b3          	mul	a5,a5,a4
    3c9c:	5712                	lw	a4,36(sp)
    3c9e:	97ba                	add	a5,a5,a4
    3ca0:	4794                	lw	a3,8(a5)
    3ca2:	01000737          	lui	a4,0x1000
    3ca6:	f0070713          	addi	a4,a4,-256 # ffff00 <ch32v20x_wwdg.c.f78e58f2+0xfe2c05>
    3caa:	00e68663          	beq	a3,a4,3cb6 <_ZL16motor_motion_runiym+0x17d6>
    3cae:	c798                	sw	a4,8(a5)
    3cb0:	4705                	li	a4,1
    3cb2:	02e78623          	sb	a4,44(a5)
    3cb6:	4785                	li	a5,1
    3cb8:	dafa09e3          	beq	s4,a5,3a6a <_ZL16motor_motion_runiym+0x158a>
    3cbc:	4709                	li	a4,2
    3cbe:	0aea1363          	bne	s4,a4,3d64 <_ZL16motor_motion_runiym+0x1884>
    3cc2:	4772                	lw	a4,28(sp)
    3cc4:	9bba                	add	s7,s7,a4
    3cc6:	b3a9                	j	3a10 <_ZL16motor_motion_runiym+0x1530>
    3cc8:	0785                	addi	a5,a5,1
    3cca:	0ff7f793          	zext.b	a5,a5
    3cce:	a31c                	sb	a5,0(a4)
    3cd0:	4709                	li	a4,2
    3cd2:	e0f767e3          	bltu	a4,a5,3ae0 <_ZL16motor_motion_runiym+0x1600>
    3cd6:	4795                	li	a5,5
    3cd8:	bd09                	j	3aea <_ZL16motor_motion_runiym+0x160a>
    3cda:	00000593          	li	a1,0
    3cde:	8552                	mv	a0,s4
    3ce0:	319060ef          	jal	ra,a7f8 <__lesf2>
    3ce4:	06a04663          	bgtz	a0,3d50 <_ZL16motor_motion_runiym+0x1870>
    3ce8:	57c6                	lw	a5,112(sp)
    3cea:	4705                	li	a4,1
    3cec:	4801                	li	a6,0
    3cee:	97de                	add	a5,a5,s7
    3cf0:	a398                	sb	a4,0(a5)
    3cf2:	47f2                	lw	a5,28(sp)
    3cf4:	97de                	add	a5,a5,s7
    3cf6:	00078023          	sb	zero,0(a5)
    3cfa:	57c2                	lw	a5,48(sp)
    3cfc:	97de                	add	a5,a5,s7
    3cfe:	00078023          	sb	zero,0(a5)
    3d02:	00000793          	li	a5,0
    3d06:	00faa023          	sw	a5,0(s5)
    3d0a:	47e2                	lw	a5,24(sp)
    3d0c:	9cbe                	add	s9,s9,a5
    3d0e:	4781                	li	a5,0
    3d10:	00fca023          	sw	a5,0(s9)
    3d14:	010ca223          	sw	a6,4(s9)
    3d18:	478d                	li	a5,3
    3d1a:	c297e3e3          	bltu	a5,s1,3940 <_ZL16motor_motion_runiym+0x1460>
    3d1e:	03000793          	li	a5,48
    3d22:	0ffbfb93          	zext.b	s7,s7
    3d26:	02fb8bb3          	mul	s7,s7,a5
    3d2a:	5792                	lw	a5,36(sp)
    3d2c:	9bbe                	add	s7,s7,a5
    3d2e:	006bc783          	lbu	a5,6(s7)
    3d32:	c00787e3          	beqz	a5,3940 <_ZL16motor_motion_runiym+0x1460>
    3d36:	008ba683          	lw	a3,8(s7)
    3d3a:	003547b7          	lui	a5,0x354
    3d3e:	83278793          	addi	a5,a5,-1998 # 353832 <ch32v20x_wwdg.c.f78e58f2+0x336537>
    3d42:	bef68fe3          	beq	a3,a5,3940 <_ZL16motor_motion_runiym+0x1460>
    3d46:	00fba423          	sw	a5,8(s7)
    3d4a:	02eb8623          	sb	a4,44(s7)
    3d4e:	becd                	j	3940 <_ZL16motor_motion_runiym+0x1460>
    3d50:	09042503          	lw	a0,144(s0)
    3d54:	9101a583          	lw	a1,-1776(gp) # 200002a0 <_ZL7g_scale+0xe0>
    3d58:	800007b7          	lui	a5,0x80000
    3d5c:	8d3d                	xor	a0,a0,a5
    3d5e:	bf09                	j	3c70 <_ZL16motor_motion_runiym+0x1790>
    3d60:	020a1163          	bnez	s4,3d82 <_ZL16motor_motion_runiym+0x18a2>
    3d64:	47f2                	lw	a5,28(sp)
    3d66:	97de                	add	a5,a5,s7
    3d68:	00078023          	sb	zero,0(a5) # 80000000 <__freertos_irq_stack_top+0x5fffb000>
    3d6c:	57c2                	lw	a5,48(sp)
    3d6e:	9bbe                	add	s7,s7,a5
    3d70:	57b2                	lw	a5,44(sp)
    3d72:	000b8023          	sb	zero,0(s7)
    3d76:	9c3e                	add	s8,s8,a5
    3d78:	00000793          	li	a5,0
    3d7c:	00fc2023          	sw	a5,0(s8)
    3d80:	b3c5                	j	3b60 <_ZL16motor_motion_runiym+0x1680>
    3d82:	5796                	lw	a5,100(sp)
    3d84:	8556                	mv	a0,s5
    3d86:	97e2                	add	a5,a5,s8
    3d88:	438c                	lw	a1,0(a5)
    3d8a:	5e3060ef          	jal	ra,ab6c <__subsf3>
    3d8e:	00000593          	li	a1,0
    3d92:	84aa                	mv	s1,a0
    3d94:	265060ef          	jal	ra,a7f8 <__lesf2>
    3d98:	00055563          	bgez	a0,3da2 <_ZL16motor_motion_runiym+0x18c2>
    3d9c:	800007b7          	lui	a5,0x80000
    3da0:	8cbd                	xor	s1,s1,a5
    3da2:	5796                	lw	a5,100(sp)
    3da4:	8526                	mv	a0,s1
    3da6:	97e2                	add	a5,a5,s8
    3da8:	0157a023          	sw	s5,0(a5) # 80000000 <__freertos_irq_stack_top+0x5fffb000>
    3dac:	57b2                	lw	a5,44(sp)
    3dae:	97e2                	add	a5,a5,s8
    3db0:	438c                	lw	a1,0(a5)
    3db2:	300060ef          	jal	ra,a0b2 <__addsf3>
    3db6:	90c1aa83          	lw	s5,-1780(gp) # 2000029c <_ZL7g_scale+0xdc>
    3dba:	84aa                	mv	s1,a0
    3dbc:	85d6                	mv	a1,s5
    3dbe:	1a5060ef          	jal	ra,a762 <__gesf2>
    3dc2:	00a05363          	blez	a0,3dc8 <_ZL16motor_motion_runiym+0x18e8>
    3dc6:	84d6                	mv	s1,s5
    3dc8:	57b2                	lw	a5,44(sp)
    3dca:	470d                	li	a4,3
    3dcc:	97e2                	add	a5,a5,s8
    3dce:	c384                	sw	s1,0(a5)
    3dd0:	0ffbf793          	zext.b	a5,s7
    3dd4:	02f76663          	bltu	a4,a5,3e00 <_ZL16motor_motion_runiym+0x1920>
    3dd8:	03000713          	li	a4,48
    3ddc:	0ffbf793          	zext.b	a5,s7
    3de0:	02e787b3          	mul	a5,a5,a4
    3de4:	5712                	lw	a4,36(sp)
    3de6:	97ba                	add	a5,a5,a4
    3de8:	23f8                	lbu	a4,6(a5)
    3dea:	cb19                	beqz	a4,3e00 <_ZL16motor_motion_runiym+0x1920>
    3dec:	4794                	lw	a3,8(a5)
    3dee:	6741                	lui	a4,0x10
    3df0:	f0070713          	addi	a4,a4,-256 # ff00 <MC_PULL_calibration.cpp.a99f3330+0x1040>
    3df4:	00e68663          	beq	a3,a4,3e00 <_ZL16motor_motion_runiym+0x1920>
    3df8:	c798                	sw	a4,8(a5)
    3dfa:	4705                	li	a4,1
    3dfc:	02e78623          	sb	a4,44(a5)
    3e00:	47b6                	lw	a5,76(sp)
    3e02:	9701a583          	lw	a1,-1680(gp) # 20000300 <_ZL7g_scale+0x140>
    3e06:	97e2                	add	a5,a5,s8
    3e08:	4388                	lw	a0,0(a5)
    3e0a:	1ef060ef          	jal	ra,a7f8 <__lesf2>
    3e0e:	00a05963          	blez	a0,3e20 <_ZL16motor_motion_runiym+0x1940>
    3e12:	4789                	li	a5,2
    3e14:	e4fa1ae3          	bne	s4,a5,3c68 <_ZL16motor_motion_runiym+0x1788>
    3e18:	47f2                	lw	a5,28(sp)
    3e1a:	9bbe                	add	s7,s7,a5
    3e1c:	4785                	li	a5,1
    3e1e:	becd                	j	3a10 <_ZL16motor_motion_runiym+0x1530>
    3e20:	4785                	li	a5,1
    3e22:	00fa1863          	bne	s4,a5,3e32 <_ZL16motor_motion_runiym+0x1952>
    3e26:	47f2                	lw	a5,28(sp)
    3e28:	9bbe                	add	s7,s7,a5
    3e2a:	4791                	li	a5,4
    3e2c:	00fb8023          	sb	a5,0(s7)
    3e30:	be01                	j	3940 <_ZL16motor_motion_runiym+0x1460>
    3e32:	4789                	li	a5,2
    3e34:	f2fa18e3          	bne	s4,a5,3d64 <_ZL16motor_motion_runiym+0x1884>
    3e38:	b7c5                	j	3e18 <_ZL16motor_motion_runiym+0x1938>
    3e3a:	0ffbf793          	zext.b	a5,s7
    3e3e:	470d                	li	a4,3
    3e40:	02f76663          	bltu	a4,a5,3e6c <_ZL16motor_motion_runiym+0x198c>
    3e44:	03000713          	li	a4,48
    3e48:	0ffbf793          	zext.b	a5,s7
    3e4c:	02e787b3          	mul	a5,a5,a4
    3e50:	5712                	lw	a4,36(sp)
    3e52:	97ba                	add	a5,a5,a4
    3e54:	23f8                	lbu	a4,6(a5)
    3e56:	cb19                	beqz	a4,3e6c <_ZL16motor_motion_runiym+0x198c>
    3e58:	4794                	lw	a3,8(a5)
    3e5a:	6741                	lui	a4,0x10
    3e5c:	f0070713          	addi	a4,a4,-256 # ff00 <MC_PULL_calibration.cpp.a99f3330+0x1040>
    3e60:	00e68663          	beq	a3,a4,3e6c <_ZL16motor_motion_runiym+0x198c>
    3e64:	c798                	sw	a4,8(a5)
    3e66:	4705                	li	a4,1
    3e68:	02e78623          	sb	a4,44(a5)
    3e6c:	ee0a0ce3          	beqz	s4,3d64 <_ZL16motor_motion_runiym+0x1884>
    3e70:	4789                	li	a5,2
    3e72:	defa1be3          	bne	s4,a5,3c68 <_ZL16motor_motion_runiym+0x1788>
    3e76:	47f2                	lw	a5,28(sp)
    3e78:	9bbe                	add	s7,s7,a5
    3e7a:	479d                	li	a5,7
    3e7c:	be51                	j	3a10 <_ZL16motor_motion_runiym+0x1530>
    3e7e:	0ffbf793          	zext.b	a5,s7
    3e82:	470d                	li	a4,3
    3e84:	02f76663          	bltu	a4,a5,3eb0 <_ZL16motor_motion_runiym+0x19d0>
    3e88:	03000713          	li	a4,48
    3e8c:	0ffbf793          	zext.b	a5,s7
    3e90:	02e787b3          	mul	a5,a5,a4
    3e94:	5712                	lw	a4,36(sp)
    3e96:	97ba                	add	a5,a5,a4
    3e98:	23f8                	lbu	a4,6(a5)
    3e9a:	cb19                	beqz	a4,3eb0 <_ZL16motor_motion_runiym+0x19d0>
    3e9c:	4794                	lw	a3,8(a5)
    3e9e:	6741                	lui	a4,0x10
    3ea0:	f0070713          	addi	a4,a4,-256 # ff00 <MC_PULL_calibration.cpp.a99f3330+0x1040>
    3ea4:	00e68663          	beq	a3,a4,3eb0 <_ZL16motor_motion_runiym+0x19d0>
    3ea8:	c798                	sw	a4,8(a5)
    3eaa:	4705                	li	a4,1
    3eac:	02e78623          	sb	a4,44(a5)
    3eb0:	ea0a0ae3          	beqz	s4,3d64 <_ZL16motor_motion_runiym+0x1884>
    3eb4:	47e2                	lw	a5,24(sp)
    3eb6:	46c2                	lw	a3,16(sp)
    3eb8:	4652                	lw	a2,20(sp)
    3eba:	01978733          	add	a4,a5,s9
    3ebe:	431c                	lw	a5,0(a4)
    3ec0:	4358                	lw	a4,4(a4)
    3ec2:	40f687b3          	sub	a5,a3,a5
    3ec6:	00f6b6b3          	sltu	a3,a3,a5
    3eca:	40e60733          	sub	a4,a2,a4
    3ece:	e8d71be3          	bne	a4,a3,3d64 <_ZL16motor_motion_runiym+0x1884>
    3ed2:	5db00713          	li	a4,1499
    3ed6:	d8f779e3          	bgeu	a4,a5,3c68 <_ZL16motor_motion_runiym+0x1788>
    3eda:	b569                	j	3d64 <_ZL16motor_motion_runiym+0x1884>
    3edc:	57c2                	lw	a5,48(sp)
    3ede:	00000713          	li	a4,0
    3ee2:	4801                	li	a6,0
    3ee4:	97de                	add	a5,a5,s7
    3ee6:	00078023          	sb	zero,0(a5)
    3eea:	57b2                	lw	a5,44(sp)
    3eec:	00068023          	sb	zero,0(a3)
    3ef0:	97e2                	add	a5,a5,s8
    3ef2:	c398                	sw	a4,0(a5)
    3ef4:	47e2                	lw	a5,24(sp)
    3ef6:	9cbe                	add	s9,s9,a5
    3ef8:	4781                	li	a5,0
    3efa:	00fca023          	sw	a5,0(s9)
    3efe:	010ca223          	sw	a6,4(s9)
    3f02:	a7c18793          	addi	a5,gp,-1412 # 2000040c <_ZL11MC_PULL_stu>
    3f06:	97de                	add	a5,a5,s7
    3f08:	00078783          	lb	a5,0(a5)
    3f0c:	12078f63          	beqz	a5,404a <_ZL16motor_motion_runiym+0x1b6a>
    3f10:	47b6                	lw	a5,76(sp)
    3f12:	09042483          	lw	s1,144(s0)
    3f16:	9c3e                	add	s8,s8,a5
    3f18:	89c1a583          	lw	a1,-1892(gp) # 2000022c <_ZL7g_scale+0x6c>
    3f1c:	000c2503          	lw	a0,0(s8)
    3f20:	44d060ef          	jal	ra,ab6c <__subsf3>
    3f24:	5672                	lw	a2,60(sp)
    3f26:	85aa                	mv	a1,a0
    3f28:	06c40513          	addi	a0,s0,108
    3f2c:	a87fc0ef          	jal	ra,9b2 <_ZN9MOTOR_PID8caculateEff>
    3f30:	85aa                	mv	a1,a0
    3f32:	8526                	mv	a0,s1
    3f34:	15d060ef          	jal	ra,a890 <__mulsf3>
    3f38:	cd2a                	sw	a0,152(sp)
    3f3a:	a891                	j	3f8e <_ZL16motor_motion_runiym+0x1aae>
    3f3c:	47f2                	lw	a5,28(sp)
    3f3e:	00000693          	li	a3,0
    3f42:	4801                	li	a6,0
    3f44:	97de                	add	a5,a5,s7
    3f46:	00078023          	sb	zero,0(a5)
    3f4a:	57c2                	lw	a5,48(sp)
    3f4c:	97de                	add	a5,a5,s7
    3f4e:	00078023          	sb	zero,0(a5)
    3f52:	57b2                	lw	a5,44(sp)
    3f54:	97e2                	add	a5,a5,s8
    3f56:	c394                	sw	a3,0(a5)
    3f58:	47e2                	lw	a5,24(sp)
    3f5a:	9cbe                	add	s9,s9,a5
    3f5c:	4781                	li	a5,0
    3f5e:	00fca023          	sw	a5,0(s9)
    3f62:	010ca223          	sw	a6,4(s9)
    3f66:	f80a1ee3          	bnez	s4,3f02 <_ZL16motor_motion_runiym+0x1a22>
    3f6a:	8f51                	or	a4,a4,a2
    3f6c:	c70d                	beqz	a4,3f96 <_ZL16motor_motion_runiym+0x1ab6>
    3f6e:	47a6                	lw	a5,72(sp)
    3f70:	dbc9                	beqz	a5,3f02 <_ZL16motor_motion_runiym+0x1a22>
    3f72:	57e6                	lw	a5,120(sp)
    3f74:	9bbe                	add	s7,s7,a5
    3f76:	000bc703          	lbu	a4,0(s7)
    3f7a:	03000793          	li	a5,48
    3f7e:	02e7f163          	bgeu	a5,a4,3fa0 <_ZL16motor_motion_runiym+0x1ac0>
    3f82:	00000793          	li	a5,0
    3f86:	dc3c                	sw	a5,120(s0)
    3f88:	dc7c                	sw	a5,124(s0)
    3f8a:	08010b23          	sb	zero,150(sp)
    3f8e:	4b01                	li	s6,0
    3f90:	b2c9                	j	3952 <_ZL16motor_motion_runiym+0x1472>
    3f92:	f60a18e3          	bnez	s4,3f02 <_ZL16motor_motion_runiym+0x1a22>
    3f96:	00000713          	li	a4,0
    3f9a:	dc38                	sw	a4,120(s0)
    3f9c:	dc78                	sw	a4,124(s0)
    3f9e:	a929                	j	43b8 <_ZL16motor_motion_runiym+0x1ed8>
    3fa0:	47b6                	lw	a5,76(sp)
    3fa2:	80000ab7          	lui	s5,0x80000
    3fa6:	9c3e                	add	s8,s8,a5
    3fa8:	9741a583          	lw	a1,-1676(gp) # 20000304 <_ZL7g_scale+0x144>
    3fac:	000c2503          	lw	a0,0(s8)
    3fb0:	3bd060ef          	jal	ra,ab6c <__subsf3>
    3fb4:	5672                	lw	a2,60(sp)
    3fb6:	09042a03          	lw	s4,144(s0)
    3fba:	4785                	li	a5,1
    3fbc:	00aacab3          	xor	s5,s5,a0
    3fc0:	85aa                	mv	a1,a0
    3fc2:	06c40513          	addi	a0,s0,108
    3fc6:	08f10b23          	sb	a5,150(sp)
    3fca:	cf56                	sw	s5,156(sp)
    3fcc:	9e7fc0ef          	jal	ra,9b2 <_ZN9MOTOR_PID8caculateEff>
    3fd0:	85aa                	mv	a1,a0
    3fd2:	8552                	mv	a0,s4
    3fd4:	0bd060ef          	jal	ra,a890 <__mulsf3>
    3fd8:	8f01a583          	lw	a1,-1808(gp) # 20000280 <_ZL7g_scale+0xc0>
    3fdc:	84aa                	mv	s1,a0
    3fde:	8556                	mv	a0,s5
    3fe0:	0b1060ef          	jal	ra,a890 <__mulsf3>
    3fe4:	8bc1a583          	lw	a1,-1860(gp) # 2000024c <_ZL7g_scale+0x8c>
    3fe8:	0ca060ef          	jal	ra,a0b2 <__addsf3>
    3fec:	9101ab03          	lw	s6,-1776(gp) # 200002a0 <_ZL7g_scale+0xe0>
    3ff0:	8aaa                	mv	s5,a0
    3ff2:	85da                	mv	a1,s6
    3ff4:	76e060ef          	jal	ra,a762 <__gesf2>
    3ff8:	00a05363          	blez	a0,3ffe <_ZL16motor_motion_runiym+0x1b1e>
    3ffc:	8ada                	mv	s5,s6
    3ffe:	85d6                	mv	a1,s5
    4000:	8526                	mv	a0,s1
    4002:	760060ef          	jal	ra,a762 <__gesf2>
    4006:	00a05363          	blez	a0,400c <_ZL16motor_motion_runiym+0x1b2c>
    400a:	84d6                	mv	s1,s5
    400c:	800007b7          	lui	a5,0x80000
    4010:	0157cab3          	xor	s5,a5,s5
    4014:	85a6                	mv	a1,s1
    4016:	8556                	mv	a0,s5
    4018:	cd26                	sw	s1,152(sp)
    401a:	748060ef          	jal	ra,a762 <__gesf2>
    401e:	00a05363          	blez	a0,4024 <_ZL16motor_motion_runiym+0x1b44>
    4022:	cd56                	sw	s5,152(sp)
    4024:	45ea                	lw	a1,152(sp)
    4026:	8552                	mv	a0,s4
    4028:	069060ef          	jal	ra,a890 <__mulsf3>
    402c:	00000593          	li	a1,0
    4030:	732060ef          	jal	ra,a762 <__gesf2>
    4034:	f4a05de3          	blez	a0,3f8e <_ZL16motor_motion_runiym+0x1aae>
    4038:	00000793          	li	a5,0
    403c:	cd3e                	sw	a5,152(sp)
    403e:	dc3c                	sw	a5,120(s0)
    4040:	dc7c                	sw	a5,124(s0)
    4042:	08010b23          	sb	zero,150(sp)
    4046:	cf3e                	sw	a5,156(sp)
    4048:	b799                	j	3f8e <_ZL16motor_motion_runiym+0x1aae>
    404a:	00000793          	li	a5,0
    404e:	dc3c                	sw	a5,120(s0)
    4050:	dc7c                	sw	a5,124(s0)
    4052:	bf35                	j	3f8e <_ZL16motor_motion_runiym+0x1aae>
    4054:	09042503          	lw	a0,144(s0)
    4058:	9101a583          	lw	a1,-1776(gp) # 200002a0 <_ZL7g_scale+0xe0>
    405c:	800007b7          	lui	a5,0x80000
    4060:	8d3d                	xor	a0,a0,a5
    4062:	02f060ef          	jal	ra,a890 <__mulsf3>
    4066:	cd2a                	sw	a0,152(sp)
    4068:	c482                	sw	zero,72(sp)
    406a:	821ff06f          	j	388a <_ZL16motor_motion_runiym+0x13aa>
    406e:	47b6                	lw	a5,76(sp)
    4070:	a3018a13          	addi	s4,gp,-1488 # 200003c0 <_ZZN14_MOTOR_CONTROL3runEfyE9pb_active>
    4074:	9a5e                	add	s4,s4,s7
    4076:	9c3e                	add	s8,s8,a5
    4078:	000a4783          	lbu	a5,0(s4)
    407c:	000c2983          	lw	s3,0(s8)
    4080:	a3018493          	addi	s1,gp,-1488 # 200003c0 <_ZZN14_MOTOR_CONTROL3runEfyE9pb_active>
    4084:	c3ad                	beqz	a5,40e6 <_ZL16motor_motion_runiym+0x1c06>
    4086:	89c1a583          	lw	a1,-1892(gp) # 2000022c <_ZL7g_scale+0x6c>
    408a:	854e                	mv	a0,s3
    408c:	76c060ef          	jal	ra,a7f8 <__lesf2>
    4090:	06a05663          	blez	a0,40fc <_ZL16motor_motion_runiym+0x1c1c>
    4094:	89c1a583          	lw	a1,-1892(gp) # 2000022c <_ZL7g_scale+0x6c>
    4098:	854e                	mv	a0,s3
    409a:	2d3060ef          	jal	ra,ab6c <__subsf3>
    409e:	4785                	li	a5,1
    40a0:	08f10b23          	sb	a5,150(sp)
    40a4:	8781a583          	lw	a1,-1928(gp) # 20000208 <_ZL7g_scale+0x48>
    40a8:	84aa                	mv	s1,a0
    40aa:	cf2a                	sw	a0,156(sp)
    40ac:	74c060ef          	jal	ra,a7f8 <__lesf2>
    40b0:	00000593          	li	a1,0
    40b4:	00a05663          	blez	a0,40c0 <_ZL16motor_motion_runiym+0x1be0>
    40b8:	8526                	mv	a0,s1
    40ba:	ca7fd0ef          	jal	ra,1d60 <_ZL20retract_mag_from_errff.part.0.constprop.0>
    40be:	85aa                	mv	a1,a0
    40c0:	09042483          	lw	s1,144(s0)
    40c4:	8526                	mv	a0,s1
    40c6:	7ca060ef          	jal	ra,a890 <__mulsf3>
    40ca:	85aa                	mv	a1,a0
    40cc:	89aa                	mv	s3,a0
    40ce:	8526                	mv	a0,s1
    40d0:	7c0060ef          	jal	ra,a890 <__mulsf3>
    40d4:	00000593          	li	a1,0
    40d8:	720060ef          	jal	ra,a7f8 <__lesf2>
    40dc:	fa054763          	bltz	a0,388a <_ZL16motor_motion_runiym+0x13aa>
    40e0:	cd4e                	sw	s3,152(sp)
    40e2:	fa8ff06f          	j	388a <_ZL16motor_motion_runiym+0x13aa>
    40e6:	95c1a583          	lw	a1,-1700(gp) # 200002ec <_ZL7g_scale+0x12c>
    40ea:	854e                	mv	a0,s3
    40ec:	676060ef          	jal	ra,a762 <__gesf2>
    40f0:	00054663          	bltz	a0,40fc <_ZL16motor_motion_runiym+0x1c1c>
    40f4:	4785                	li	a5,1
    40f6:	00fa0023          	sb	a5,0(s4)
    40fa:	bf69                	j	4094 <_ZL16motor_motion_runiym+0x1bb4>
    40fc:	94de                	add	s1,s1,s7
    40fe:	00048023          	sb	zero,0(s1)
    4102:	08010b23          	sb	zero,150(sp)
    4106:	f84ff06f          	j	388a <_ZL16motor_motion_runiym+0x13aa>
    410a:	47b6                	lw	a5,76(sp)
    410c:	09c10893          	addi	a7,sp,156
    4110:	09610813          	addi	a6,sp,150
    4114:	9c3e                	add	s8,s8,a5
    4116:	09710793          	addi	a5,sp,151
    411a:	c03e                	sw	a5,0(sp)
    411c:	4c14                	lw	a3,24(s0)
    411e:	09042583          	lw	a1,144(s0)
    4122:	000c2503          	lw	a0,0(s8)
    4126:	093c                	addi	a5,sp,152
    4128:	01c40713          	addi	a4,s0,28
    412c:	06c40613          	addi	a2,s0,108
    4130:	cedfd0ef          	jal	ra,1e1c <_ZN14_MOTOR_CONTROL9hold_loadEffR9MOTOR_PIDRfRhS2_RbS2_S4_.constprop.0.isra.0>
    4134:	f56ff06f          	j	388a <_ZL16motor_motion_runiym+0x13aa>
    4138:	02042a03          	lw	s4,32(s0)
    413c:	47b6                	lw	a5,76(sp)
    413e:	00000593          	li	a1,0
    4142:	8552                	mv	a0,s4
    4144:	9c3e                	add	s8,s8,a5
    4146:	61c060ef          	jal	ra,a762 <__gesf2>
    414a:	000c2483          	lw	s1,0(s8)
    414e:	02054e63          	bltz	a0,418a <_ZL16motor_motion_runiym+0x1caa>
    4152:	541c                	lw	a5,40(s0)
    4154:	5458                	lw	a4,44(s0)
    4156:	00e7e6b3          	or	a3,a5,a4
    415a:	c285                	beqz	a3,417a <_ZL16motor_motion_runiym+0x1c9a>
    415c:	46c2                	lw	a3,16(sp)
    415e:	4652                	lw	a2,20(sp)
    4160:	40f687b3          	sub	a5,a3,a5
    4164:	00f6b6b3          	sltu	a3,a3,a5
    4168:	40e60733          	sub	a4,a2,a4
    416c:	00d71763          	bne	a4,a3,417a <_ZL16motor_motion_runiym+0x1c9a>
    4170:	6705                	lui	a4,0x1
    4172:	38770713          	addi	a4,a4,903 # 1387 <_Z10set_motionhhhh.part.0+0xf7>
    4176:	04f77063          	bgeu	a4,a5,41b6 <_ZL16motor_motion_runiym+0x1cd6>
    417a:	8a41a783          	lw	a5,-1884(gp) # 20000234 <_ZL7g_scale+0x74>
    417e:	4801                	li	a6,0
    4180:	03042623          	sw	a6,44(s0)
    4184:	d01c                	sw	a5,32(s0)
    4186:	4781                	li	a5,0
    4188:	d41c                	sw	a5,40(s0)
    418a:	9141aa03          	lw	s4,-1772(gp) # 200002a4 <_ZL7g_scale+0xe4>
    418e:	9781a583          	lw	a1,-1672(gp) # 20000308 <_ZL7g_scale+0x148>
    4192:	00040e23          	sb	zero,28(s0)
    4196:	8526                	mv	a0,s1
    4198:	5ca060ef          	jal	ra,a762 <__gesf2>
    419c:	08054163          	bltz	a0,421e <_ZL16motor_motion_runiym+0x1d3e>
    41a0:	85d2                	mv	a1,s4
    41a2:	8526                	mv	a0,s1
    41a4:	654060ef          	jal	ra,a7f8 <__lesf2>
    41a8:	06a04b63          	bgtz	a0,421e <_ZL16motor_motion_runiym+0x1d3e>
    41ac:	00000793          	li	a5,0
    41b0:	dc3c                	sw	a5,120(s0)
    41b2:	dc7c                	sw	a5,124(s0)
    41b4:	b7b9                	j	4102 <_ZL16motor_motion_runiym+0x1c22>
    41b6:	85d2                	mv	a1,s4
    41b8:	8526                	mv	a0,s1
    41ba:	5a8060ef          	jal	ra,a762 <__gesf2>
    41be:	00a05363          	blez	a0,41c4 <_ZL16motor_motion_runiym+0x1ce4>
    41c2:	d004                	sw	s1,32(s0)
    41c4:	5008                	lw	a0,32(s0)
    41c6:	85a6                	mv	a1,s1
    41c8:	1a5060ef          	jal	ra,ab6c <__subsf3>
    41cc:	8b01a583          	lw	a1,-1872(gp) # 20000240 <_ZL7g_scale+0x80>
    41d0:	592060ef          	jal	ra,a762 <__gesf2>
    41d4:	02a05963          	blez	a0,4206 <_ZL16motor_motion_runiym+0x1d26>
    41d8:	8741a583          	lw	a1,-1932(gp) # 20000204 <_ZL7g_scale+0x44>
    41dc:	8526                	mv	a0,s1
    41de:	6d5050ef          	jal	ra,a0b2 <__addsf3>
    41e2:	9141aa83          	lw	s5,-1772(gp) # 200002a4 <_ZL7g_scale+0xe4>
    41e6:	8a2a                	mv	s4,a0
    41e8:	85d6                	mv	a1,s5
    41ea:	60e060ef          	jal	ra,a7f8 <__lesf2>
    41ee:	02054663          	bltz	a0,421a <_ZL16motor_motion_runiym+0x1d3a>
    41f2:	8581aa83          	lw	s5,-1960(gp) # 200001e8 <_ZL7g_scale+0x28>
    41f6:	8552                	mv	a0,s4
    41f8:	85d6                	mv	a1,s5
    41fa:	568060ef          	jal	ra,a762 <__gesf2>
    41fe:	00a04e63          	bgtz	a0,421a <_ZL16motor_motion_runiym+0x1d3a>
    4202:	03442023          	sw	s4,32(s0)
    4206:	02042a03          	lw	s4,32(s0)
    420a:	9141a583          	lw	a1,-1772(gp) # 200002a4 <_ZL7g_scale+0xe4>
    420e:	8552                	mv	a0,s4
    4210:	552060ef          	jal	ra,a762 <__gesf2>
    4214:	f6a05be3          	blez	a0,418a <_ZL16motor_motion_runiym+0x1caa>
    4218:	bf9d                	j	418e <_ZL16motor_motion_runiym+0x1cae>
    421a:	8a56                	mv	s4,s5
    421c:	b7dd                	j	4202 <_ZL16motor_motion_runiym+0x1d22>
    421e:	97c1a583          	lw	a1,-1668(gp) # 2000030c <_ZL7g_scale+0x14c>
    4222:	8526                	mv	a0,s1
    4224:	149060ef          	jal	ra,ab6c <__subsf3>
    4228:	9781ab03          	lw	s6,-1672(gp) # 20000308 <_ZL7g_scale+0x148>
    422c:	8a2a                	mv	s4,a0
    422e:	8526                	mv	a0,s1
    4230:	85da                	mv	a1,s6
    4232:	5c6060ef          	jal	ra,a7f8 <__lesf2>
    4236:	4785                	li	a5,1
    4238:	08f10b23          	sb	a5,150(sp)
    423c:	08055063          	bgez	a0,42bc <_ZL16motor_motion_runiym+0x1ddc>
    4240:	800007b7          	lui	a5,0x80000
    4244:	0147c7b3          	xor	a5,a5,s4
    4248:	cf3e                	sw	a5,156(sp)
    424a:	89c1aa83          	lw	s5,-1892(gp) # 2000022c <_ZL7g_scale+0x6c>
    424e:	8526                	mv	a0,s1
    4250:	85d6                	mv	a1,s5
    4252:	510060ef          	jal	ra,a762 <__gesf2>
    4256:	85a6                	mv	a1,s1
    4258:	04054863          	bltz	a0,42a8 <_ZL16motor_motion_runiym+0x1dc8>
    425c:	855a                	mv	a0,s6
    425e:	10f060ef          	jal	ra,ab6c <__subsf3>
    4262:	9801a583          	lw	a1,-1664(gp) # 20000310 <_ZL7g_scale+0x150>
    4266:	62a060ef          	jal	ra,a890 <__mulsf3>
    426a:	9841a583          	lw	a1,-1660(gp) # 20000314 <_ZL7g_scale+0x154>
    426e:	645050ef          	jal	ra,a0b2 <__addsf3>
    4272:	9101a983          	lw	s3,-1776(gp) # 200002a0 <_ZL7g_scale+0xe0>
    4276:	84aa                	mv	s1,a0
    4278:	85ce                	mv	a1,s3
    427a:	4e8060ef          	jal	ra,a762 <__gesf2>
    427e:	00a05363          	blez	a0,4284 <_ZL16motor_motion_runiym+0x1da4>
    4282:	84ce                	mv	s1,s3
    4284:	09042503          	lw	a0,144(s0)
    4288:	800007b7          	lui	a5,0x80000
    428c:	85a6                	mv	a1,s1
    428e:	8d3d                	xor	a0,a0,a5
    4290:	600060ef          	jal	ra,a890 <__mulsf3>
    4294:	00000793          	li	a5,0
    4298:	dc3c                	sw	a5,120(s0)
    429a:	dc7c                	sw	a5,124(s0)
    429c:	4785                	li	a5,1
    429e:	cd2a                	sw	a0,152(sp)
    42a0:	08f10ba3          	sb	a5,151(sp)
    42a4:	de6ff06f          	j	388a <_ZL16motor_motion_runiym+0x13aa>
    42a8:	8556                	mv	a0,s5
    42aa:	0c3060ef          	jal	ra,ab6c <__subsf3>
    42ae:	9801a583          	lw	a1,-1664(gp) # 20000310 <_ZL7g_scale+0x150>
    42b2:	5de060ef          	jal	ra,a890 <__mulsf3>
    42b6:	9101a583          	lw	a1,-1776(gp) # 200002a0 <_ZL7g_scale+0xe0>
    42ba:	bf55                	j	426e <_ZL16motor_motion_runiym+0x1d8e>
    42bc:	00000593          	li	a1,0
    42c0:	8552                	mv	a0,s4
    42c2:	536060ef          	jal	ra,a7f8 <__lesf2>
    42c6:	8b52                	mv	s6,s4
    42c8:	00055663          	bgez	a0,42d4 <_ZL16motor_motion_runiym+0x1df4>
    42cc:	80000b37          	lui	s6,0x80000
    42d0:	014b4b33          	xor	s6,s6,s4
    42d4:	5672                	lw	a2,60(sp)
    42d6:	09042a83          	lw	s5,144(s0)
    42da:	85d2                	mv	a1,s4
    42dc:	06c40513          	addi	a0,s0,108
    42e0:	cf5a                	sw	s6,156(sp)
    42e2:	ed0fc0ef          	jal	ra,9b2 <_ZN9MOTOR_PID8caculateEff>
    42e6:	85aa                	mv	a1,a0
    42e8:	8556                	mv	a0,s5
    42ea:	5a6060ef          	jal	ra,a890 <__mulsf3>
    42ee:	8f01a583          	lw	a1,-1808(gp) # 20000280 <_ZL7g_scale+0xc0>
    42f2:	8aaa                	mv	s5,a0
    42f4:	855a                	mv	a0,s6
    42f6:	59a060ef          	jal	ra,a890 <__mulsf3>
    42fa:	8bc1a583          	lw	a1,-1860(gp) # 2000024c <_ZL7g_scale+0x8c>
    42fe:	5b5050ef          	jal	ra,a0b2 <__addsf3>
    4302:	9101a983          	lw	s3,-1776(gp) # 200002a0 <_ZL7g_scale+0xe0>
    4306:	8b2a                	mv	s6,a0
    4308:	85ce                	mv	a1,s3
    430a:	458060ef          	jal	ra,a762 <__gesf2>
    430e:	00a05363          	blez	a0,4314 <_ZL16motor_motion_runiym+0x1e34>
    4312:	8b4e                	mv	s6,s3
    4314:	85da                	mv	a1,s6
    4316:	8556                	mv	a0,s5
    4318:	44a060ef          	jal	ra,a762 <__gesf2>
    431c:	00a05363          	blez	a0,4322 <_ZL16motor_motion_runiym+0x1e42>
    4320:	8ada                	mv	s5,s6
    4322:	800009b7          	lui	s3,0x80000
    4326:	0169c9b3          	xor	s3,s3,s6
    432a:	85d6                	mv	a1,s5
    432c:	854e                	mv	a0,s3
    432e:	cd56                	sw	s5,152(sp)
    4330:	432060ef          	jal	ra,a762 <__gesf2>
    4334:	00a05363          	blez	a0,433a <_ZL16motor_motion_runiym+0x1e5a>
    4338:	cd4e                	sw	s3,152(sp)
    433a:	00000593          	li	a1,0
    433e:	8552                	mv	a0,s4
    4340:	422060ef          	jal	ra,a762 <__gesf2>
    4344:	d4a05363          	blez	a0,388a <_ZL16motor_motion_runiym+0x13aa>
    4348:	8941a583          	lw	a1,-1900(gp) # 20000224 <_ZL7g_scale+0x64>
    434c:	8526                	mv	a0,s1
    434e:	414060ef          	jal	ra,a762 <__gesf2>
    4352:	d2054c63          	bltz	a0,388a <_ZL16motor_motion_runiym+0x13aa>
    4356:	8941a583          	lw	a1,-1900(gp) # 20000224 <_ZL7g_scale+0x64>
    435a:	8526                	mv	a0,s1
    435c:	011060ef          	jal	ra,ab6c <__subsf3>
    4360:	8801a583          	lw	a1,-1920(gp) # 20000210 <_ZL7g_scale+0x50>
    4364:	52c060ef          	jal	ra,a890 <__mulsf3>
    4368:	8741a583          	lw	a1,-1932(gp) # 20000204 <_ZL7g_scale+0x44>
    436c:	547050ef          	jal	ra,a0b2 <__addsf3>
    4370:	9041a983          	lw	s3,-1788(gp) # 20000294 <_ZL7g_scale+0xd4>
    4374:	84aa                	mv	s1,a0
    4376:	85ce                	mv	a1,s3
    4378:	3ea060ef          	jal	ra,a762 <__gesf2>
    437c:	00a05363          	blez	a0,4382 <_ZL16motor_motion_runiym+0x1ea2>
    4380:	84ce                	mv	s1,s3
    4382:	45ea                	lw	a1,152(sp)
    4384:	8526                	mv	a0,s1
    4386:	50a060ef          	jal	ra,a890 <__mulsf3>
    438a:	9201a983          	lw	s3,-1760(gp) # 200002b0 <_ZL7g_scale+0xf0>
    438e:	84aa                	mv	s1,a0
    4390:	85ce                	mv	a1,s3
    4392:	3d0060ef          	jal	ra,a762 <__gesf2>
    4396:	d4a045e3          	bgtz	a0,40e0 <_ZL16motor_motion_runiym+0x1c00>
    439a:	9881a983          	lw	s3,-1656(gp) # 20000318 <_ZL7g_scale+0x158>
    439e:	8526                	mv	a0,s1
    43a0:	85ce                	mv	a1,s3
    43a2:	456060ef          	jal	ra,a7f8 <__lesf2>
    43a6:	d2054de3          	bltz	a0,40e0 <_ZL16motor_motion_runiym+0x1c00>
    43aa:	cd26                	sw	s1,152(sp)
    43ac:	cdeff06f          	j	388a <_ZL16motor_motion_runiym+0x13aa>
    43b0:	00000713          	li	a4,0
    43b4:	cc38                	sw	a4,88(s0)
    43b6:	cc78                	sw	a4,92(s0)
    43b8:	4785                	li	a5,1
    43ba:	7a40006f          	j	4b5e <_ZL16motor_motion_runiym+0x267e>
    43be:	47b6                	lw	a5,76(sp)
    43c0:	97e2                	add	a5,a5,s8
    43c2:	4384                	lw	s1,0(a5)
    43c4:	03c44783          	lbu	a5,60(s0)
    43c8:	e3a9                	bnez	a5,440a <_ZL16motor_motion_runiym+0x1f2a>
    43ca:	200027b7          	lui	a5,0x20002
    43ce:	006b9713          	slli	a4,s7,0x6
    43d2:	d9078793          	addi	a5,a5,-624 # 20001d90 <ams>
    43d6:	97ba                	add	a5,a5,a4
    43d8:	5c0c                	lw	a1,56(s0)
    43da:	5fc8                	lw	a0,60(a5)
    43dc:	790060ef          	jal	ra,ab6c <__subsf3>
    43e0:	00000593          	li	a1,0
    43e4:	8a2a                	mv	s4,a0
    43e6:	412060ef          	jal	ra,a7f8 <__lesf2>
    43ea:	00055663          	bgez	a0,43f6 <_ZL16motor_motion_runiym+0x1f16>
    43ee:	800007b7          	lui	a5,0x80000
    43f2:	0147ca33          	xor	s4,a5,s4
    43f6:	8881a583          	lw	a1,-1912(gp) # 20000218 <_ZL7g_scale+0x58>
    43fa:	8552                	mv	a0,s4
    43fc:	366060ef          	jal	ra,a762 <__gesf2>
    4400:	72054f63          	bltz	a0,4b3e <_ZL16motor_motion_runiym+0x265e>
    4404:	4785                	li	a5,1
    4406:	02f40e23          	sb	a5,60(s0)
    440a:	00000793          	li	a5,0
    440e:	cc3c                	sw	a5,88(s0)
    4410:	cc7c                	sw	a5,92(s0)
    4412:	873e                	mv	a4,a5
    4414:	dc3c                	sw	a5,120(s0)
    4416:	b659                	j	3f9c <_ZL16motor_motion_runiym+0x1abc>
    4418:	09444783          	lbu	a5,148(s0)
    441c:	cb91                	beqz	a5,4430 <_ZL16motor_motion_runiym+0x1f50>
    441e:	98c1a583          	lw	a1,-1652(gp) # 2000031c <_ZL7g_scale+0x15c>
    4422:	8526                	mv	a0,s1
    4424:	33e060ef          	jal	ra,a762 <__gesf2>
    4428:	fe0551e3          	bgez	a0,440a <_ZL16motor_motion_runiym+0x1f2a>
    442c:	08040a23          	sb	zero,148(s0)
    4430:	04844783          	lbu	a5,72(s0)
    4434:	c395                	beqz	a5,4458 <_ZL16motor_motion_runiym+0x1f78>
    4436:	09710793          	addi	a5,sp,151
    443a:	c03e                	sw	a5,0(sp)
    443c:	4c14                	lw	a3,24(s0)
    443e:	09042583          	lw	a1,144(s0)
    4442:	09c10893          	addi	a7,sp,156
    4446:	09610813          	addi	a6,sp,150
    444a:	093c                	addi	a5,sp,152
    444c:	01c40713          	addi	a4,s0,28
    4450:	06c40613          	addi	a2,s0,108
    4454:	8526                	mv	a0,s1
    4456:	b9e9                	j	4130 <_ZL16motor_motion_runiym+0x1c50>
    4458:	9581a583          	lw	a1,-1704(gp) # 200002e8 <_ZL7g_scale+0x128>
    445c:	8526                	mv	a0,s1
    445e:	304060ef          	jal	ra,a762 <__gesf2>
    4462:	04054263          	bltz	a0,44a6 <_ZL16motor_motion_runiym+0x1fc6>
    4466:	4785                	li	a5,1
    4468:	00000593          	li	a1,0
    446c:	04f40423          	sb	a5,72(s0)
    4470:	8526                	mv	a0,s1
    4472:	386060ef          	jal	ra,a7f8 <__lesf2>
    4476:	00000593          	li	a1,0
    447a:	00054c63          	bltz	a0,4492 <_ZL16motor_motion_runiym+0x1fb2>
    447e:	8581a583          	lw	a1,-1960(gp) # 200001e8 <_ZL7g_scale+0x28>
    4482:	8526                	mv	a0,s1
    4484:	2de060ef          	jal	ra,a762 <__gesf2>
    4488:	8581a583          	lw	a1,-1960(gp) # 200001e8 <_ZL7g_scale+0x28>
    448c:	00a04363          	bgtz	a0,4492 <_ZL16motor_motion_runiym+0x1fb2>
    4490:	85a6                	mv	a1,s1
    4492:	00000793          	li	a5,0
    4496:	cc0c                	sw	a1,24(s0)
    4498:	00040e23          	sb	zero,28(s0)
    449c:	cc3c                	sw	a5,88(s0)
    449e:	cc7c                	sw	a5,92(s0)
    44a0:	dc3c                	sw	a5,120(s0)
    44a2:	dc7c                	sw	a5,124(s0)
    44a4:	bf49                	j	4436 <_ZL16motor_motion_runiym+0x1f56>
    44a6:	5808                	lw	a0,48(s0)
    44a8:	585c                	lw	a5,52(s0)
    44aa:	00f56733          	or	a4,a0,a5
    44ae:	c759                	beqz	a4,453c <_ZL16motor_motion_runiym+0x205c>
    44b0:	4742                	lw	a4,16(sp)
    44b2:	46d2                	lw	a3,20(sp)
    44b4:	40a70533          	sub	a0,a4,a0
    44b8:	00a73733          	sltu	a4,a4,a0
    44bc:	40f687b3          	sub	a5,a3,a5
    44c0:	06e79e63          	bne	a5,a4,453c <_ZL16motor_motion_runiym+0x205c>
    44c4:	12b00793          	li	a5,299
    44c8:	06a7ea63          	bltu	a5,a0,453c <_ZL16motor_motion_runiym+0x205c>
    44cc:	4581                	li	a1,0
    44ce:	465060ef          	jal	ra,b132 <__floatundisf>
    44d2:	8dc1a583          	lw	a1,-1828(gp) # 2000026c <_ZL7g_scale+0xac>
    44d6:	745050ef          	jal	ra,a41a <__divsf3>
    44da:	8741aa03          	lw	s4,-1932(gp) # 20000204 <_ZL7g_scale+0x44>
    44de:	84aa                	mv	s1,a0
    44e0:	85d2                	mv	a1,s4
    44e2:	280060ef          	jal	ra,a762 <__gesf2>
    44e6:	00a05363          	blez	a0,44ec <_ZL16motor_motion_runiym+0x200c>
    44ea:	84d2                	mv	s1,s4
    44ec:	89c1a583          	lw	a1,-1892(gp) # 2000022c <_ZL7g_scale+0x6c>
    44f0:	8526                	mv	a0,s1
    44f2:	39e060ef          	jal	ra,a890 <__mulsf3>
    44f6:	8881a583          	lw	a1,-1912(gp) # 20000218 <_ZL7g_scale+0x58>
    44fa:	3b9050ef          	jal	ra,a0b2 <__addsf3>
    44fe:	85aa                	mv	a1,a0
    4500:	854a                	mv	a0,s2
    4502:	66a060ef          	jal	ra,ab6c <__subsf3>
    4506:	5672                	lw	a2,60(sp)
    4508:	09042483          	lw	s1,144(s0)
    450c:	85aa                	mv	a1,a0
    450e:	04c40513          	addi	a0,s0,76
    4512:	ca0fc0ef          	jal	ra,9b2 <_ZN9MOTOR_PID8caculateEff>
    4516:	85aa                	mv	a1,a0
    4518:	8526                	mv	a0,s1
    451a:	376060ef          	jal	ra,a890 <__mulsf3>
    451e:	cd2a                	sw	a0,152(sp)
    4520:	b6aff06f          	j	388a <_ZL16motor_motion_runiym+0x13aa>
    4524:	4709                	li	a4,2
    4526:	00000593          	li	a1,0
    452a:	fce79be3          	bne	a5,a4,4500 <_ZL16motor_motion_runiym+0x2020>
    452e:	200007b7          	lui	a5,0x20000
    4532:	13078793          	addi	a5,a5,304 # 20000130 <_ZL16g_pull_speed_set>
    4536:	97e2                	add	a5,a5,s8
    4538:	438c                	lw	a1,0(a5)
    453a:	b7d9                	j	4500 <_ZL16motor_motion_runiym+0x2020>
    453c:	9141a583          	lw	a1,-1772(gp) # 200002a4 <_ZL7g_scale+0xe4>
    4540:	b7c1                	j	4500 <_ZL16motor_motion_runiym+0x2020>
    4542:	ffca0793          	addi	a5,s4,-4
    4546:	470d                	li	a4,3
    4548:	c2f77563          	bgeu	a4,a5,3972 <_ZL16motor_motion_runiym+0x1492>
    454c:	47a1                	li	a5,8
    454e:	00099863          	bnez	s3,455e <_ZL16motor_motion_runiym+0x207e>
    4552:	04fa1963          	bne	s4,a5,45a4 <_ZL16motor_motion_runiym+0x20c4>
    4556:	4a81                	li	s5,0
    4558:	00000993          	li	s3,0
    455c:	a891                	j	45b0 <_ZL16motor_motion_runiym+0x20d0>
    455e:	fefa0ce3          	beq	s4,a5,4556 <_ZL16motor_motion_runiym+0x2076>
    4562:	4789                	li	a5,2
    4564:	4a85                	li	s5,1
    4566:	c0fa1763          	bne	s4,a5,3974 <_ZL16motor_motion_runiym+0x1494>
    456a:	200027b7          	lui	a5,0x20002
    456e:	00249713          	slli	a4,s1,0x2
    4572:	94878793          	addi	a5,a5,-1720 # 20001948 <_ZL15g_pull_remain_m>
    4576:	97ba                	add	a5,a5,a4
    4578:	94c1a583          	lw	a1,-1716(gp) # 200002dc <_ZL7g_scale+0x11c>
    457c:	4388                	lw	a0,0(a5)
    457e:	69d050ef          	jal	ra,a41a <__divsf3>
    4582:	00000593          	li	a1,0
    4586:	89aa                	mv	s3,a0
    4588:	270060ef          	jal	ra,a7f8 <__lesf2>
    458c:	0a054863          	bltz	a0,463c <_ZL16motor_motion_runiym+0x215c>
    4590:	8741ac83          	lw	s9,-1932(gp) # 20000204 <_ZL7g_scale+0x44>
    4594:	854e                	mv	a0,s3
    4596:	85e6                	mv	a1,s9
    4598:	1ca060ef          	jal	ra,a762 <__gesf2>
    459c:	0aa05263          	blez	a0,4640 <_ZL16motor_motion_runiym+0x2160>
    45a0:	89e6                	mv	s3,s9
    45a2:	a879                	j	4640 <_ZL16motor_motion_runiym+0x2160>
    45a4:	4a89                	li	s5,2
    45a6:	fd5a02e3          	beq	s4,s5,456a <_ZL16motor_motion_runiym+0x208a>
    45aa:	08c42983          	lw	s3,140(s0)
    45ae:	4aa9                	li	s5,10
    45b0:	8556                	mv	a0,s5
    45b2:	1f9060ef          	jal	ra,afaa <__floatsisf>
    45b6:	85de                	mv	a1,s7
    45b8:	240060ef          	jal	ra,a7f8 <__lesf2>
    45bc:	10055163          	bgez	a0,46be <_ZL16motor_motion_runiym+0x21de>
    45c0:	85ce                	mv	a1,s3
    45c2:	855e                	mv	a0,s7
    45c4:	234060ef          	jal	ra,a7f8 <__lesf2>
    45c8:	00055363          	bgez	a0,45ce <_ZL16motor_motion_runiym+0x20ee>
    45cc:	cd4e                	sw	s3,152(sp)
    45ce:	479d                	li	a5,7
    45d0:	0afa1f63          	bne	s4,a5,468e <_ZL16motor_motion_runiym+0x21ae>
    45d4:	120b1763          	bnez	s6,4702 <_ZL16motor_motion_runiym+0x2222>
    45d8:	9241a983          	lw	s3,-1756(gp) # 200002b4 <_ZL7g_scale+0xf4>
    45dc:	456a                	lw	a0,152(sp)
    45de:	85ce                	mv	a1,s3
    45e0:	182060ef          	jal	ra,a762 <__gesf2>
    45e4:	00a05363          	blez	a0,45ea <_ZL16motor_motion_runiym+0x210a>
    45e8:	cd4e                	sw	s3,152(sp)
    45ea:	800007b7          	lui	a5,0x80000
    45ee:	45ea                	lw	a1,152(sp)
    45f0:	0137c9b3          	xor	s3,a5,s3
    45f4:	854e                	mv	a0,s3
    45f6:	16c060ef          	jal	ra,a762 <__gesf2>
    45fa:	10a04763          	bgtz	a0,4708 <_ZL16motor_motion_runiym+0x2228>
    45fe:	47a6                	lw	a5,72(sp)
    4600:	10078663          	beqz	a5,470c <_ZL16motor_motion_runiym+0x222c>
    4604:	00349b13          	slli	s6,s1,0x3
    4608:	016c07b3          	add	a5,s8,s6
    460c:	43d8                	lw	a4,4(a5)
    460e:	46d2                	lw	a3,20(sp)
    4610:	00249993          	slli	s3,s1,0x2
    4614:	00e6e863          	bltu	a3,a4,4624 <_ZL16motor_motion_runiym+0x2144>
    4618:	1ad71063          	bne	a4,a3,47b8 <_ZL16motor_motion_runiym+0x22d8>
    461c:	439c                	lw	a5,0(a5)
    461e:	4742                	lw	a4,16(sp)
    4620:	18f77c63          	bgeu	a4,a5,47b8 <_ZL16motor_motion_runiym+0x22d8>
    4624:	4785                	li	a5,1
    4626:	a41c                	sb	a5,8(s0)
    4628:	57d2                	lw	a5,52(sp)
    462a:	00000713          	li	a4,0
    462e:	dc38                	sw	a4,120(s0)
    4630:	99be                	add	s3,s3,a5
    4632:	dc78                	sw	a4,124(s0)
    4634:	00e9a023          	sw	a4,0(s3) # 80000000 <__freertos_irq_stack_top+0x5fffb000>
    4638:	4581                	li	a1,0
    463a:	aa6d                	j	47f4 <_ZL16motor_motion_runiym+0x2314>
    463c:	00000993          	li	s3,0
    4640:	91c1a583          	lw	a1,-1764(gp) # 200002ac <_ZL7g_scale+0xec>
    4644:	08c42503          	lw	a0,140(s0)
    4648:	524060ef          	jal	ra,ab6c <__subsf3>
    464c:	85ce                	mv	a1,s3
    464e:	242060ef          	jal	ra,a890 <__mulsf3>
    4652:	91c1a583          	lw	a1,-1764(gp) # 200002ac <_ZL7g_scale+0xec>
    4656:	25d050ef          	jal	ra,a0b2 <__addsf3>
    465a:	89aa                	mv	s3,a0
    465c:	8556                	mv	a0,s5
    465e:	14d060ef          	jal	ra,afaa <__floatsisf>
    4662:	91c1ac83          	lw	s9,-1764(gp) # 200002ac <_ZL7g_scale+0xec>
    4666:	daaa                	sw	a0,116(sp)
    4668:	854e                	mv	a0,s3
    466a:	85e6                	mv	a1,s9
    466c:	18c060ef          	jal	ra,a7f8 <__lesf2>
    4670:	85de                	mv	a1,s7
    4672:	02055863          	bgez	a0,46a2 <_ZL16motor_motion_runiym+0x21c2>
    4676:	5556                	lw	a0,116(sp)
    4678:	180060ef          	jal	ra,a7f8 <__lesf2>
    467c:	04055063          	bgez	a0,46bc <_ZL16motor_motion_runiym+0x21dc>
    4680:	85e6                	mv	a1,s9
    4682:	855e                	mv	a0,s7
    4684:	174060ef          	jal	ra,a7f8 <__lesf2>
    4688:	00055363          	bgez	a0,468e <_ZL16motor_motion_runiym+0x21ae>
    468c:	cd66                	sw	s9,152(sp)
    468e:	8a81a983          	lw	s3,-1880(gp) # 20000238 <_ZL7g_scale+0x78>
    4692:	456a                	lw	a0,152(sp)
    4694:	85ce                	mv	a1,s3
    4696:	0cc060ef          	jal	ra,a762 <__gesf2>
    469a:	0ea05263          	blez	a0,477e <_ZL16motor_motion_runiym+0x229e>
    469e:	cd4e                	sw	s3,152(sp)
    46a0:	a0fd                	j	478e <_ZL16motor_motion_runiym+0x22ae>
    46a2:	5556                	lw	a0,116(sp)
    46a4:	154060ef          	jal	ra,a7f8 <__lesf2>
    46a8:	00055b63          	bgez	a0,46be <_ZL16motor_motion_runiym+0x21de>
    46ac:	85ce                	mv	a1,s3
    46ae:	855e                	mv	a0,s7
    46b0:	148060ef          	jal	ra,a7f8 <__lesf2>
    46b4:	fc055de3          	bgez	a0,468e <_ZL16motor_motion_runiym+0x21ae>
    46b8:	cd4e                	sw	s3,152(sp)
    46ba:	bfd1                	j	468e <_ZL16motor_motion_runiym+0x21ae>
    46bc:	89e6                	mv	s3,s9
    46be:	41500533          	neg	a0,s5
    46c2:	0e9060ef          	jal	ra,afaa <__floatsisf>
    46c6:	85aa                	mv	a1,a0
    46c8:	855e                	mv	a0,s7
    46ca:	12e060ef          	jal	ra,a7f8 <__lesf2>
    46ce:	00055f63          	bgez	a0,46ec <_ZL16motor_motion_runiym+0x220c>
    46d2:	80000ab7          	lui	s5,0x80000
    46d6:	017ac5b3          	xor	a1,s5,s7
    46da:	854e                	mv	a0,s3
    46dc:	086060ef          	jal	ra,a762 <__gesf2>
    46e0:	eea057e3          	blez	a0,45ce <_ZL16motor_motion_runiym+0x20ee>
    46e4:	013acab3          	xor	s5,s5,s3
    46e8:	cd56                	sw	s5,152(sp)
    46ea:	b5d5                	j	45ce <_ZL16motor_motion_runiym+0x20ee>
    46ec:	00000793          	li	a5,0
    46f0:	cd3e                	sw	a5,152(sp)
    46f2:	479d                	li	a5,7
    46f4:	08fa1d63          	bne	s4,a5,478e <_ZL16motor_motion_runiym+0x22ae>
    46f8:	ee0b00e3          	beqz	s6,45d8 <_ZL16motor_motion_runiym+0x20f8>
    46fc:	9201a983          	lw	s3,-1760(gp) # 200002b0 <_ZL7g_scale+0xf0>
    4700:	b5ed                	j	45ea <_ZL16motor_motion_runiym+0x210a>
    4702:	9201a983          	lw	s3,-1760(gp) # 200002b0 <_ZL7g_scale+0xf0>
    4706:	bdd9                	j	45dc <_ZL16motor_motion_runiym+0x20fc>
    4708:	cd4e                	sw	s3,152(sp)
    470a:	bdd5                	j	45fe <_ZL16motor_motion_runiym+0x211e>
    470c:	200027b7          	lui	a5,0x20002
    4710:	00249713          	slli	a4,s1,0x2
    4714:	91878793          	addi	a5,a5,-1768 # 20001918 <_ZZN14_MOTOR_CONTROL3runEfyE7stall_s>
    4718:	97ba                	add	a5,a5,a4
    471a:	00000713          	li	a4,0
    471e:	c398                	sw	a4,0(a5)
    4720:	00349793          	slli	a5,s1,0x3
    4724:	97e2                	add	a5,a5,s8
    4726:	4681                	li	a3,0
    4728:	4701                	li	a4,0
    472a:	c394                	sw	a3,0(a5)
    472c:	c3d8                	sw	a4,4(a5)
    472e:	4aea                	lw	s5,152(sp)
    4730:	8556                	mv	a0,s5
    4732:	7c6060ef          	jal	ra,aef8 <__fixsfsi>
    4736:	4799                	li	a5,6
    4738:	89aa                	mv	s3,a0
    473a:	20fa1b63          	bne	s4,a5,4950 <_ZL16motor_motion_runiym+0x2470>
    473e:	47e6                	lw	a5,88(sp)
    4740:	00978a33          	add	s4,a5,s1
    4744:	000a4783          	lbu	a5,0(s4)
    4748:	20079463          	bnez	a5,4950 <_ZL16motor_motion_runiym+0x2470>
    474c:	009d07b3          	add	a5,s10,s1
    4750:	239c                	lbu	a5,0(a5)
    4752:	20002937          	lui	s2,0x20002
    4756:	d6890913          	addi	s2,s2,-664 # 20001d68 <_ZL18g_on_use_hi_pwm_us>
    475a:	00249b13          	slli	s6,s1,0x2
    475e:	28079c63          	bnez	a5,49f6 <_ZL16motor_motion_runiym+0x2516>
    4762:	9b4a                	add	s6,s6,s2
    4764:	000b2023          	sw	zero,0(s6) # 80000000 <__freertos_irq_stack_top+0x5fffb000>
    4768:	5752                	lw	a4,52(sp)
    476a:	0019b793          	seqz	a5,s3
    476e:	a41c                	sb	a5,8(s0)
    4770:	00249793          	slli	a5,s1,0x2
    4774:	97ba                	add	a5,a5,a4
    4776:	0157a023          	sw	s5,0(a5)
    477a:	85ce                	mv	a1,s3
    477c:	a8a5                	j	47f4 <_ZL16motor_motion_runiym+0x2314>
    477e:	8ac1a983          	lw	s3,-1876(gp) # 2000023c <_ZL7g_scale+0x7c>
    4782:	456a                	lw	a0,152(sp)
    4784:	85ce                	mv	a1,s3
    4786:	072060ef          	jal	ra,a7f8 <__lesf2>
    478a:	f0054ae3          	bltz	a0,469e <_ZL16motor_motion_runiym+0x21be>
    478e:	47a6                	lw	a5,72(sp)
    4790:	e6079ae3          	bnez	a5,4604 <_ZL16motor_motion_runiym+0x2124>
    4794:	200027b7          	lui	a5,0x20002
    4798:	00249713          	slli	a4,s1,0x2
    479c:	91878793          	addi	a5,a5,-1768 # 20001918 <_ZZN14_MOTOR_CONTROL3runEfyE7stall_s>
    47a0:	97ba                	add	a5,a5,a4
    47a2:	00000713          	li	a4,0
    47a6:	c398                	sw	a4,0(a5)
    47a8:	00349793          	slli	a5,s1,0x3
    47ac:	97e2                	add	a5,a5,s8
    47ae:	4681                	li	a3,0
    47b0:	4701                	li	a4,0
    47b2:	c394                	sw	a3,0(a5)
    47b4:	c3d8                	sw	a4,4(a5)
    47b6:	a831                	j	47d2 <_ZL16motor_motion_runiym+0x22f2>
    47b8:	09614783          	lbu	a5,150(sp)
    47bc:	20002ab7          	lui	s5,0x20002
    47c0:	4bea                	lw	s7,152(sp)
    47c2:	918a8a93          	addi	s5,s5,-1768 # 20001918 <_ZZN14_MOTOR_CONTROL3runEfyE7stall_s>
    47c6:	eb9d                	bnez	a5,47fc <_ZL16motor_motion_runiym+0x231c>
    47c8:	99d6                	add	s3,s3,s5
    47ca:	00000793          	li	a5,0
    47ce:	00f9a023          	sw	a5,0(s3)
    47d2:	4785                	li	a5,1
    47d4:	4aea                	lw	s5,152(sp)
    47d6:	16fa1463          	bne	s4,a5,493e <_ZL16motor_motion_runiym+0x245e>
    47da:	8556                	mv	a0,s5
    47dc:	71c060ef          	jal	ra,aef8 <__fixsfsi>
    47e0:	5752                	lw	a4,52(sp)
    47e2:	00153793          	seqz	a5,a0
    47e6:	a41c                	sb	a5,8(s0)
    47e8:	00249793          	slli	a5,s1,0x2
    47ec:	97ba                	add	a5,a5,a4
    47ee:	85aa                	mv	a1,a0
    47f0:	0157a023          	sw	s5,0(a5)
    47f4:	0ff4f513          	zext.b	a0,s1
    47f8:	f0bfe06f          	j	3702 <_ZL16motor_motion_runiym+0x1222>
    47fc:	00000593          	li	a1,0
    4800:	855e                	mv	a0,s7
    4802:	703050ef          	jal	ra,a704 <__eqsf2>
    4806:	c939                	beqz	a0,485c <_ZL16motor_motion_runiym+0x237c>
    4808:	09714783          	lbu	a5,151(sp)
    480c:	eba1                	bnez	a5,485c <_ZL16motor_motion_runiym+0x237c>
    480e:	9901a583          	lw	a1,-1648(gp) # 20000320 <_ZL7g_scale+0x160>
    4812:	457a                	lw	a0,156(sp)
    4814:	74f050ef          	jal	ra,a762 <__gesf2>
    4818:	00000593          	li	a1,0
    481c:	04054263          	bltz	a0,4860 <_ZL16motor_motion_runiym+0x2380>
    4820:	855e                	mv	a0,s7
    4822:	741050ef          	jal	ra,a762 <__gesf2>
    4826:	10054163          	bltz	a0,4928 <_ZL16motor_motion_runiym+0x2448>
    482a:	8801a583          	lw	a1,-1920(gp) # 20000210 <_ZL7g_scale+0x50>
    482e:	855e                	mv	a0,s7
    4830:	083050ef          	jal	ra,a0b2 <__addsf3>
    4834:	6c4060ef          	jal	ra,aef8 <__fixsfsi>
    4838:	41f55793          	srai	a5,a0,0x1f
    483c:	8d3d                	xor	a0,a0,a5
    483e:	8d1d                	sub	a0,a0,a5
    4840:	1f300793          	li	a5,499
    4844:	00000593          	li	a1,0
    4848:	00a7cc63          	blt	a5,a0,4860 <_ZL16motor_motion_runiym+0x2380>
    484c:	855e                	mv	a0,s7
    484e:	715050ef          	jal	ra,a762 <__gesf2>
    4852:	0ca05e63          	blez	a0,492e <_ZL16motor_motion_runiym+0x244e>
    4856:	8bc1a783          	lw	a5,-1860(gp) # 2000024c <_ZL7g_scale+0x8c>
    485a:	cd3e                	sw	a5,152(sp)
    485c:	00000593          	li	a1,0
    4860:	854a                	mv	a0,s2
    4862:	797050ef          	jal	ra,a7f8 <__lesf2>
    4866:	00055663          	bgez	a0,4872 <_ZL16motor_motion_runiym+0x2392>
    486a:	800007b7          	lui	a5,0x80000
    486e:	0127c933          	xor	s2,a5,s2
    4872:	8741a583          	lw	a1,-1932(gp) # 20000204 <_ZL7g_scale+0x44>
    4876:	854a                	mv	a0,s2
    4878:	4bea                	lw	s7,152(sp)
    487a:	77f050ef          	jal	ra,a7f8 <__lesf2>
    487e:	f40555e3          	bgez	a0,47c8 <_ZL16motor_motion_runiym+0x22e8>
    4882:	8b01a583          	lw	a1,-1872(gp) # 20000240 <_ZL7g_scale+0x80>
    4886:	457a                	lw	a0,156(sp)
    4888:	6db050ef          	jal	ra,a762 <__gesf2>
    488c:	f2054ee3          	bltz	a0,47c8 <_ZL16motor_motion_runiym+0x22e8>
    4890:	00000593          	li	a1,0
    4894:	855e                	mv	a0,s7
    4896:	763050ef          	jal	ra,a7f8 <__lesf2>
    489a:	08055d63          	bgez	a0,4934 <_ZL16motor_motion_runiym+0x2454>
    489e:	80000537          	lui	a0,0x80000
    48a2:	01754533          	xor	a0,a0,s7
    48a6:	8d41a583          	lw	a1,-1836(gp) # 20000264 <_ZL7g_scale+0xa4>
    48aa:	6b9050ef          	jal	ra,a762 <__gesf2>
    48ae:	f0054de3          	bltz	a0,47c8 <_ZL16motor_motion_runiym+0x22e8>
    48b2:	013a8cb3          	add	s9,s5,s3
    48b6:	000ca583          	lw	a1,0(s9)
    48ba:	5572                	lw	a0,60(sp)
    48bc:	7f6050ef          	jal	ra,a0b2 <__addsf3>
    48c0:	9941a583          	lw	a1,-1644(gp) # 20000324 <_ZL7g_scale+0x164>
    48c4:	00aca023          	sw	a0,0(s9)
    48c8:	892a                	mv	s2,a0
    48ca:	699050ef          	jal	ra,a762 <__gesf2>
    48ce:	00a05c63          	blez	a0,48e6 <_ZL16motor_motion_runiym+0x2406>
    48d2:	00000593          	li	a1,0
    48d6:	855e                	mv	a0,s7
    48d8:	68b050ef          	jal	ra,a762 <__gesf2>
    48dc:	04a05e63          	blez	a0,4938 <_ZL16motor_motion_runiym+0x2458>
    48e0:	8c81a783          	lw	a5,-1848(gp) # 20000258 <_ZL7g_scale+0x98>
    48e4:	cd3e                	sw	a5,152(sp)
    48e6:	9981a583          	lw	a1,-1640(gp) # 20000328 <_ZL7g_scale+0x168>
    48ea:	854a                	mv	a0,s2
    48ec:	677050ef          	jal	ra,a762 <__gesf2>
    48f0:	eea051e3          	blez	a0,47d2 <_ZL16motor_motion_runiym+0x22f2>
    48f4:	47c2                	lw	a5,16(sp)
    48f6:	4652                	lw	a2,20(sp)
    48f8:	9b62                	add	s6,s6,s8
    48fa:	1f478713          	addi	a4,a5,500 # 800001f4 <__freertos_irq_stack_top+0x5fffb1f4>
    48fe:	00f737b3          	sltu	a5,a4,a5
    4902:	97b2                	add	a5,a5,a2
    4904:	00fb2223          	sw	a5,4(s6)
    4908:	4785                	li	a5,1
    490a:	a41c                	sb	a5,8(s0)
    490c:	57d2                	lw	a5,52(sp)
    490e:	00000693          	li	a3,0
    4912:	9ace                	add	s5,s5,s3
    4914:	99be                	add	s3,s3,a5
    4916:	00daa023          	sw	a3,0(s5)
    491a:	00eb2023          	sw	a4,0(s6)
    491e:	dc34                	sw	a3,120(s0)
    4920:	dc74                	sw	a3,124(s0)
    4922:	00d9a023          	sw	a3,0(s3)
    4926:	bb09                	j	4638 <_ZL16motor_motion_runiym+0x2158>
    4928:	9281a583          	lw	a1,-1752(gp) # 200002b8 <_ZL7g_scale+0xf8>
    492c:	b709                	j	482e <_ZL16motor_motion_runiym+0x234e>
    492e:	92c1a783          	lw	a5,-1748(gp) # 200002bc <_ZL7g_scale+0xfc>
    4932:	b725                	j	485a <_ZL16motor_motion_runiym+0x237a>
    4934:	855e                	mv	a0,s7
    4936:	bf85                	j	48a6 <_ZL16motor_motion_runiym+0x23c6>
    4938:	8c41a783          	lw	a5,-1852(gp) # 20000254 <_ZL7g_scale+0x94>
    493c:	b765                	j	48e4 <_ZL16motor_motion_runiym+0x2404>
    493e:	020a1363          	bnez	s4,4964 <_ZL16motor_motion_runiym+0x2484>
    4942:	04844783          	lbu	a5,72(s0)
    4946:	cfd1                	beqz	a5,49e2 <_ZL16motor_motion_runiym+0x2502>
    4948:	8556                	mv	a0,s5
    494a:	5ae060ef          	jal	ra,aef8 <__fixsfsi>
    494e:	89aa                	mv	s3,a0
    4950:	200027b7          	lui	a5,0x20002
    4954:	00249713          	slli	a4,s1,0x2
    4958:	d6878793          	addi	a5,a5,-664 # 20001d68 <_ZL18g_on_use_hi_pwm_us>
    495c:	97ba                	add	a5,a5,a4
    495e:	0007a023          	sw	zero,0(a5)
    4962:	b519                	j	4768 <_ZL16motor_motion_runiym+0x2288>
    4964:	4789                	li	a5,2
    4966:	dcfa14e3          	bne	s4,a5,472e <_ZL16motor_motion_runiym+0x224e>
    496a:	403c                	lw	a5,64(s0)
    496c:	4078                	lw	a4,68(s0)
    496e:	00e7e633          	or	a2,a5,a4
    4972:	ce2d                	beqz	a2,49ec <_ZL16motor_motion_runiym+0x250c>
    4974:	4642                	lw	a2,16(sp)
    4976:	45d2                	lw	a1,20(sp)
    4978:	40f607b3          	sub	a5,a2,a5
    497c:	40e58733          	sub	a4,a1,a4
    4980:	00f63633          	sltu	a2,a2,a5
    4984:	9301a583          	lw	a1,-1744(gp) # 200002c0 <_ZL7g_scale+0x100>
    4988:	06c71463          	bne	a4,a2,49f0 <_ZL16motor_motion_runiym+0x2510>
    498c:	18f00713          	li	a4,399
    4990:	06f76063          	bltu	a4,a5,49f0 <_ZL16motor_motion_runiym+0x2510>
    4994:	9341ab03          	lw	s6,-1740(gp) # 200002c4 <_ZL7g_scale+0x104>
    4998:	5752                	lw	a4,52(sp)
    499a:	00249793          	slli	a5,s1,0x2
    499e:	5572                	lw	a0,60(sp)
    49a0:	97ba                	add	a5,a5,a4
    49a2:	0007a903          	lw	s2,0(a5)
    49a6:	6eb050ef          	jal	ra,a890 <__mulsf3>
    49aa:	85aa                	mv	a1,a0
    49ac:	854a                	mv	a0,s2
    49ae:	1be060ef          	jal	ra,ab6c <__subsf3>
    49b2:	89aa                	mv	s3,a0
    49b4:	5572                	lw	a0,60(sp)
    49b6:	85da                	mv	a1,s6
    49b8:	6d9050ef          	jal	ra,a890 <__mulsf3>
    49bc:	85ca                	mv	a1,s2
    49be:	6f4050ef          	jal	ra,a0b2 <__addsf3>
    49c2:	892a                	mv	s2,a0
    49c4:	85ce                	mv	a1,s3
    49c6:	8556                	mv	a0,s5
    49c8:	631050ef          	jal	ra,a7f8 <__lesf2>
    49cc:	00055363          	bgez	a0,49d2 <_ZL16motor_motion_runiym+0x24f2>
    49d0:	cd4e                	sw	s3,152(sp)
    49d2:	45ea                	lw	a1,152(sp)
    49d4:	854a                	mv	a0,s2
    49d6:	623050ef          	jal	ra,a7f8 <__lesf2>
    49da:	d4055ae3          	bgez	a0,472e <_ZL16motor_motion_runiym+0x224e>
    49de:	cd4a                	sw	s2,152(sp)
    49e0:	b3b9                	j	472e <_ZL16motor_motion_runiym+0x224e>
    49e2:	9381a583          	lw	a1,-1736(gp) # 200002c8 <_ZL7g_scale+0x108>
    49e6:	93c1ab03          	lw	s6,-1732(gp) # 200002cc <_ZL7g_scale+0x10c>
    49ea:	b77d                	j	4998 <_ZL16motor_motion_runiym+0x24b8>
    49ec:	9301a583          	lw	a1,-1744(gp) # 200002c0 <_ZL7g_scale+0x100>
    49f0:	9401ab03          	lw	s6,-1728(gp) # 200002d0 <_ZL7g_scale+0x110>
    49f4:	b755                	j	4998 <_ZL16motor_motion_runiym+0x24b8>
    49f6:	47b6                	lw	a5,76(sp)
    49f8:	99c1a583          	lw	a1,-1636(gp) # 2000032c <_ZL7g_scale+0x16c>
    49fc:	97da                	add	a5,a5,s6
    49fe:	4388                	lw	a0,0(a5)
    4a00:	5f9050ef          	jal	ra,a7f8 <__lesf2>
    4a04:	0a054f63          	bltz	a0,4ac2 <_ZL16motor_motion_runiym+0x25e2>
    4a08:	09042a03          	lw	s4,144(s0)
    4a0c:	00000593          	li	a1,0
    4a10:	8552                	mv	a0,s4
    4a12:	4f3050ef          	jal	ra,a704 <__eqsf2>
    4a16:	d40506e3          	beqz	a0,4762 <_ZL16motor_motion_runiym+0x2282>
    4a1a:	854e                	mv	a0,s3
    4a1c:	58e060ef          	jal	ra,afaa <__floatsisf>
    4a20:	85d2                	mv	a1,s4
    4a22:	66f050ef          	jal	ra,a890 <__mulsf3>
    4a26:	00000593          	li	a1,0
    4a2a:	5cf050ef          	jal	ra,a7f8 <__lesf2>
    4a2e:	d2055ae3          	bgez	a0,4762 <_ZL16motor_motion_runiym+0x2282>
    4a32:	41f9d713          	srai	a4,s3,0x1f
    4a36:	013747b3          	xor	a5,a4,s3
    4a3a:	8f99                	sub	a5,a5,a4
    4a3c:	32000713          	li	a4,800
    4a40:	d2f751e3          	bge	a4,a5,4762 <_ZL16motor_motion_runiym+0x2282>
    4a44:	9441a583          	lw	a1,-1724(gp) # 200002d4 <_ZL7g_scale+0x114>
    4a48:	5572                	lw	a0,60(sp)
    4a4a:	647050ef          	jal	ra,a890 <__mulsf3>
    4a4e:	8801a583          	lw	a1,-1920(gp) # 20000210 <_ZL7g_scale+0x50>
    4a52:	660050ef          	jal	ra,a0b2 <__addsf3>
    4a56:	502060ef          	jal	ra,af58 <__fixunssfsi>
    4a5a:	01690733          	add	a4,s2,s6
    4a5e:	431c                	lw	a5,0(a4)
    4a60:	953e                	add	a0,a0,a5
    4a62:	013137b7          	lui	a5,0x1313
    4a66:	d0078793          	addi	a5,a5,-768 # 1312d00 <ch32v20x_wwdg.c.f78e58f2+0x12f5a05>
    4a6a:	86aa                	mv	a3,a0
    4a6c:	00a7f363          	bgeu	a5,a0,4a72 <_ZL16motor_motion_runiym+0x2592>
    4a70:	86be                	mv	a3,a5
    4a72:	013137b7          	lui	a5,0x1313
    4a76:	c314                	sw	a3,0(a4)
    4a78:	cff78793          	addi	a5,a5,-769 # 1312cff <ch32v20x_wwdg.c.f78e58f2+0x12f5a04>
    4a7c:	cea7f6e3          	bgeu	a5,a0,4768 <_ZL16motor_motion_runiym+0x2288>
    4a80:	47e6                	lw	a5,88(sp)
    4a82:	4705                	li	a4,1
    4a84:	995a                	add	s2,s2,s6
    4a86:	97a6                	add	a5,a5,s1
    4a88:	a398                	sb	a4,0(a5)
    4a8a:	a7418793          	addi	a5,gp,-1420 # 20000404 <_ZL18g_on_use_jam_latch>
    4a8e:	97a6                	add	a5,a5,s1
    4a90:	00078023          	sb	zero,0(a5)
    4a94:	00092023          	sw	zero,0(s2)
    4a98:	0ff4f713          	zext.b	a4,s1
    4a9c:	a8a1                	j	4af4 <_ZL16motor_motion_runiym+0x2614>
    4a9e:	04600713          	li	a4,70
    4aa2:	ce5fe06f          	j	3786 <_ZL16motor_motion_runiym+0x12a6>
    4aa6:	4681                	li	a3,0
    4aa8:	4601                	li	a2,0
    4aaa:	45c1                	li	a1,16
    4aac:	5502                	lw	a0,32(sp)
    4aae:	9b5fd0ef          	jal	ra,2462 <_ZN12WS2812_class14set_RGB_onlineEhhhhb.constprop.0>
    4ab2:	d73fd06f          	j	2824 <_ZL16motor_motion_runiym+0x344>
    4ab6:	46c1                	li	a3,16
    4ab8:	d01fe06f          	j	37b8 <_ZL16motor_motion_runiym+0x12d8>
    4abc:	4681                	li	a3,0
    4abe:	cfbfe06f          	j	37b8 <_ZL16motor_motion_runiym+0x12d8>
    4ac2:	a7418793          	addi	a5,gp,-1420 # 20000404 <_ZL18g_on_use_jam_latch>
    4ac6:	4705                	li	a4,1
    4ac8:	97a6                	add	a5,a5,s1
    4aca:	a398                	sb	a4,0(a5)
    4acc:	200027b7          	lui	a5,0x20002
    4ad0:	d9078793          	addi	a5,a5,-624 # 20001d90 <ams>
    4ad4:	1047c683          	lbu	a3,260(a5)
    4ad8:	995a                	add	s2,s2,s6
    4ada:	00ea0023          	sb	a4,0(s4)
    4ade:	00092023          	sw	zero,0(s2)
    4ae2:	0ff4f713          	zext.b	a4,s1
    4ae6:	00e69763          	bne	a3,a4,4af4 <_ZL16motor_motion_runiym+0x2614>
    4aea:	76fd                	lui	a3,0xfffff
    4aec:	06f68693          	addi	a3,a3,111 # fffff06f <__freertos_irq_stack_top+0xdfffa06f>
    4af0:	10d79723          	sh	a3,270(a5)
    4af4:	478d                	li	a5,3
    4af6:	02e7e663          	bltu	a5,a4,4b22 <_ZL16motor_motion_runiym+0x2642>
    4afa:	03000713          	li	a4,48
    4afe:	0ff4f793          	zext.b	a5,s1
    4b02:	02e787b3          	mul	a5,a5,a4
    4b06:	5712                	lw	a4,36(sp)
    4b08:	97ba                	add	a5,a5,a4
    4b0a:	23f8                	lbu	a4,6(a5)
    4b0c:	cb19                	beqz	a4,4b22 <_ZL16motor_motion_runiym+0x2642>
    4b0e:	4794                	lw	a3,8(a5)
    4b10:	6741                	lui	a4,0x10
    4b12:	f0070713          	addi	a4,a4,-256 # ff00 <MC_PULL_calibration.cpp.a99f3330+0x1040>
    4b16:	00e68663          	beq	a3,a4,4b22 <_ZL16motor_motion_runiym+0x2642>
    4b1a:	c798                	sw	a4,8(a5)
    4b1c:	4705                	li	a4,1
    4b1e:	02e78623          	sb	a4,44(a5)
    4b22:	00000793          	li	a5,0
    4b26:	873e                	mv	a4,a5
    4b28:	cc3c                	sw	a5,88(s0)
    4b2a:	cc7c                	sw	a5,92(s0)
    4b2c:	dc3c                	sw	a5,120(s0)
    4b2e:	dc7c                	sw	a5,124(s0)
    4b30:	4785                	li	a5,1
    4b32:	a41c                	sb	a5,8(s0)
    4b34:	57d2                	lw	a5,52(sp)
    4b36:	9b3e                	add	s6,s6,a5
    4b38:	00eb2023          	sw	a4,0(s6)
    4b3c:	bcf5                	j	4638 <_ZL16motor_motion_runiym+0x2158>
    4b3e:	9a01a583          	lw	a1,-1632(gp) # 20000330 <_ZL7g_scale+0x170>
    4b42:	8526                	mv	a0,s1
    4b44:	41f050ef          	jal	ra,a762 <__gesf2>
    4b48:	8c0548e3          	bltz	a0,4418 <_ZL16motor_motion_runiym+0x1f38>
    4b4c:	00000713          	li	a4,0
    4b50:	4785                	li	a5,1
    4b52:	08f40a23          	sb	a5,148(s0)
    4b56:	cc38                	sw	a4,88(s0)
    4b58:	cc78                	sw	a4,92(s0)
    4b5a:	dc38                	sw	a4,120(s0)
    4b5c:	dc78                	sw	a4,124(s0)
    4b5e:	a41c                	sb	a5,8(s0)
    4b60:	57d2                	lw	a5,52(sp)
    4b62:	4581                	li	a1,0
    4b64:	0ffbf513          	zext.b	a0,s7
    4b68:	9c3e                	add	s8,s8,a5
    4b6a:	00ec2023          	sw	a4,0(s8)
    4b6e:	b95fe06f          	j	3702 <_ZL16motor_motion_runiym+0x1222>
    4b72:	4981                	li	s3,0
    4b74:	00000793          	li	a5,0
    4b78:	08010b23          	sb	zero,150(sp)
    4b7c:	cf3e                	sw	a5,156(sp)
    4b7e:	08010ba3          	sb	zero,151(sp)
    4b82:	c482                	sw	zero,72(sp)
    4b84:	d4dfe06f          	j	38d0 <_ZL16motor_motion_runiym+0x13f0>

00004b88 <_ZL9blink_allhhhiii.constprop.0>:
    4b88:	da6fb2ef          	jal	t0,12e <__riscv_save_10>
    4b8c:	8aaa                	mv	s5,a0
    4b8e:	8b2e                	mv	s6,a1
    4b90:	8932                	mv	s2,a2
    4b92:	8bb6                	mv	s7,a3
    4b94:	8a3a                	mv	s4,a4
    4b96:	4981                	li	s3,0
    4b98:	20002c37          	lui	s8,0x20002
    4b9c:	210c0413          	addi	s0,s8,528 # 20002210 <RGBOUT>
    4ba0:	0c040c93          	addi	s9,s0,192
    4ba4:	210c0493          	addi	s1,s8,528
    4ba8:	8526                	mv	a0,s1
    4baa:	4681                	li	a3,0
    4bac:	865a                	mv	a2,s6
    4bae:	85d6                	mv	a1,s5
    4bb0:	03048493          	addi	s1,s1,48
    4bb4:	8affd0ef          	jal	ra,2462 <_ZN12WS2812_class14set_RGB_onlineEhhhhb.constprop.0>
    4bb8:	ff9498e3          	bne	s1,s9,4ba8 <_ZL9blink_allhhhiii.constprop.0+0x20>
    4bbc:	cd1fc0ef          	jal	ra,188c <_Z10RGB_updatev>
    4bc0:	855e                	mv	a0,s7
    4bc2:	e42fc0ef          	jal	ra,1204 <delay>
    4bc6:	8522                	mv	a0,s0
    4bc8:	4681                	li	a3,0
    4bca:	4601                	li	a2,0
    4bcc:	4581                	li	a1,0
    4bce:	03040413          	addi	s0,s0,48
    4bd2:	891fd0ef          	jal	ra,2462 <_ZN12WS2812_class14set_RGB_onlineEhhhhb.constprop.0>
    4bd6:	ff9418e3          	bne	s0,s9,4bc6 <_ZL9blink_allhhhiii.constprop.0+0x3e>
    4bda:	cb3fc0ef          	jal	ra,188c <_Z10RGB_updatev>
    4bde:	8552                	mv	a0,s4
    4be0:	0985                	addi	s3,s3,1
    4be2:	e22fc0ef          	jal	ra,1204 <delay>
    4be6:	fb299be3          	bne	s3,s2,4b9c <_ZL9blink_allhhhiii.constprop.0+0x14>
    4bea:	d7cfb06f          	j	166 <__riscv_restore_10>

00004bee <_ZL9blink_oneihhhiii.constprop.0>:
    4bee:	d4efb2ef          	jal	t0,13c <__riscv_save_4>
    4bf2:	03000413          	li	s0,48
    4bf6:	02850433          	mul	s0,a0,s0
    4bfa:	200027b7          	lui	a5,0x20002
    4bfe:	21078793          	addi	a5,a5,528 # 20002210 <RGBOUT>
    4c02:	84aa                	mv	s1,a0
    4c04:	4909                	li	s2,2
    4c06:	4a11                	li	s4,4
    4c08:	4985                	li	s3,1
    4c0a:	943e                	add	s0,s0,a5
    4c0c:	03449463          	bne	s1,s4,4c34 <_ZL9blink_oneihhhiii.constprop.0+0x46>
    4c10:	c7dfc0ef          	jal	ra,188c <_Z10RGB_updatev>
    4c14:	03c00513          	li	a0,60
    4c18:	decfc0ef          	jal	ra,1204 <delay>
    4c1c:	c71fc0ef          	jal	ra,188c <_Z10RGB_updatev>
    4c20:	03c00513          	li	a0,60
    4c24:	de0fc0ef          	jal	ra,1204 <delay>
    4c28:	01391463          	bne	s2,s3,4c30 <_ZL9blink_oneihhhiii.constprop.0+0x42>
    4c2c:	d44fb06f          	j	170 <__riscv_restore_4>
    4c30:	4905                	li	s2,1
    4c32:	bfe9                	j	4c0c <_ZL9blink_oneihhhiii.constprop.0+0x1e>
    4c34:	4681                	li	a3,0
    4c36:	4641                	li	a2,16
    4c38:	45c1                	li	a1,16
    4c3a:	8522                	mv	a0,s0
    4c3c:	827fd0ef          	jal	ra,2462 <_ZN12WS2812_class14set_RGB_onlineEhhhhb.constprop.0>
    4c40:	c4dfc0ef          	jal	ra,188c <_Z10RGB_updatev>
    4c44:	03c00513          	li	a0,60
    4c48:	dbcfc0ef          	jal	ra,1204 <delay>
    4c4c:	4681                	li	a3,0
    4c4e:	4601                	li	a2,0
    4c50:	4581                	li	a1,0
    4c52:	8522                	mv	a0,s0
    4c54:	80ffd0ef          	jal	ra,2462 <_ZN12WS2812_class14set_RGB_onlineEhhhhb.constprop.0>
    4c58:	b7d1                	j	4c1c <_ZL9blink_oneihhhiii.constprop.0+0x2e>

00004c5a <_ZL25flash_runtime_cache_clearv>:
    4c5a:	cfcfb2ef          	jal	t0,156 <__riscv_save_0>
    4c5e:	20002537          	lui	a0,0x20002
    4c62:	aa01a023          	sw	zero,-1376(gp) # 20000430 <_ZL10g_fil_have>
    4c66:	08000613          	li	a2,128
    4c6a:	4581                	li	a1,0
    4c6c:	2d050513          	addi	a0,a0,720 # 200022d0 <_ZL10g_fil_last>
    4c70:	a801ae23          	sw	zero,-1380(gp) # 2000042c <_ZL17g_fil_first_empty>
    4c74:	ca2fb0ef          	jal	ra,116 <memset>
    4c78:	a8019c23          	sh	zero,-1384(gp) # 20000428 <_ZL9g_sta_seq>
    4c7c:	a8019b23          	sh	zero,-1386(gp) # 20000426 <_ZL10g_sta_slot>
    4c80:	a8018a23          	sb	zero,-1388(gp) # 20000424 <_ZL16g_sta_have_saved>
    4c84:	577d                	li	a4,-1
    4c86:	82e18423          	sb	a4,-2008(gp) # 200001b8 <_ZL18g_sta_saved_loaded>
    4c8a:	cf0fb06f          	j	17a <__riscv_restore_0>

00004c8e <_Z20Flash_NVM_full_clearv>:
    4c8e:	caefb2ef          	jal	t0,13c <__riscv_save_4>
    4c92:	80002973          	csrr	s2,0x800
    4c96:	08800a13          	li	s4,136
    4c9a:	800a3073          	csrc	0x800,s4
    4c9e:	456707b7          	lui	a5,0x45670
    4ca2:	40022437          	lui	s0,0x40022
    4ca6:	12378793          	addi	a5,a5,291 # 45670123 <__freertos_irq_stack_top+0x2566b123>
    4caa:	c05c                	sw	a5,4(s0)
    4cac:	cdef97b7          	lui	a5,0xcdef9
    4cb0:	9ab78793          	addi	a5,a5,-1621 # cdef89ab <__freertos_irq_stack_top+0xadef39ab>
    4cb4:	c05c                	sw	a5,4(s0)
    4cb6:	03100793          	li	a5,49
    4cba:	c45c                	sw	a5,12(s0)
    4cbc:	000b0537          	lui	a0,0xb0
    4cc0:	c79fc0ef          	jal	ra,1938 <FLASH_WaitForLastOperation>
    4cc4:	4791                	li	a5,4
    4cc6:	08897913          	andi	s2,s2,136
    4cca:	00f50b63          	beq	a0,a5,4ce0 <_Z20Flash_NVM_full_clearv+0x52>
    4cce:	c47fc0ef          	jal	ra,1914 <FLASH_Lock>
    4cd2:	800a3073          	csrc	0x800,s4
    4cd6:	80092073          	csrs	0x800,s2
    4cda:	4501                	li	a0,0
    4cdc:	c94fb06f          	j	170 <__riscv_restore_4>
    4ce0:	481c                	lw	a5,16(s0)
    4ce2:	84aa                	mv	s1,a0
    4ce4:	000b0537          	lui	a0,0xb0
    4ce8:	0027e793          	ori	a5,a5,2
    4cec:	c81c                	sw	a5,16(s0)
    4cee:	0800f7b7          	lui	a5,0x800f
    4cf2:	c85c                	sw	a5,20(s0)
    4cf4:	481c                	lw	a5,16(s0)
    4cf6:	0407e793          	ori	a5,a5,64
    4cfa:	c81c                	sw	a5,16(s0)
    4cfc:	c3dfc0ef          	jal	ra,1938 <FLASH_WaitForLastOperation>
    4d00:	481c                	lw	a5,16(s0)
    4d02:	89aa                	mv	s3,a0
    4d04:	9bf5                	andi	a5,a5,-3
    4d06:	c81c                	sw	a5,16(s0)
    4d08:	c0dfc0ef          	jal	ra,1914 <FLASH_Lock>
    4d0c:	800a3073          	csrc	0x800,s4
    4d10:	80092073          	csrs	0x800,s2
    4d14:	0800f7b7          	lui	a5,0x800f
    4d18:	fc9991e3          	bne	s3,s1,4cda <_Z20Flash_NVM_full_clearv+0x4c>
    4d1c:	e339e737          	lui	a4,0xe339e
    4d20:	33970713          	addi	a4,a4,825 # e339e339 <__freertos_irq_stack_top+0xc3399339>
    4d24:	080106b7          	lui	a3,0x8010
    4d28:	4390                	lw	a2,0(a5)
    4d2a:	fae618e3          	bne	a2,a4,4cda <_Z20Flash_NVM_full_clearv+0x4c>
    4d2e:	0791                	addi	a5,a5,4 # 800f004 <ch32v20x_wwdg.c.f78e58f2+0x7ff1d09>
    4d30:	fed79ce3          	bne	a5,a3,4d28 <_Z20Flash_NVM_full_clearv+0x9a>
    4d34:	f27ff0ef          	jal	ra,4c5a <_ZL25flash_runtime_cache_clearv>
    4d38:	4505                	li	a0,1
    4d3a:	b74d                	j	4cdc <_Z20Flash_NVM_full_clearv+0x4e>

00004d3c <_Z16Flash_saves_initv>:
    4d3c:	beafb2ef          	jal	t0,126 <__riscv_save_12>
    4d40:	40021737          	lui	a4,0x40021
    4d44:	4b5c                	lw	a5,20(a4)
    4d46:	715d                	addi	sp,sp,-80
    4d48:	0407e793          	ori	a5,a5,64
    4d4c:	cb5c                	sw	a5,20(a4)
    4d4e:	200024b7          	lui	s1,0x20002
    4d52:	0800f437          	lui	s0,0x800f
    4d56:	e339eb37          	lui	s6,0xe339e
    4d5a:	314c5bb7          	lui	s7,0x314c5
    4d5e:	efdff0ef          	jal	ra,4c5a <_ZL25flash_runtime_cache_clearv>
    4d62:	aa018993          	addi	s3,gp,-1376 # 20000430 <_ZL10g_fil_have>
    4d66:	a9c18913          	addi	s2,gp,-1380 # 2000042c <_ZL17g_fil_first_empty>
    4d6a:	2d048493          	addi	s1,s1,720 # 200022d0 <_ZL10g_fil_last>
    4d6e:	20040413          	addi	s0,s0,512 # 800f200 <ch32v20x_wwdg.c.f78e58f2+0x7ff1f05>
    4d72:	4c19                	li	s8,6
    4d74:	339b0b13          	addi	s6,s6,825 # e339e339 <__freertos_irq_stack_top+0xc3399339>
    4d78:	946b8b93          	addi	s7,s7,-1722 # 314c4946 <__freertos_irq_stack_top+0x114bf946>
    4d7c:	4d99                	li	s11,6
    4d7e:	4701                	li	a4,0
    4d80:	4a81                	li	s5,0
    4d82:	02800c93          	li	s9,40
    4d86:	5d7d                	li	s10,-1
    4d88:	039a8a33          	mul	s4,s5,s9
    4d8c:	9a22                	add	s4,s4,s0
    4d8e:	000a2783          	lw	a5,0(s4)
    4d92:	05678063          	beq	a5,s6,4dd2 <_Z16Flash_saves_initv+0x96>
    4d96:	03a78e63          	beq	a5,s10,4dd2 <_Z16Flash_saves_initv+0x96>
    4d9a:	03779f63          	bne	a5,s7,4dd8 <_Z16Flash_saves_initv+0x9c>
    4d9e:	02400593          	li	a1,36
    4da2:	8552                	mv	a0,s4
    4da4:	c63a                	sw	a4,12(sp)
    4da6:	e94fb0ef          	jal	ra,43a <_ZL14crc32_hw_wordsPKvm>
    4daa:	024a2783          	lw	a5,36(s4)
    4dae:	4732                	lw	a4,12(sp)
    4db0:	02f51463          	bne	a0,a5,4dd8 <_Z16Flash_saves_initv+0x9c>
    4db4:	02000613          	li	a2,32
    4db8:	004a0593          	addi	a1,s4,4
    4dbc:	1808                	addi	a0,sp,48
    4dbe:	b42fb0ef          	jal	ra,100 <memcpy>
    4dc2:	02000613          	li	a2,32
    4dc6:	180c                	addi	a1,sp,48
    4dc8:	0808                	addi	a0,sp,16
    4dca:	b36fb0ef          	jal	ra,100 <memcpy>
    4dce:	4705                	li	a4,1
    4dd0:	a021                	j	4dd8 <_Z16Flash_saves_initv+0x9c>
    4dd2:	018d9363          	bne	s11,s8,4dd8 <_Z16Flash_saves_initv+0x9c>
    4dd6:	8dd6                	mv	s11,s5
    4dd8:	0a85                	addi	s5,s5,1
    4dda:	fb8a97e3          	bne	s5,s8,4d88 <_Z16Flash_saves_initv+0x4c>
    4dde:	cb1d                	beqz	a4,4e14 <_Z16Flash_saves_initv+0xd8>
    4de0:	4785                	li	a5,1
    4de2:	02000613          	li	a2,32
    4de6:	080c                	addi	a1,sp,16
    4de8:	8526                	mv	a0,s1
    4dea:	00f98023          	sb	a5,0(s3)
    4dee:	01b90023          	sb	s11,0(s2)
    4df2:	b0efb0ef          	jal	ra,100 <memcpy>
    4df6:	0800f7b7          	lui	a5,0x800f
    4dfa:	10040413          	addi	s0,s0,256
    4dfe:	60078793          	addi	a5,a5,1536 # 800f600 <ch32v20x_wwdg.c.f78e58f2+0x7ff2305>
    4e02:	0985                	addi	s3,s3,1
    4e04:	0905                	addi	s2,s2,1
    4e06:	02048493          	addi	s1,s1,32
    4e0a:	f6f419e3          	bne	s0,a5,4d7c <_Z16Flash_saves_initv+0x40>
    4e0e:	6161                	addi	sp,sp,80
    4e10:	b52fb06f          	j	162 <__riscv_restore_12>
    4e14:	02000613          	li	a2,32
    4e18:	4581                	li	a1,0
    4e1a:	8526                	mv	a0,s1
    4e1c:	00098023          	sb	zero,0(s3)
    4e20:	00090023          	sb	zero,0(s2)
    4e24:	af2fb0ef          	jal	ra,116 <memset>
    4e28:	b7f9                	j	4df6 <_Z16Flash_saves_initv+0xba>

00004e2a <_Z25bambubus_long_package_getP25bambubus_long_packge_data>:
    4e2a:	b2cfb2ef          	jal	t0,156 <__riscv_save_0>
    4e2e:	200004b7          	lui	s1,0x20000
    4e32:	4bc48793          	addi	a5,s1,1212 # 200004bc <bus_port_to_host>
    4e36:	6705                	lui	a4,0x1
    4e38:	97ba                	add	a5,a5,a4
    4e3a:	4247a783          	lw	a5,1060(a5)
    4e3e:	e7c9                	bnez	a5,4ec8 <_Z25bambubus_long_package_getP25bambubus_long_packge_data+0x9e>
    4e40:	20001937          	lui	s2,0x20001
    4e44:	4bc90913          	addi	s2,s2,1212 # 200014bc <__global_pointer$+0xb2c>
    4e48:	40094783          	lbu	a5,1024(s2)
    4e4c:	842a                	mv	s0,a0
    4e4e:	4bc48493          	addi	s1,s1,1212
    4e52:	c789                	beqz	a5,4e5c <_Z25bambubus_long_package_getP25bambubus_long_packge_data+0x32>
    4e54:	200014b7          	lui	s1,0x20001
    4e58:	9bc48493          	addi	s1,s1,-1604 # 200009bc <__global_pointer$+0x2c>
    4e5c:	03d00793          	li	a5,61
    4e60:	a09e                	sh	a5,0(s1)
    4e62:	281c                	lbu	a5,16(s0)
    4e64:	3478                	lbu	a4,15(s0)
    4e66:	462d                	li	a2,11
    4e68:	07a2                	slli	a5,a5,0x8
    4e6a:	8fd9                	or	a5,a5,a4
    4e6c:	07bd                	addi	a5,a5,15
    4e6e:	01079713          	slli	a4,a5,0x10
    4e72:	8341                	srli	a4,a4,0x10
    4e74:	a03c                	sb	a5,2(s0)
    4e76:	00875793          	srli	a5,a4,0x8
    4e7a:	b03c                	sb	a5,3(s0)
    4e7c:	85a2                	mv	a1,s0
    4e7e:	00248513          	addi	a0,s1,2
    4e82:	a7efb0ef          	jal	ra,100 <memcpy>
    4e86:	2458                	lbu	a4,12(s0)
    4e88:	343c                	lbu	a5,11(s0)
    4e8a:	2814                	lbu	a3,16(s0)
    4e8c:	0722                	slli	a4,a4,0x8
    4e8e:	8f5d                	or	a4,a4,a5
    4e90:	345c                	lbu	a5,13(s0)
    4e92:	246c                	lbu	a1,14(s0)
    4e94:	3470                	lbu	a2,15(s0)
    4e96:	07c2                	slli	a5,a5,0x10
    4e98:	8fd9                	or	a5,a5,a4
    4e9a:	06a2                	slli	a3,a3,0x8
    4e9c:	05e2                	slli	a1,a1,0x18
    4e9e:	8ddd                	or	a1,a1,a5
    4ea0:	8e55                	or	a2,a2,a3
    4ea2:	00d48513          	addi	a0,s1,13
    4ea6:	a5afb0ef          	jal	ra,100 <memcpy>
    4eaa:	280c                	lbu	a1,16(s0)
    4eac:	347c                	lbu	a5,15(s0)
    4eae:	8526                	mv	a0,s1
    4eb0:	05a2                	slli	a1,a1,0x8
    4eb2:	8ddd                	or	a1,a1,a5
    4eb4:	05bd                	addi	a1,a1,15
    4eb6:	ac0fc0ef          	jal	ra,1176 <_Z15package_add_crcPhi>
    4eba:	281c                	lbu	a5,16(s0)
    4ebc:	3478                	lbu	a4,15(s0)
    4ebe:	07a2                	slli	a5,a5,0x8
    4ec0:	8fd9                	or	a5,a5,a4
    4ec2:	07bd                	addi	a5,a5,15
    4ec4:	42f92223          	sw	a5,1060(s2)
    4ec8:	ab2fb06f          	j	17a <__riscv_restore_0>

00004ecc <_ZL26online_detect_build_packethh.constprop.0>:
    4ecc:	a8afb2ef          	jal	t0,156 <__riscv_save_0>
    4ed0:	b41dc7b7          	lui	a5,0xb41dc
    4ed4:	20000437          	lui	s0,0x20000
    4ed8:	03d78793          	addi	a5,a5,61 # b41dc03d <__freertos_irq_stack_top+0x941d703d>
    4edc:	02f42023          	sw	a5,32(s0) # 20000020 <online_detect_res>
    4ee0:	4715                	li	a4,5
    4ee2:	02040793          	addi	a5,s0,32
    4ee6:	a3d8                	sb	a4,4(a5)
    4ee8:	80d1c703          	lbu	a4,-2035(gp) # 2000019d <_ZL24online_detect_prefix_now>
    4eec:	b3c8                	sb	a0,5(a5)
    4eee:	200005b7          	lui	a1,0x20000
    4ef2:	20000537          	lui	a0,0x20000
    4ef6:	4641                	li	a2,16
    4ef8:	0fd58593          	addi	a1,a1,253 # 200000fd <long_packge_version_serial_number+0x21>
    4efc:	02850513          	addi	a0,a0,40 # 20000028 <online_detect_res+0x8>
    4f00:	00078323          	sb	zero,6(a5)
    4f04:	b3f8                	sb	a4,7(a5)
    4f06:	9fafb0ef          	jal	ra,100 <memcpy>
    4f0a:	45f5                	li	a1,29
    4f0c:	02040513          	addi	a0,s0,32
    4f10:	a66fc0ef          	jal	ra,1176 <_Z15package_add_crcPhi>
    4f14:	a66fb06f          	j	17a <__riscv_restore_0>

00004f18 <_ZL11nvm256_readmmtPvtPtPm.constprop.0>:
    4f18:	a16fb2ef          	jal	t0,12e <__riscv_save_10>
    4f1c:	0fc52903          	lw	s2,252(a0)
    4f20:	84be                	mv	s1,a5
    4f22:	e339e7b7          	lui	a5,0xe339e
    4f26:	33978793          	addi	a5,a5,825 # e339e339 <__freertos_irq_stack_top+0xc3399339>
    4f2a:	00f91563          	bne	s2,a5,4f34 <_ZL11nvm256_readmmtPvtPtPm.constprop.0+0x1c>
    4f2e:	4501                	li	a0,0
    4f30:	a36fb06f          	j	166 <__riscv_restore_10>
    4f34:	57fd                	li	a5,-1
    4f36:	fef90ce3          	beq	s2,a5,4f2e <_ZL11nvm256_readmmtPvtPtPm.constprop.0+0x16>
    4f3a:	8b2e                	mv	s6,a1
    4f3c:	0fc00593          	li	a1,252
    4f40:	842a                	mv	s0,a0
    4f42:	8a32                	mv	s4,a2
    4f44:	8ab6                	mv	s5,a3
    4f46:	89ba                	mv	s3,a4
    4f48:	cf2fb0ef          	jal	ra,43a <_ZL14crc32_hw_wordsPKvm>
    4f4c:	fea911e3          	bne	s2,a0,4f2e <_ZL11nvm256_readmmtPvtPtPm.constprop.0+0x16>
    4f50:	401c                	lw	a5,0(s0)
    4f52:	205a                	lhu	a4,4(s0)
    4f54:	00645903          	lhu	s2,6(s0)
    4f58:	00842b83          	lw	s7,8(s0)
    4f5c:	fcfb19e3          	bne	s6,a5,4f2e <_ZL11nvm256_readmmtPvtPtPm.constprop.0+0x16>
    4f60:	4785                	li	a5,1
    4f62:	fcf716e3          	bne	a4,a5,4f2e <_ZL11nvm256_readmmtPvtPtPm.constprop.0+0x16>
    4f66:	fd2ae4e3          	bltu	s5,s2,4f2e <_ZL11nvm256_readmmtPvtPtPm.constprop.0+0x16>
    4f6a:	00090863          	beqz	s2,4f7a <_ZL11nvm256_readmmtPvtPtPm.constprop.0+0x62>
    4f6e:	864a                	mv	a2,s2
    4f70:	00c40593          	addi	a1,s0,12
    4f74:	8552                	mv	a0,s4
    4f76:	98afb0ef          	jal	ra,100 <memcpy>
    4f7a:	01299023          	sh	s2,0(s3)
    4f7e:	c099                	beqz	s1,4f84 <_ZL11nvm256_readmmtPvtPtPm.constprop.0+0x6c>
    4f80:	0174a023          	sw	s7,0(s1)
    4f84:	4505                	li	a0,1
    4f86:	b76d                	j	4f30 <_ZL11nvm256_readmmtPvtPtPm.constprop.0+0x18>

00004f88 <_ZL19Motion_control_readv>:
    4f88:	9cefb2ef          	jal	t0,156 <__riscv_save_0>
    4f8c:	1101                	addi	sp,sp,-32
    4f8e:	9adfb0ef          	jal	ra,93a <_ZL23Motion_control_defaultsv>
    4f92:	20002437          	lui	s0,0x20002
    4f96:	315455b7          	lui	a1,0x31545
    4f9a:	0800f537          	lui	a0,0x800f
    4f9e:	4781                	li	a5,0
    4fa0:	01e10713          	addi	a4,sp,30
    4fa4:	46e1                	li	a3,24
    4fa6:	d7840613          	addi	a2,s0,-648 # 20001d78 <Motion_control_data_save>
    4faa:	f4d58593          	addi	a1,a1,-179 # 31544f4d <__freertos_irq_stack_top+0x1153ff4d>
    4fae:	10050513          	addi	a0,a0,256 # 800f100 <ch32v20x_wwdg.c.f78e58f2+0x7ff1e05>
    4fb2:	00011f23          	sh	zero,30(sp)
    4fb6:	f63ff0ef          	jal	ra,4f18 <_ZL11nvm256_readmmtPvtPtPm.constprop.0>
    4fba:	e519                	bnez	a0,4fc8 <_ZL19Motion_control_readv+0x40>
    4fbc:	9adfb0ef          	jal	ra,968 <_ZL26Motion_control_apply_savedv>
    4fc0:	4501                	li	a0,0
    4fc2:	6105                	addi	sp,sp,32
    4fc4:	9b6fb06f          	j	17a <__riscv_restore_0>
    4fc8:	87bc                	lhu	a5,30(sp)
    4fca:	475d                	li	a4,23
    4fcc:	17fd                	addi	a5,a5,-1
    4fce:	07c2                	slli	a5,a5,0x10
    4fd0:	83c1                	srli	a5,a5,0x10
    4fd2:	fef765e3          	bltu	a4,a5,4fbc <_ZL19Motion_control_readv+0x34>
    4fd6:	d7840413          	addi	s0,s0,-648
    4fda:	4818                	lw	a4,16(s0)
    4fdc:	406147b7          	lui	a5,0x40614
    4fe0:	06178793          	addi	a5,a5,97 # 40614061 <__freertos_irq_stack_top+0x2060f061>
    4fe4:	00f70563          	beq	a4,a5,4fee <_ZL19Motion_control_readv+0x66>
    4fe8:	953fb0ef          	jal	ra,93a <_ZL23Motion_control_defaultsv>
    4fec:	bfc1                	j	4fbc <_ZL19Motion_control_readv+0x34>
    4fee:	c62a                	sw	a0,12(sp)
    4ff0:	979fb0ef          	jal	ra,968 <_ZL26Motion_control_apply_savedv>
    4ff4:	4532                	lw	a0,12(sp)
    4ff6:	b7f1                	j	4fc2 <_ZL19Motion_control_readv+0x3a>

00004ff8 <_ZL12nvm256_writemmtmPKvt.part.0.constprop.0>:
    4ff8:	944fb2ef          	jal	t0,13c <__riscv_save_4>
    4ffc:	7111                	addi	sp,sp,-256
    4ffe:	84aa                	mv	s1,a0
    5000:	8a2e                	mv	s4,a1
    5002:	89b2                	mv	s3,a2
    5004:	0ff00593          	li	a1,255
    5008:	0f400613          	li	a2,244
    500c:	0068                	addi	a0,sp,12
    500e:	843a                	mv	s0,a4
    5010:	8936                	mv	s2,a3
    5012:	904fb0ef          	jal	ra,116 <memset>
    5016:	4785                	li	a5,1
    5018:	8622                	mv	a2,s0
    501a:	85ca                	mv	a1,s2
    501c:	0068                	addi	a0,sp,12
    501e:	827c                	sh	a5,4(sp)
    5020:	c052                	sw	s4,0(sp)
    5022:	8360                	sh	s0,6(sp)
    5024:	c44e                	sw	s3,8(sp)
    5026:	8dafb0ef          	jal	ra,100 <memcpy>
    502a:	0fc00593          	li	a1,252
    502e:	850a                	mv	a0,sp
    5030:	c0afb0ef          	jal	ra,43a <_ZL14crc32_hw_wordsPKvm>
    5034:	dfaa                	sw	a0,252(sp)
    5036:	10000613          	li	a2,256
    503a:	858a                	mv	a1,sp
    503c:	8526                	mv	a0,s1
    503e:	7af030ef          	jal	ra,8fec <memcmp>
    5042:	c169                	beqz	a0,5104 <_ZL12nvm256_writemmtmPKvt.part.0.constprop.0+0x10c>
    5044:	80002973          	csrr	s2,0x800
    5048:	08800793          	li	a5,136
    504c:	8007b073          	csrc	0x800,a5
    5050:	45670737          	lui	a4,0x45670
    5054:	40022437          	lui	s0,0x40022
    5058:	12370713          	addi	a4,a4,291 # 45670123 <__freertos_irq_stack_top+0x2566b123>
    505c:	cdef97b7          	lui	a5,0xcdef9
    5060:	c058                	sw	a4,4(s0)
    5062:	9ab78793          	addi	a5,a5,-1621 # cdef89ab <__freertos_irq_stack_top+0xadef39ab>
    5066:	c05c                	sw	a5,4(s0)
    5068:	d058                	sw	a4,36(s0)
    506a:	d05c                	sw	a5,36(s0)
    506c:	03100793          	li	a5,49
    5070:	c45c                	sw	a5,12(s0)
    5072:	8526                	mv	a0,s1
    5074:	9c5fc0ef          	jal	ra,1a38 <FLASH_ErasePage_Fast>
    5078:	481c                	lw	a5,16(s0)
    507a:	6741                	lui	a4,0x10
    507c:	08897913          	andi	s2,s2,136
    5080:	8fd9                	or	a5,a5,a4
    5082:	c81c                	sw	a5,16(s0)
    5084:	40022737          	lui	a4,0x40022
    5088:	475c                	lw	a5,12(a4)
    508a:	8b85                	andi	a5,a5,1
    508c:	fff5                	bnez	a5,5088 <_ZL12nvm256_writemmtmPKvt.part.0.constprop.0+0x90>
    508e:	40022737          	lui	a4,0x40022
    5092:	475c                	lw	a5,12(a4)
    5094:	8b89                	andi	a5,a5,2
    5096:	fff5                	bnez	a5,5092 <_ZL12nvm256_writemmtmPKvt.part.0.constprop.0+0x9a>
    5098:	40022737          	lui	a4,0x40022
    509c:	10000613          	li	a2,256
    50a0:	00f106b3          	add	a3,sp,a5
    50a4:	428c                	lw	a1,0(a3)
    50a6:	00f486b3          	add	a3,s1,a5
    50aa:	c28c                	sw	a1,0(a3)
    50ac:	4754                	lw	a3,12(a4)
    50ae:	8a89                	andi	a3,a3,2
    50b0:	fef5                	bnez	a3,50ac <_ZL12nvm256_writemmtmPKvt.part.0.constprop.0+0xb4>
    50b2:	0791                	addi	a5,a5,4
    50b4:	fec796e3          	bne	a5,a2,50a0 <_ZL12nvm256_writemmtmPKvt.part.0.constprop.0+0xa8>
    50b8:	4b1c                	lw	a5,16(a4)
    50ba:	002006b7          	lui	a3,0x200
    50be:	8fd5                	or	a5,a5,a3
    50c0:	cb1c                	sw	a5,16(a4)
    50c2:	400227b7          	lui	a5,0x40022
    50c6:	47d8                	lw	a4,12(a5)
    50c8:	8b05                	andi	a4,a4,1
    50ca:	ff75                	bnez	a4,50c6 <_ZL12nvm256_writemmtmPKvt.part.0.constprop.0+0xce>
    50cc:	4b98                	lw	a4,16(a5)
    50ce:	76c1                	lui	a3,0xffff0
    50d0:	16fd                	addi	a3,a3,-1 # fffeffff <__freertos_irq_stack_top+0xdffeafff>
    50d2:	8f75                	and	a4,a4,a3
    50d4:	cb98                	sw	a4,16(a5)
    50d6:	4b98                	lw	a4,16(a5)
    50d8:	66a1                	lui	a3,0x8
    50da:	8f55                	or	a4,a4,a3
    50dc:	cb98                	sw	a4,16(a5)
    50de:	837fc0ef          	jal	ra,1914 <FLASH_Lock>
    50e2:	08800793          	li	a5,136
    50e6:	8007b073          	csrc	0x800,a5
    50ea:	80092073          	csrs	0x800,s2
    50ee:	10000613          	li	a2,256
    50f2:	858a                	mv	a1,sp
    50f4:	8526                	mv	a0,s1
    50f6:	6f7030ef          	jal	ra,8fec <memcmp>
    50fa:	00153513          	seqz	a0,a0
    50fe:	6111                	addi	sp,sp,256
    5100:	870fb06f          	j	170 <__riscv_restore_4>
    5104:	4505                	li	a0,1
    5106:	bfe5                	j	50fe <_ZL12nvm256_writemmtmPKvt.part.0.constprop.0+0x106>

00005108 <_ZL19Motion_control_savev>:
    5108:	834fb2ef          	jal	t0,13c <__riscv_save_4>
    510c:	20002937          	lui	s2,0x20002
    5110:	406147b7          	lui	a5,0x40614
    5114:	d7890713          	addi	a4,s2,-648 # 20001d78 <Motion_control_data_save>
    5118:	06178793          	addi	a5,a5,97 # 40614061 <__freertos_irq_stack_top+0x2060f061>
    511c:	200004b7          	lui	s1,0x20000
    5120:	d7890413          	addi	s0,s2,-648
    5124:	cb1c                	sw	a5,16(a4)
    5126:	16048493          	addi	s1,s1,352 # 20000160 <MC_DM_KEY_NONE_THRESH>
    512a:	00440993          	addi	s3,s0,4 # 40022004 <__freertos_irq_stack_top+0x2001d004>
    512e:	03c00a13          	li	s4,60
    5132:	4088                	lw	a0,0(s1)
    5134:	b48fb0ef          	jal	ra,47c <_ZL22dm_key_v_to_centi_ceilf>
    5138:	87aa                	mv	a5,a0
    513a:	01457463          	bgeu	a0,s4,5142 <_ZL19Motion_control_savev+0x3a>
    513e:	03c00793          	li	a5,60
    5142:	a85c                	sb	a5,20(s0)
    5144:	0405                	addi	s0,s0,1
    5146:	0491                	addi	s1,s1,4
    5148:	ff3415e3          	bne	s0,s3,5132 <_ZL19Motion_control_savev+0x2a>
    514c:	315455b7          	lui	a1,0x31545
    5150:	0800f537          	lui	a0,0x800f
    5154:	4761                	li	a4,24
    5156:	d7890693          	addi	a3,s2,-648
    515a:	4601                	li	a2,0
    515c:	f4d58593          	addi	a1,a1,-179 # 31544f4d <__freertos_irq_stack_top+0x1153ff4d>
    5160:	10050513          	addi	a0,a0,256 # 800f100 <ch32v20x_wwdg.c.f78e58f2+0x7ff1e05>
    5164:	e95ff0ef          	jal	ra,4ff8 <_ZL12nvm256_writemmtmPKvt.part.0.constprop.0>
    5168:	808fb06f          	j	170 <__riscv_restore_4>

0000516c <_Z24MC_PULL_calibration_bootv>:
    516c:	fbbfa2ef          	jal	t0,126 <__riscv_save_12>
    5170:	7115                	addi	sp,sp,-224
    5172:	4419                	li	s0,6
    5174:	9c4fb0ef          	jal	ra,338 <_Z12ADC_DMA_pollv>
    5178:	4551                	li	a0,20
    517a:	147d                	addi	s0,s0,-1
    517c:	85cfc0ef          	jal	ra,11d8 <delay.part.0>
    5180:	f875                	bnez	s0,5174 <_Z24MC_PULL_calibration_bootv+0x8>
    5182:	e33fc0ef          	jal	ra,1fb4 <_Z32MC_PULL_detect_channels_insertedv>
    5186:	324c45b7          	lui	a1,0x324c4
    518a:	089c                	addi	a5,sp,80
    518c:	04a10713          	addi	a4,sp,74
    5190:	03000693          	li	a3,48
    5194:	1910                	addi	a2,sp,176
    5196:	14358593          	addi	a1,a1,323 # 324c4143 <__freertos_irq_stack_top+0x124bf143>
    519a:	0800f537          	lui	a0,0x800f
    519e:	04011523          	sh	zero,74(sp)
    51a2:	c882                	sw	zero,80(sp)
    51a4:	d75ff0ef          	jal	ra,4f18 <_ZL11nvm256_readmmtPvtPtPm.constprop.0>
    51a8:	36051063          	bnez	a0,5508 <_Z24MC_PULL_calibration_bootv+0x39c>
    51ac:	ae3ff0ef          	jal	ra,4c8e <_Z20Flash_NVM_full_clearv>
    51b0:	82c1a783          	lw	a5,-2004(gp) # 200001bc <time_hw_tpms>
    51b4:	cc2a                	sw	a0,24(sp)
    51b6:	c43e                	sw	a5,8(sp)
    51b8:	e000f7b7          	lui	a5,0xe000f
    51bc:	479c                	lw	a5,8(a5)
    51be:	c902                	sw	zero,144(sp)
    51c0:	cb02                	sw	zero,148(sp)
    51c2:	c63e                	sw	a5,12(sp)
    51c4:	05a00793          	li	a5,90
    51c8:	cd02                	sw	zero,152(sp)
    51ca:	cf02                	sw	zero,156(sp)
    51cc:	d102                	sw	zero,160(sp)
    51ce:	d302                	sw	zero,164(sp)
    51d0:	d502                	sw	zero,168(sp)
    51d2:	d702                	sw	zero,172(sp)
    51d4:	d882                	sw	zero,112(sp)
    51d6:	da82                	sw	zero,116(sp)
    51d8:	dc82                	sw	zero,120(sp)
    51da:	de82                	sw	zero,124(sp)
    51dc:	c102                	sw	zero,128(sp)
    51de:	c302                	sw	zero,132(sp)
    51e0:	c502                	sw	zero,136(sp)
    51e2:	c702                	sw	zero,140(sp)
    51e4:	c23e                	sw	a5,4(sp)
    51e6:	a9018b93          	addi	s7,gp,-1392 # 20000420 <filament_channel_inserted>
    51ea:	4c05                	li	s8,1
    51ec:	4c89                	li	s9,2
    51ee:	20002a37          	lui	s4,0x20002
    51f2:	998fb0ef          	jal	ra,38a <_Z17ADC_DMA_get_valuev>
    51f6:	07010993          	addi	s3,sp,112
    51fa:	09010913          	addi	s2,sp,144
    51fe:	8b2a                	mv	s6,a0
    5200:	844a                	mv	s0,s2
    5202:	84ce                	mv	s1,s3
    5204:	4d81                	li	s11,0
    5206:	4d11                	li	s10,4
    5208:	017d8733          	add	a4,s11,s7
    520c:	2318                	lbu	a4,0(a4)
    520e:	c329                	beqz	a4,5250 <_Z24MC_PULL_calibration_bootv+0xe4>
    5210:	85da                	mv	a1,s6
    5212:	856e                	mv	a0,s11
    5214:	a4afb0ef          	jal	ra,45e <_ZL15adc_pull_raw_chiPKf>
    5218:	048060ef          	jal	ra,b260 <__extendsfdf2>
    521c:	862a                	mv	a2,a0
    521e:	86ae                	mv	a3,a1
    5220:	4008                	lw	a0,0(s0)
    5222:	404c                	lw	a1,4(s0)
    5224:	1f8040ef          	jal	ra,941c <__adddf3>
    5228:	c008                	sw	a0,0(s0)
    522a:	c04c                	sw	a1,4(s0)
    522c:	378d8f63          	beq	s11,s8,55aa <_Z24MC_PULL_calibration_bootv+0x43e>
    5230:	399d8063          	beq	s11,s9,55b0 <_Z24MC_PULL_calibration_bootv+0x444>
    5234:	380d9163          	bnez	s11,55b6 <_Z24MC_PULL_calibration_bootv+0x44a>
    5238:	01cb2503          	lw	a0,28(s6)
    523c:	024060ef          	jal	ra,b260 <__extendsfdf2>
    5240:	862a                	mv	a2,a0
    5242:	86ae                	mv	a3,a1
    5244:	4088                	lw	a0,0(s1)
    5246:	40cc                	lw	a1,4(s1)
    5248:	1d4040ef          	jal	ra,941c <__adddf3>
    524c:	c088                	sw	a0,0(s1)
    524e:	c0cc                	sw	a1,4(s1)
    5250:	0d85                	addi	s11,s11,1
    5252:	04a1                	addi	s1,s1,8
    5254:	0421                	addi	s0,s0,8
    5256:	fbad99e3          	bne	s11,s10,5208 <_Z24MC_PULL_calibration_bootv+0x9c>
    525a:	e000f7b7          	lui	a5,0xe000f
    525e:	4780                	lw	s0,8(a5)
    5260:	47b2                	lw	a5,12(sp)
    5262:	210a0493          	addi	s1,s4,528 # 20002210 <RGBOUT>
    5266:	8c1d                	sub	s0,s0,a5
    5268:	47a2                	lw	a5,8(sp)
    526a:	02f45433          	divu	s0,s0,a5
    526e:	0c800793          	li	a5,200
    5272:	02f45433          	divu	s0,s0,a5
    5276:	210a0793          	addi	a5,s4,528
    527a:	c03e                	sw	a5,0(sp)
    527c:	0c078d13          	addi	s10,a5,192 # e000f0c0 <__freertos_irq_stack_top+0xc000a0c0>
    5280:	fff44413          	not	s0,s0
    5284:	8805                	andi	s0,s0,1
    5286:	0412                	slli	s0,s0,0x4
    5288:	8526                	mv	a0,s1
    528a:	4681                	li	a3,0
    528c:	8622                	mv	a2,s0
    528e:	85a2                	mv	a1,s0
    5290:	03048493          	addi	s1,s1,48
    5294:	9cefd0ef          	jal	ra,2462 <_ZN12WS2812_class14set_RGB_onlineEhhhhb.constprop.0>
    5298:	ffa498e3          	bne	s1,s10,5288 <_Z24MC_PULL_calibration_bootv+0x11c>
    529c:	df0fc0ef          	jal	ra,188c <_Z10RGB_updatev>
    52a0:	453d                	li	a0,15
    52a2:	f37fb0ef          	jal	ra,11d8 <delay.part.0>
    52a6:	4792                	lw	a5,4(sp)
    52a8:	17fd                	addi	a5,a5,-1
    52aa:	c23e                	sw	a5,4(sp)
    52ac:	f3b9                	bnez	a5,51f2 <_Z24MC_PULL_calibration_bootv+0x86>
    52ae:	6a2d                	lui	s4,0xb
    52b0:	4641                	li	a2,16
    52b2:	4dca0593          	addi	a1,s4,1244 # b4dc <__clzsi2+0x6a>
    52b6:	1088                	addi	a0,sp,96
    52b8:	e49fa0ef          	jal	ra,100 <memcpy>
    52bc:	8381a403          	lw	s0,-1992(gp) # 200001c8 <_ZL7g_scale+0x8>
    52c0:	83c1a483          	lw	s1,-1988(gp) # 200001cc <_ZL7g_scale+0xc>
    52c4:	06010b93          	addi	s7,sp,96
    52c8:	4b01                	li	s6,0
    52ca:	4c11                	li	s8,4
    52cc:	a9018793          	addi	a5,gp,-1392 # 20000420 <filament_channel_inserted>
    52d0:	97da                	add	a5,a5,s6
    52d2:	239c                	lbu	a5,0(a5)
    52d4:	cf89                	beqz	a5,52ee <_Z24MC_PULL_calibration_bootv+0x182>
    52d6:	00092503          	lw	a0,0(s2)
    52da:	00492583          	lw	a1,4(s2)
    52de:	8622                	mv	a2,s0
    52e0:	86a6                	mv	a3,s1
    52e2:	023040ef          	jal	ra,9b04 <__divdf3>
    52e6:	020060ef          	jal	ra,b306 <__truncdfsf2>
    52ea:	00aba023          	sw	a0,0(s7)
    52ee:	0b05                	addi	s6,s6,1
    52f0:	0921                	addi	s2,s2,8
    52f2:	0b91                	addi	s7,s7,4
    52f4:	fd8b1ce3          	bne	s6,s8,52cc <_Z24MC_PULL_calibration_bootv+0x160>
    52f8:	20002737          	lui	a4,0x20002
    52fc:	a9018913          	addi	s2,gp,-1392 # 20000420 <filament_channel_inserted>
    5300:	20070793          	addi	a5,a4,512 # 20002200 <MC_PULL_V_OFFSET>
    5304:	d03e                	sw	a5,32(sp)
    5306:	82418693          	addi	a3,gp,-2012 # 200001b4 <MC_PULL_POLARITY>
    530a:	82418413          	addi	s0,gp,-2012 # 200001b4 <MC_PULL_POLARITY>
    530e:	82418793          	addi	a5,gp,-2012 # 200001b4 <MC_PULL_POLARITY>
    5312:	d83e                	sw	a5,48(sp)
    5314:	87c1a783          	lw	a5,-1924(gp) # 2000020c <_ZL7g_scale+0x4c>
    5318:	a9018b93          	addi	s7,gp,-1392 # 20000420 <filament_channel_inserted>
    531c:	ce36                	sw	a3,28(sp)
    531e:	c63e                	sw	a5,12(sp)
    5320:	83c1a803          	lw	a6,-1988(gp) # 200001cc <_ZL7g_scale+0xc>
    5324:	8381a783          	lw	a5,-1992(gp) # 200001c8 <_ZL7g_scale+0x8>
    5328:	4b01                	li	s6,0
    532a:	20070493          	addi	s1,a4,512
    532e:	c83e                	sw	a5,16(sp)
    5330:	8a01a783          	lw	a5,-1888(gp) # 20000230 <_ZL7g_scale+0x70>
    5334:	4a85                	li	s5,1
    5336:	ca42                	sw	a6,20(sp)
    5338:	d23e                	sw	a5,36(sp)
    533a:	9a41ad83          	lw	s11,-1628(gp) # 20000334 <_ZL7g_scale+0x174>
    533e:	200007b7          	lui	a5,0x20000
    5342:	08b00c13          	li	s8,139
    5346:	03c00c93          	li	s9,60
    534a:	16078d13          	addi	s10,a5,352 # 20000160 <MC_DM_KEY_NONE_THRESH>
    534e:	000bc783          	lbu	a5,0(s7)
    5352:	26079563          	bnez	a5,55bc <_Z24MC_PULL_calibration_bootv+0x450>
    5356:	00000793          	li	a5,0
    535a:	c09c                	sw	a5,0(s1)
    535c:	01540023          	sb	s5,0(s0)
    5360:	856e                	mv	a0,s11
    5362:	01ab07b3          	add	a5,s6,s10
    5366:	c388                	sw	a0,0(a5)
    5368:	0b11                	addi	s6,s6,4
    536a:	47c1                	li	a5,16
    536c:	0b85                	addi	s7,s7,1
    536e:	0491                	addi	s1,s1,4
    5370:	0405                	addi	s0,s0,1
    5372:	09a1                	addi	s3,s3,8
    5374:	fcfb1de3          	bne	s6,a5,534e <_Z24MC_PULL_calibration_bootv+0x1e2>
    5378:	4641                	li	a2,16
    537a:	4dca0593          	addi	a1,s4,1244
    537e:	0888                	addi	a0,sp,80
    5380:	d81fa0ef          	jal	ra,100 <memcpy>
    5384:	4401                	li	s0,0
    5386:	44c1                	li	s1,16
    5388:	00094783          	lbu	a5,0(s2)
    538c:	c38d                	beqz	a5,53ae <_Z24MC_PULL_calibration_bootv+0x242>
    538e:	089c                	addi	a5,sp,80
    5390:	008789b3          	add	s3,a5,s0
    5394:	200027b7          	lui	a5,0x20002
    5398:	20078793          	addi	a5,a5,512 # 20002200 <MC_PULL_V_OFFSET>
    539c:	97a2                	add	a5,a5,s0
    539e:	438c                	lw	a1,0(a5)
    53a0:	109c                	addi	a5,sp,96
    53a2:	97a2                	add	a5,a5,s0
    53a4:	4388                	lw	a0,0(a5)
    53a6:	50d040ef          	jal	ra,a0b2 <__addsf3>
    53aa:	00a9a023          	sw	a0,0(s3)
    53ae:	0411                	addi	s0,s0,4
    53b0:	0905                	addi	s2,s2,1
    53b2:	fc941be3          	bne	s0,s1,5388 <_Z24MC_PULL_calibration_bootv+0x21c>
    53b6:	03c00713          	li	a4,60
    53ba:	03c00693          	li	a3,60
    53be:	460d                	li	a2,3
    53c0:	45c1                	li	a1,16
    53c2:	4541                	li	a0,16
    53c4:	fc4ff0ef          	jal	ra,4b88 <_ZL9blink_allhhhiii.constprop.0>
    53c8:	4722                	lw	a4,8(sp)
    53ca:	679d                	lui	a5,0x7
    53cc:	53078793          	addi	a5,a5,1328 # 7530 <main+0xfc2>
    53d0:	02f707b3          	mul	a5,a4,a5
    53d4:	4a01                	li	s4,0
    53d6:	d23e                	sw	a5,36(sp)
    53d8:	0c800793          	li	a5,200
    53dc:	02f707b3          	mul	a5,a4,a5
    53e0:	d43e                	sw	a5,40(sp)
    53e2:	200007b7          	lui	a5,0x20000
    53e6:	18078d93          	addi	s11,a5,384 # 20000180 <MC_PULL_V_MIN>
    53ea:	200007b7          	lui	a5,0x20000
    53ee:	17078793          	addi	a5,a5,368 # 20000170 <MC_PULL_V_MAX>
    53f2:	c83e                	sw	a5,16(sp)
    53f4:	86c1a783          	lw	a5,-1940(gp) # 200001fc <_ZL7g_scale+0x3c>
    53f8:	dc3e                	sw	a5,56(sp)
    53fa:	a9018793          	addi	a5,gp,-1392 # 20000420 <filament_channel_inserted>
    53fe:	97d2                	add	a5,a5,s4
    5400:	239c                	lbu	a5,0(a5)
    5402:	c63e                	sw	a5,12(sp)
    5404:	20079763          	bnez	a5,5612 <_Z24MC_PULL_calibration_bootv+0x4a6>
    5408:	57e2                	lw	a5,56(sp)
    540a:	4742                	lw	a4,16(sp)
    540c:	00fda023          	sw	a5,0(s11)
    5410:	8681a783          	lw	a5,-1944(gp) # 200001f8 <_ZL7g_scale+0x38>
    5414:	c31c                	sw	a5,0(a4)
    5416:	4772                	lw	a4,28(sp)
    5418:	4785                	li	a5,1
    541a:	a31c                	sb	a5,0(a4)
    541c:	47c2                	lw	a5,16(sp)
    541e:	0a05                	addi	s4,s4,1
    5420:	0d91                	addi	s11,s11,4
    5422:	0791                	addi	a5,a5,4
    5424:	c83e                	sw	a5,16(sp)
    5426:	47f2                	lw	a5,28(sp)
    5428:	0785                	addi	a5,a5,1
    542a:	ce3e                	sw	a5,28(sp)
    542c:	4782                	lw	a5,0(sp)
    542e:	03078793          	addi	a5,a5,48
    5432:	c03e                	sw	a5,0(sp)
    5434:	5782                	lw	a5,32(sp)
    5436:	0791                	addi	a5,a5,4
    5438:	d03e                	sw	a5,32(sp)
    543a:	4791                	li	a5,4
    543c:	fafa1fe3          	bne	s4,a5,53fa <_Z24MC_PULL_calibration_bootv+0x28e>
    5440:	200027b7          	lui	a5,0x20002
    5444:	20078593          	addi	a1,a5,512 # 20002200 <MC_PULL_V_OFFSET>
    5448:	4641                	li	a2,16
    544a:	1908                	addi	a0,sp,176
    544c:	cb5fa0ef          	jal	ra,100 <memcpy>
    5450:	200005b7          	lui	a1,0x20000
    5454:	4641                	li	a2,16
    5456:	18058593          	addi	a1,a1,384 # 20000180 <MC_PULL_V_MIN>
    545a:	0188                	addi	a0,sp,192
    545c:	ca5fa0ef          	jal	ra,100 <memcpy>
    5460:	200005b7          	lui	a1,0x20000
    5464:	4641                	li	a2,16
    5466:	17058593          	addi	a1,a1,368 # 20000170 <MC_PULL_V_MAX>
    546a:	0988                	addi	a0,sp,208
    546c:	c95fa0ef          	jal	ra,100 <memcpy>
    5470:	4781                	li	a5,0
    5472:	4685                	li	a3,1
    5474:	4711                	li	a4,4
    5476:	5642                	lw	a2,48(sp)
    5478:	963e                	add	a2,a2,a5
    547a:	00060603          	lb	a2,0(a2)
    547e:	00065763          	bgez	a2,548c <_Z24MC_PULL_calibration_bootv+0x320>
    5482:	4592                	lw	a1,4(sp)
    5484:	00f69633          	sll	a2,a3,a5
    5488:	8e4d                	or	a2,a2,a1
    548a:	c232                	sw	a2,4(sp)
    548c:	0785                	addi	a5,a5,1
    548e:	fee794e3          	bne	a5,a4,5476 <_Z24MC_PULL_calibration_bootv+0x30a>
    5492:	4612                	lw	a2,4(sp)
    5494:	324c45b7          	lui	a1,0x324c4
    5498:	03000713          	li	a4,48
    549c:	1914                	addi	a3,sp,176
    549e:	14358593          	addi	a1,a1,323 # 324c4143 <__freertos_irq_stack_top+0x124bf143>
    54a2:	0800f537          	lui	a0,0x800f
    54a6:	b53ff0ef          	jal	ra,4ff8 <_ZL12nvm256_writemmtmPKvt.part.0.constprop.0>
    54aa:	00cd2403          	lw	s0,12(s10)
    54ae:	000d2a03          	lw	s4,0(s10)
    54b2:	004d2983          	lw	s3,4(s10)
    54b6:	008d2903          	lw	s2,8(s10)
    54ba:	84aa                	mv	s1,a0
    54bc:	acdff0ef          	jal	ra,4f88 <_ZL19Motion_control_readv>
    54c0:	008d2623          	sw	s0,12(s10)
    54c4:	014d2023          	sw	s4,0(s10)
    54c8:	013d2223          	sw	s3,4(s10)
    54cc:	012d2423          	sw	s2,8(s10)
    54d0:	c39ff0ef          	jal	ra,5108 <_ZL19Motion_control_savev>
    54d4:	47e2                	lw	a5,24(sp)
    54d6:	842a                	mv	s0,a0
    54d8:	48078063          	beqz	a5,5958 <_Z24MC_PULL_calibration_bootv+0x7ec>
    54dc:	0b400713          	li	a4,180
    54e0:	16800693          	li	a3,360
    54e4:	4641                	li	a2,16
    54e6:	45c1                	li	a1,16
    54e8:	4501                	li	a0,0
    54ea:	42049163          	bnez	s1,590c <_Z24MC_PULL_calibration_bootv+0x7a0>
    54ee:	f99fc0ef          	jal	ra,2486 <_ZL14show_diag_stephhhii>
    54f2:	0dc00713          	li	a4,220
    54f6:	1cc00693          	li	a3,460
    54fa:	4641                	li	a2,16
    54fc:	4581                	li	a1,0
    54fe:	4541                	li	a0,16
    5500:	f87fc0ef          	jal	ra,2486 <_ZL14show_diag_stephhhii>
    5504:	cc02                	sw	zero,24(sp)
    5506:	a939                	j	5924 <_Z24MC_PULL_calibration_bootv+0x7b8>
    5508:	04a15703          	lhu	a4,74(sp)
    550c:	03000793          	li	a5,48
    5510:	c8f71ee3          	bne	a4,a5,51ac <_Z24MC_PULL_calibration_bootv+0x40>
    5514:	4641                	li	a2,16
    5516:	190c                	addi	a1,sp,176
    5518:	0908                	addi	a0,sp,144
    551a:	be7fa0ef          	jal	ra,100 <memcpy>
    551e:	4641                	li	a2,16
    5520:	018c                	addi	a1,sp,192
    5522:	1888                	addi	a0,sp,112
    5524:	bddfa0ef          	jal	ra,100 <memcpy>
    5528:	4641                	li	a2,16
    552a:	098c                	addi	a1,sp,208
    552c:	1088                	addi	a0,sp,96
    552e:	bd3fa0ef          	jal	ra,100 <memcpy>
    5532:	4646                	lw	a2,80(sp)
    5534:	4585                	li	a1,1
    5536:	4691                	li	a3,4
    5538:	008597b3          	sll	a5,a1,s0
    553c:	8ff1                	and	a5,a5,a2
    553e:	4705                	li	a4,1
    5540:	c391                	beqz	a5,5544 <_Z24MC_PULL_calibration_bootv+0x3d8>
    5542:	577d                	li	a4,-1
    5544:	00fc                	addi	a5,sp,76
    5546:	97a2                	add	a5,a5,s0
    5548:	a398                	sb	a4,0(a5)
    554a:	0405                	addi	s0,s0,1
    554c:	fed416e3          	bne	s0,a3,5538 <_Z24MC_PULL_calibration_bootv+0x3cc>
    5550:	20002537          	lui	a0,0x20002
    5554:	4641                	li	a2,16
    5556:	090c                	addi	a1,sp,144
    5558:	20050513          	addi	a0,a0,512 # 20002200 <MC_PULL_V_OFFSET>
    555c:	ba5fa0ef          	jal	ra,100 <memcpy>
    5560:	20000537          	lui	a0,0x20000
    5564:	4641                	li	a2,16
    5566:	188c                	addi	a1,sp,112
    5568:	18050513          	addi	a0,a0,384 # 20000180 <MC_PULL_V_MIN>
    556c:	b95fa0ef          	jal	ra,100 <memcpy>
    5570:	20000537          	lui	a0,0x20000
    5574:	4641                	li	a2,16
    5576:	108c                	addi	a1,sp,96
    5578:	17050513          	addi	a0,a0,368 # 20000170 <MC_PULL_V_MAX>
    557c:	b85fa0ef          	jal	ra,100 <memcpy>
    5580:	4781                	li	a5,0
    5582:	82418713          	addi	a4,gp,-2012 # 200001b4 <MC_PULL_POLARITY>
    5586:	4611                	li	a2,4
    5588:	00f4                	addi	a3,sp,76
    558a:	96be                	add	a3,a3,a5
    558c:	00068583          	lb	a1,0(a3) # 8000 <main+0x1a92>
    5590:	4685                	li	a3,1
    5592:	0005d363          	bgez	a1,5598 <_Z24MC_PULL_calibration_bootv+0x42c>
    5596:	56fd                	li	a3,-1
    5598:	00f705b3          	add	a1,a4,a5
    559c:	a194                	sb	a3,0(a1)
    559e:	0785                	addi	a5,a5,1
    55a0:	fec794e3          	bne	a5,a2,5588 <_Z24MC_PULL_calibration_bootv+0x41c>
    55a4:	612d                	addi	sp,sp,224
    55a6:	bbdfa06f          	j	162 <__riscv_restore_12>
    55aa:	014b2503          	lw	a0,20(s6)
    55ae:	b179                	j	523c <_Z24MC_PULL_calibration_bootv+0xd0>
    55b0:	00cb2503          	lw	a0,12(s6)
    55b4:	b161                	j	523c <_Z24MC_PULL_calibration_bootv+0xd0>
    55b6:	004b2503          	lw	a0,4(s6)
    55ba:	b149                	j	523c <_Z24MC_PULL_calibration_bootv+0xd0>
    55bc:	109c                	addi	a5,sp,96
    55be:	97da                	add	a5,a5,s6
    55c0:	438c                	lw	a1,0(a5)
    55c2:	4532                	lw	a0,12(sp)
    55c4:	5a8050ef          	jal	ra,ab6c <__subsf3>
    55c8:	4642                	lw	a2,16(sp)
    55ca:	46d2                	lw	a3,20(sp)
    55cc:	c088                	sw	a0,0(s1)
    55ce:	0049a583          	lw	a1,4(s3)
    55d2:	0009a503          	lw	a0,0(s3)
    55d6:	01540023          	sb	s5,0(s0)
    55da:	52a040ef          	jal	ra,9b04 <__divdf3>
    55de:	529050ef          	jal	ra,b306 <__truncdfsf2>
    55e2:	e9bfa0ef          	jal	ra,47c <_ZL22dm_key_v_to_centi_ceilf>
    55e6:	00a50793          	addi	a5,a0,10
    55ea:	0ff7f513          	zext.b	a0,a5
    55ee:	0ff7f793          	zext.b	a5,a5
    55f2:	00fc7463          	bgeu	s8,a5,55fa <_Z24MC_PULL_calibration_bootv+0x48e>
    55f6:	08b00513          	li	a0,139
    55fa:	0ff57793          	zext.b	a5,a0
    55fe:	0197f463          	bgeu	a5,s9,5606 <_Z24MC_PULL_calibration_bootv+0x49a>
    5602:	03c00513          	li	a0,60
    5606:	271050ef          	jal	ra,b076 <__floatunsisf>
    560a:	5592                	lw	a1,36(sp)
    560c:	284050ef          	jal	ra,a890 <__mulsf3>
    5610:	bb89                	j	5362 <_Z24MC_PULL_calibration_bootv+0x1f6>
    5612:	002a1793          	slli	a5,s4,0x2
    5616:	0898                	addi	a4,sp,80
    5618:	97ba                	add	a5,a5,a4
    561a:	4380                	lw	s0,0(a5)
    561c:	e000f7b7          	lui	a5,0xe000f
    5620:	479c                	lw	a5,8(a5)
    5622:	80000c37          	lui	s8,0x80000
    5626:	4b81                	li	s7,0
    5628:	d63e                	sw	a5,44(sp)
    562a:	8922                	mv	s2,s0
    562c:	89a2                	mv	s3,s0
    562e:	4c81                	li	s9,0
    5630:	1c7d                	addi	s8,s8,-1 # 7fffffff <__freertos_irq_stack_top+0x5fffafff>
    5632:	e000f7b7          	lui	a5,0xe000f
    5636:	0087aa83          	lw	s5,8(a5) # e000f008 <__freertos_irq_stack_top+0xc000a008>
    563a:	57b2                	lw	a5,44(sp)
    563c:	5712                	lw	a4,36(sp)
    563e:	40fa87b3          	sub	a5,s5,a5
    5642:	da3e                	sw	a5,52(sp)
    5644:	18e7f263          	bgeu	a5,a4,57c8 <_Z24MC_PULL_calibration_bootv+0x65c>
    5648:	d43fa0ef          	jal	ra,38a <_Z17ADC_DMA_get_valuev>
    564c:	85aa                	mv	a1,a0
    564e:	8552                	mv	a0,s4
    5650:	e0ffa0ef          	jal	ra,45e <_ZL15adc_pull_raw_chiPKf>
    5654:	5782                	lw	a5,32(sp)
    5656:	438c                	lw	a1,0(a5)
    5658:	25b040ef          	jal	ra,a0b2 <__addsf3>
    565c:	4722                	lw	a4,8(sp)
    565e:	57d2                	lw	a5,52(sp)
    5660:	84aa                	mv	s1,a0
    5662:	46c1                	li	a3,16
    5664:	02e7d7b3          	divu	a5,a5,a4
    5668:	0c800713          	li	a4,200
    566c:	02e7d7b3          	divu	a5,a5,a4
    5670:	8b85                	andi	a5,a5,1
    5672:	c391                	beqz	a5,5676 <_Z24MC_PULL_calibration_bootv+0x50a>
    5674:	4681                	li	a3,0
    5676:	4502                	lw	a0,0(sp)
    5678:	4601                	li	a2,0
    567a:	4581                	li	a1,0
    567c:	de7fc0ef          	jal	ra,2462 <_ZN12WS2812_class14set_RGB_onlineEhhhhb.constprop.0>
    5680:	a0cfc0ef          	jal	ra,188c <_Z10RGB_updatev>
    5684:	020c9263          	bnez	s9,56a8 <_Z24MC_PULL_calibration_bootv+0x53c>
    5688:	85a2                	mv	a1,s0
    568a:	8526                	mv	a0,s1
    568c:	4e0050ef          	jal	ra,ab6c <__subsf3>
    5690:	8781a583          	lw	a1,-1928(gp) # 20000208 <_ZL7g_scale+0x48>
    5694:	00ac7533          	and	a0,s8,a0
    5698:	0ca050ef          	jal	ra,a762 <__gesf2>
    569c:	12055063          	bgez	a0,57bc <_Z24MC_PULL_calibration_bootv+0x650>
    56a0:	453d                	li	a0,15
    56a2:	b37fb0ef          	jal	ra,11d8 <delay.part.0>
    56a6:	b771                	j	5632 <_Z24MC_PULL_calibration_bootv+0x4c6>
    56a8:	85a6                	mv	a1,s1
    56aa:	854e                	mv	a0,s3
    56ac:	0b6050ef          	jal	ra,a762 <__gesf2>
    56b0:	00a05363          	blez	a0,56b6 <_Z24MC_PULL_calibration_bootv+0x54a>
    56b4:	89a6                	mv	s3,s1
    56b6:	85a6                	mv	a1,s1
    56b8:	854a                	mv	a0,s2
    56ba:	13e050ef          	jal	ra,a7f8 <__lesf2>
    56be:	00055363          	bgez	a0,56c4 <_Z24MC_PULL_calibration_bootv+0x558>
    56c2:	8926                	mv	s2,s1
    56c4:	85a2                	mv	a1,s0
    56c6:	8526                	mv	a0,s1
    56c8:	4a4050ef          	jal	ra,ab6c <__subsf3>
    56cc:	9a81a583          	lw	a1,-1624(gp) # 20000338 <_ZL7g_scale+0x178>
    56d0:	00ac7533          	and	a0,s8,a0
    56d4:	124050ef          	jal	ra,a7f8 <__lesf2>
    56d8:	0ea04663          	bgtz	a0,57c4 <_Z24MC_PULL_calibration_bootv+0x658>
    56dc:	000b9363          	bnez	s7,56e2 <_Z24MC_PULL_calibration_bootv+0x576>
    56e0:	8bd6                	mv	s7,s5
    56e2:	57a2                	lw	a5,40(sp)
    56e4:	417a8ab3          	sub	s5,s5,s7
    56e8:	fafaece3          	bltu	s5,a5,56a0 <_Z24MC_PULL_calibration_bootv+0x534>
    56ec:	85ce                	mv	a1,s3
    56ee:	8522                	mv	a0,s0
    56f0:	47c050ef          	jal	ra,ab6c <__subsf3>
    56f4:	84aa                	mv	s1,a0
    56f6:	85a2                	mv	a1,s0
    56f8:	854a                	mv	a0,s2
    56fa:	472050ef          	jal	ra,ab6c <__subsf3>
    56fe:	85aa                	mv	a1,a0
    5700:	8526                	mv	a0,s1
    5702:	0f6050ef          	jal	ra,a7f8 <__lesf2>
    5706:	4a85                	li	s5,1
    5708:	00055963          	bgez	a0,571a <_Z24MC_PULL_calibration_bootv+0x5ae>
    570c:	8841a503          	lw	a0,-1916(gp) # 20000214 <_ZL7g_scale+0x54>
    5710:	85ca                	mv	a1,s2
    5712:	5afd                	li	s5,-1
    5714:	458050ef          	jal	ra,ab6c <__subsf3>
    5718:	89aa                	mv	s3,a0
    571a:	4502                	lw	a0,0(sp)
    571c:	4681                	li	a3,0
    571e:	4601                	li	a2,0
    5720:	4581                	li	a1,0
    5722:	d41fc0ef          	jal	ra,2462 <_ZN12WS2812_class14set_RGB_onlineEhhhhb.constprop.0>
    5726:	966fc0ef          	jal	ra,188c <_Z10RGB_updatev>
    572a:	8552                	mv	a0,s4
    572c:	cc2ff0ef          	jal	ra,4bee <_ZL9blink_oneihhhiii.constprop.0>
    5730:	e000f7b7          	lui	a5,0xe000f
    5734:	479c                	lw	a5,8(a5)
    5736:	4c01                	li	s8,0
    5738:	84a2                	mv	s1,s0
    573a:	d63e                	sw	a5,44(sp)
    573c:	800007b7          	lui	a5,0x80000
    5740:	17fd                	addi	a5,a5,-1 # 7fffffff <__freertos_irq_stack_top+0x5fffafff>
    5742:	4c81                	li	s9,0
    5744:	da3e                	sw	a5,52(sp)
    5746:	e000f7b7          	lui	a5,0xe000f
    574a:	0087ab83          	lw	s7,8(a5) # e000f008 <__freertos_irq_stack_top+0xc000a008>
    574e:	57b2                	lw	a5,44(sp)
    5750:	5712                	lw	a4,36(sp)
    5752:	40fb87b3          	sub	a5,s7,a5
    5756:	de3e                	sw	a5,60(sp)
    5758:	1ae7f063          	bgeu	a5,a4,58f8 <_Z24MC_PULL_calibration_bootv+0x78c>
    575c:	c2ffa0ef          	jal	ra,38a <_Z17ADC_DMA_get_valuev>
    5760:	85aa                	mv	a1,a0
    5762:	8552                	mv	a0,s4
    5764:	cfbfa0ef          	jal	ra,45e <_ZL15adc_pull_raw_chiPKf>
    5768:	5782                	lw	a5,32(sp)
    576a:	438c                	lw	a1,0(a5)
    576c:	147040ef          	jal	ra,a0b2 <__addsf3>
    5770:	4722                	lw	a4,8(sp)
    5772:	57f2                	lw	a5,60(sp)
    5774:	892a                	mv	s2,a0
    5776:	4681                	li	a3,0
    5778:	02e7d7b3          	divu	a5,a5,a4
    577c:	0c800713          	li	a4,200
    5780:	4601                	li	a2,0
    5782:	45c1                	li	a1,16
    5784:	02e7d7b3          	divu	a5,a5,a4
    5788:	8b85                	andi	a5,a5,1
    578a:	c391                	beqz	a5,578e <_Z24MC_PULL_calibration_bootv+0x622>
    578c:	4581                	li	a1,0
    578e:	4502                	lw	a0,0(sp)
    5790:	cd3fc0ef          	jal	ra,2462 <_ZN12WS2812_class14set_RGB_onlineEhhhhb.constprop.0>
    5794:	8f8fc0ef          	jal	ra,188c <_Z10RGB_updatev>
    5798:	57fd                	li	a5,-1
    579a:	060c9063          	bnez	s9,57fa <_Z24MC_PULL_calibration_bootv+0x68e>
    579e:	04fa9063          	bne	s5,a5,57de <_Z24MC_PULL_calibration_bootv+0x672>
    57a2:	8781a583          	lw	a1,-1928(gp) # 20000208 <_ZL7g_scale+0x48>
    57a6:	8522                	mv	a0,s0
    57a8:	3c4050ef          	jal	ra,ab6c <__subsf3>
    57ac:	85ca                	mv	a1,s2
    57ae:	7b5040ef          	jal	ra,a762 <__gesf2>
    57b2:	04a05063          	blez	a0,57f2 <_Z24MC_PULL_calibration_bootv+0x686>
    57b6:	4cb2                	lw	s9,12(sp)
    57b8:	84ca                	mv	s1,s2
    57ba:	a825                	j	57f2 <_Z24MC_PULL_calibration_bootv+0x686>
    57bc:	4cb2                	lw	s9,12(sp)
    57be:	8926                	mv	s2,s1
    57c0:	89a6                	mv	s3,s1
    57c2:	bdf9                	j	56a0 <_Z24MC_PULL_calibration_bootv+0x534>
    57c4:	4b81                	li	s7,0
    57c6:	bde9                	j	56a0 <_Z24MC_PULL_calibration_bootv+0x534>
    57c8:	4502                	lw	a0,0(sp)
    57ca:	4681                	li	a3,0
    57cc:	4601                	li	a2,0
    57ce:	4581                	li	a1,0
    57d0:	c93fc0ef          	jal	ra,2462 <_ZN12WS2812_class14set_RGB_onlineEhhhhb.constprop.0>
    57d4:	89a2                	mv	s3,s0
    57d6:	8b6fc0ef          	jal	ra,188c <_Z10RGB_updatev>
    57da:	4a85                	li	s5,1
    57dc:	bf91                	j	5730 <_Z24MC_PULL_calibration_bootv+0x5c4>
    57de:	8781a583          	lw	a1,-1928(gp) # 20000208 <_ZL7g_scale+0x48>
    57e2:	8522                	mv	a0,s0
    57e4:	0cf040ef          	jal	ra,a0b2 <__addsf3>
    57e8:	85ca                	mv	a1,s2
    57ea:	00e050ef          	jal	ra,a7f8 <__lesf2>
    57ee:	fc0544e3          	bltz	a0,57b6 <_Z24MC_PULL_calibration_bootv+0x64a>
    57f2:	453d                	li	a0,15
    57f4:	9e5fb0ef          	jal	ra,11d8 <delay.part.0>
    57f8:	b7b9                	j	5746 <_Z24MC_PULL_calibration_bootv+0x5da>
    57fa:	85ca                	mv	a1,s2
    57fc:	8526                	mv	a0,s1
    57fe:	00fa9863          	bne	s5,a5,580e <_Z24MC_PULL_calibration_bootv+0x6a2>
    5802:	761040ef          	jal	ra,a762 <__gesf2>
    5806:	00a05863          	blez	a0,5816 <_Z24MC_PULL_calibration_bootv+0x6aa>
    580a:	84ca                	mv	s1,s2
    580c:	a029                	j	5816 <_Z24MC_PULL_calibration_bootv+0x6aa>
    580e:	7eb040ef          	jal	ra,a7f8 <__lesf2>
    5812:	fe054ce3          	bltz	a0,580a <_Z24MC_PULL_calibration_bootv+0x69e>
    5816:	85a2                	mv	a1,s0
    5818:	854a                	mv	a0,s2
    581a:	352050ef          	jal	ra,ab6c <__subsf3>
    581e:	9a81a583          	lw	a1,-1624(gp) # 20000338 <_ZL7g_scale+0x178>
    5822:	57d2                	lw	a5,52(sp)
    5824:	8d7d                	and	a0,a0,a5
    5826:	7d3040ef          	jal	ra,a7f8 <__lesf2>
    582a:	0ca04563          	bgtz	a0,58f4 <_Z24MC_PULL_calibration_bootv+0x788>
    582e:	000c1363          	bnez	s8,5834 <_Z24MC_PULL_calibration_bootv+0x6c8>
    5832:	8c5e                	mv	s8,s7
    5834:	57a2                	lw	a5,40(sp)
    5836:	418b8bb3          	sub	s7,s7,s8
    583a:	fafbece3          	bltu	s7,a5,57f2 <_Z24MC_PULL_calibration_bootv+0x686>
    583e:	57fd                	li	a5,-1
    5840:	00fa9863          	bne	s5,a5,5850 <_Z24MC_PULL_calibration_bootv+0x6e4>
    5844:	8841a503          	lw	a0,-1916(gp) # 20000214 <_ZL7g_scale+0x54>
    5848:	85a6                	mv	a1,s1
    584a:	322050ef          	jal	ra,ab6c <__subsf3>
    584e:	84aa                	mv	s1,a0
    5850:	4502                	lw	a0,0(sp)
    5852:	4681                	li	a3,0
    5854:	4601                	li	a2,0
    5856:	4581                	li	a1,0
    5858:	c0bfc0ef          	jal	ra,2462 <_ZN12WS2812_class14set_RGB_onlineEhhhhb.constprop.0>
    585c:	830fc0ef          	jal	ra,188c <_Z10RGB_updatev>
    5860:	8552                	mv	a0,s4
    5862:	b8cff0ef          	jal	ra,4bee <_ZL9blink_oneihhhiii.constprop.0>
    5866:	8701a583          	lw	a1,-1936(gp) # 20000200 <_ZL7g_scale+0x40>
    586a:	8522                	mv	a0,s0
    586c:	300050ef          	jal	ra,ab6c <__subsf3>
    5870:	85ce                	mv	a1,s3
    5872:	892a                	mv	s2,a0
    5874:	785040ef          	jal	ra,a7f8 <__lesf2>
    5878:	00054363          	bltz	a0,587e <_Z24MC_PULL_calibration_bootv+0x712>
    587c:	894e                	mv	s2,s3
    587e:	8701a583          	lw	a1,-1936(gp) # 20000200 <_ZL7g_scale+0x40>
    5882:	8522                	mv	a0,s0
    5884:	02f040ef          	jal	ra,a0b2 <__addsf3>
    5888:	85a6                	mv	a1,s1
    588a:	89aa                	mv	s3,a0
    588c:	6d7040ef          	jal	ra,a762 <__gesf2>
    5890:	00a04363          	bgtz	a0,5896 <_Z24MC_PULL_calibration_bootv+0x72a>
    5894:	89a6                	mv	s3,s1
    5896:	8781a583          	lw	a1,-1928(gp) # 20000208 <_ZL7g_scale+0x48>
    589a:	854a                	mv	a0,s2
    589c:	017040ef          	jal	ra,a0b2 <__addsf3>
    58a0:	85ce                	mv	a1,s3
    58a2:	6c1040ef          	jal	ra,a762 <__gesf2>
    58a6:	00054e63          	bltz	a0,58c2 <_Z24MC_PULL_calibration_bootv+0x756>
    58aa:	8781a583          	lw	a1,-1928(gp) # 20000208 <_ZL7g_scale+0x48>
    58ae:	8522                	mv	a0,s0
    58b0:	2bc050ef          	jal	ra,ab6c <__subsf3>
    58b4:	8781a583          	lw	a1,-1928(gp) # 20000208 <_ZL7g_scale+0x48>
    58b8:	892a                	mv	s2,a0
    58ba:	8522                	mv	a0,s0
    58bc:	7f6040ef          	jal	ra,a0b2 <__addsf3>
    58c0:	89aa                	mv	s3,a0
    58c2:	47c2                	lw	a5,16(sp)
    58c4:	012da023          	sw	s2,0(s11)
    58c8:	0137a023          	sw	s3,0(a5)
    58cc:	57fd                	li	a5,-1
    58ce:	00fa8363          	beq	s5,a5,58d4 <_Z24MC_PULL_calibration_bootv+0x768>
    58d2:	4a85                	li	s5,1
    58d4:	47f2                	lw	a5,28(sp)
    58d6:	4502                	lw	a0,0(sp)
    58d8:	4681                	li	a3,0
    58da:	01578023          	sb	s5,0(a5)
    58de:	4601                	li	a2,0
    58e0:	4581                	li	a1,0
    58e2:	b81fc0ef          	jal	ra,2462 <_ZN12WS2812_class14set_RGB_onlineEhhhhb.constprop.0>
    58e6:	fa7fb0ef          	jal	ra,188c <_Z10RGB_updatev>
    58ea:	05000513          	li	a0,80
    58ee:	8ebfb0ef          	jal	ra,11d8 <delay.part.0>
    58f2:	b62d                	j	541c <_Z24MC_PULL_calibration_bootv+0x2b0>
    58f4:	4c01                	li	s8,0
    58f6:	bdf5                	j	57f2 <_Z24MC_PULL_calibration_bootv+0x686>
    58f8:	4502                	lw	a0,0(sp)
    58fa:	4681                	li	a3,0
    58fc:	4601                	li	a2,0
    58fe:	4581                	li	a1,0
    5900:	b63fc0ef          	jal	ra,2462 <_ZN12WS2812_class14set_RGB_onlineEhhhhb.constprop.0>
    5904:	84a2                	mv	s1,s0
    5906:	f87fb0ef          	jal	ra,188c <_Z10RGB_updatev>
    590a:	bfb1                	j	5866 <_Z24MC_PULL_calibration_bootv+0x6fa>
    590c:	b7bfc0ef          	jal	ra,2486 <_ZL14show_diag_stephhhii>
    5910:	cc22                	sw	s0,24(sp)
    5912:	0b400713          	li	a4,180
    5916:	16800693          	li	a3,360
    591a:	4601                	li	a2,0
    591c:	45c1                	li	a1,16
    591e:	4541                	li	a0,16
    5920:	b67fc0ef          	jal	ra,2486 <_ZL14show_diag_stephhhii>
    5924:	c431                	beqz	s0,5970 <_Z24MC_PULL_calibration_bootv+0x804>
    5926:	0b400713          	li	a4,180
    592a:	16800693          	li	a3,360
    592e:	4641                	li	a2,16
    5930:	4581                	li	a1,0
    5932:	4501                	li	a0,0
    5934:	b53fc0ef          	jal	ra,2486 <_ZL14show_diag_stephhhii>
    5938:	47e2                	lw	a5,24(sp)
    593a:	c3b9                	beqz	a5,5980 <_Z24MC_PULL_calibration_bootv+0x814>
    593c:	0dc00713          	li	a4,220
    5940:	0dc00693          	li	a3,220
    5944:	4609                	li	a2,2
    5946:	45c1                	li	a1,16
    5948:	4501                	li	a0,0
    594a:	a3eff0ef          	jal	ra,4b88 <_ZL9blink_allhhhiii.constprop.0>
    594e:	0c800513          	li	a0,200
    5952:	887fb0ef          	jal	ra,11d8 <delay.part.0>
    5956:	b1b9                	j	55a4 <_Z24MC_PULL_calibration_bootv+0x438>
    5958:	0dc00713          	li	a4,220
    595c:	1cc00693          	li	a3,460
    5960:	4601                	li	a2,0
    5962:	4581                	li	a1,0
    5964:	4541                	li	a0,16
    5966:	b21fc0ef          	jal	ra,2486 <_ZL14show_diag_stephhhii>
    596a:	b80484e3          	beqz	s1,54f2 <_Z24MC_PULL_calibration_bootv+0x386>
    596e:	b755                	j	5912 <_Z24MC_PULL_calibration_bootv+0x7a6>
    5970:	0dc00713          	li	a4,220
    5974:	1cc00693          	li	a3,460
    5978:	4641                	li	a2,16
    597a:	45c1                	li	a1,16
    597c:	4541                	li	a0,16
    597e:	bf5d                	j	5934 <_Z24MC_PULL_calibration_bootv+0x7c8>
    5980:	10400713          	li	a4,260
    5984:	10400693          	li	a3,260
    5988:	4609                	li	a2,2
    598a:	4581                	li	a1,0
    598c:	4541                	li	a0,16
    598e:	bf75                	j	594a <_Z24MC_PULL_calibration_bootv+0x7de>

00005990 <_ZN20AS5600_soft_IIC_many12sda_mode_ipuEi.constprop.0>:
    5990:	fc6fa2ef          	jal	t0,156 <__riscv_save_0>
    5994:	200027b7          	lui	a5,0x20002
    5998:	ca878793          	addi	a5,a5,-856 # 20001ca8 <MC_AS5600>
    599c:	5ff8                	lw	a4,124(a5)
    599e:	0847a783          	lw	a5,132(a5)
    59a2:	00251693          	slli	a3,a0,0x2
    59a6:	0506                	slli	a0,a0,0x1
    59a8:	9736                	add	a4,a4,a3
    59aa:	97aa                	add	a5,a5,a0
    59ac:	4300                	lw	s0,0(a4)
    59ae:	238a                	lhu	a0,0(a5)
    59b0:	c808                	sw	a0,16(s0)
    59b2:	65e030ef          	jal	ra,9010 <__ctzsi2>
    59b6:	479d                	li	a5,7
    59b8:	86a2                	mv	a3,s0
    59ba:	00a7d463          	bge	a5,a0,59c2 <_ZN20AS5600_soft_IIC_many12sda_mode_ipuEi.constprop.0+0x32>
    59be:	00440693          	addi	a3,s0,4
    59c2:	891d                	andi	a0,a0,7
    59c4:	4298                	lw	a4,0(a3)
    59c6:	050a                	slli	a0,a0,0x2
    59c8:	47bd                	li	a5,15
    59ca:	00a797b3          	sll	a5,a5,a0
    59ce:	fff7c793          	not	a5,a5
    59d2:	8ff9                	and	a5,a5,a4
    59d4:	4721                	li	a4,8
    59d6:	00a71733          	sll	a4,a4,a0
    59da:	8fd9                	or	a5,a5,a4
    59dc:	c29c                	sw	a5,0(a3)
    59de:	f9cfa06f          	j	17a <__riscv_restore_0>

000059e2 <_ZN20AS5600_soft_IIC_many11sda_mode_odEi.constprop.0>:
    59e2:	f74fa2ef          	jal	t0,156 <__riscv_save_0>
    59e6:	200027b7          	lui	a5,0x20002
    59ea:	ca878793          	addi	a5,a5,-856 # 20001ca8 <MC_AS5600>
    59ee:	5ff8                	lw	a4,124(a5)
    59f0:	0847a783          	lw	a5,132(a5)
    59f4:	00251693          	slli	a3,a0,0x2
    59f8:	0506                	slli	a0,a0,0x1
    59fa:	97aa                	add	a5,a5,a0
    59fc:	2386                	lhu	s1,0(a5)
    59fe:	9736                	add	a4,a4,a3
    5a00:	4300                	lw	s0,0(a4)
    5a02:	8526                	mv	a0,s1
    5a04:	60c030ef          	jal	ra,9010 <__ctzsi2>
    5a08:	479d                	li	a5,7
    5a0a:	86a2                	mv	a3,s0
    5a0c:	00a7d463          	bge	a5,a0,5a14 <_ZN20AS5600_soft_IIC_many11sda_mode_odEi.constprop.0+0x32>
    5a10:	00440693          	addi	a3,s0,4
    5a14:	891d                	andi	a0,a0,7
    5a16:	4298                	lw	a4,0(a3)
    5a18:	050a                	slli	a0,a0,0x2
    5a1a:	47bd                	li	a5,15
    5a1c:	00a797b3          	sll	a5,a5,a0
    5a20:	fff7c793          	not	a5,a5
    5a24:	8ff9                	and	a5,a5,a4
    5a26:	471d                	li	a4,7
    5a28:	00a71733          	sll	a4,a4,a0
    5a2c:	8fd9                	or	a5,a5,a4
    5a2e:	c29c                	sw	a5,0(a3)
    5a30:	c804                	sw	s1,16(s0)
    5a32:	f48fa06f          	j	17a <__riscv_restore_0>

00005a36 <_ZN20AS5600_soft_IIC_many8read_iicEb.constprop.0>:
    5a36:	f06fa2ef          	jal	t0,13c <__riscv_save_4>
    5a3a:	20002437          	lui	s0,0x20002
    5a3e:	89aa                	mv	s3,a0
    5a40:	4481                	li	s1,0
    5a42:	ca840413          	addi	s0,s0,-856 # 20001ca8 <MC_AS5600>
    5a46:	481c                	lw	a5,16(s0)
    5a48:	06f4c363          	blt	s1,a5,5aae <_ZN20AS5600_soft_IIC_many8read_iicEb.constprop.0+0x78>
    5a4c:	4a21                	li	s4,8
    5a4e:	200004b7          	lui	s1,0x20000
    5a52:	e000f937          	lui	s2,0xe000f
    5a56:	1944a703          	lw	a4,404(s1) # 20000194 <_ZL17g_iic_delay_ticks>
    5a5a:	e72d                	bnez	a4,5ac4 <_ZN20AS5600_soft_IIC_many8read_iicEb.constprop.0+0x8e>
    5a5c:	08842583          	lw	a1,136(s0)
    5a60:	08042503          	lw	a0,128(s0)
    5a64:	a56fc0ef          	jal	ra,1cba <_ZN20AS5600_soft_IIC_many5set_hEPKP12GPIO_TypeDefPKt.constprop.0>
    5a68:	1944a703          	lw	a4,404(s1)
    5a6c:	e72d                	bnez	a4,5ad6 <_ZN20AS5600_soft_IIC_many8read_iicEb.constprop.0+0xa0>
    5a6e:	480c                	lw	a1,16(s0)
    5a70:	5c68                	lw	a0,124(s0)
    5a72:	08442803          	lw	a6,132(s0)
    5a76:	4454                	lw	a3,12(s0)
    5a78:	4701                	li	a4,0
    5a7a:	06b74763          	blt	a4,a1,5ae8 <_ZN20AS5600_soft_IIC_many8read_iicEb.constprop.0+0xb2>
    5a7e:	08842583          	lw	a1,136(s0)
    5a82:	08042503          	lw	a0,128(s0)
    5a86:	1a7d                	addi	s4,s4,-1
    5a88:	a6cfc0ef          	jal	ra,1cf4 <_ZN20AS5600_soft_IIC_many5set_lEPKP12GPIO_TypeDefPKt.constprop.0>
    5a8c:	fc0a15e3          	bnez	s4,5a56 <_ZN20AS5600_soft_IIC_many8read_iicEb.constprop.0+0x20>
    5a90:	4901                	li	s2,0
    5a92:	481c                	lw	a5,16(s0)
    5a94:	08f94263          	blt	s2,a5,5b18 <_ZN20AS5600_soft_IIC_many8read_iicEb.constprop.0+0xe2>
    5a98:	1944a703          	lw	a4,404(s1)
    5a9c:	e359                	bnez	a4,5b22 <_ZN20AS5600_soft_IIC_many8read_iicEb.constprop.0+0xec>
    5a9e:	5c68                	lw	a0,124(s0)
    5aa0:	08442583          	lw	a1,132(s0)
    5aa4:	08099a63          	bnez	s3,5b38 <_ZN20AS5600_soft_IIC_many8read_iicEb.constprop.0+0x102>
    5aa8:	a12fc0ef          	jal	ra,1cba <_ZN20AS5600_soft_IIC_many5set_hEPKP12GPIO_TypeDefPKt.constprop.0>
    5aac:	a841                	j	5b3c <_ZN20AS5600_soft_IIC_many8read_iicEb.constprop.0+0x106>
    5aae:	5c3c                	lw	a5,120(s0)
    5ab0:	00249713          	slli	a4,s1,0x2
    5ab4:	97ba                	add	a5,a5,a4
    5ab6:	439c                	lw	a5,0(a5)
    5ab8:	e781                	bnez	a5,5ac0 <_ZN20AS5600_soft_IIC_many8read_iicEb.constprop.0+0x8a>
    5aba:	8526                	mv	a0,s1
    5abc:	ed5ff0ef          	jal	ra,5990 <_ZN20AS5600_soft_IIC_many12sda_mode_ipuEi.constprop.0>
    5ac0:	0485                	addi	s1,s1,1
    5ac2:	b751                	j	5a46 <_ZN20AS5600_soft_IIC_many8read_iicEb.constprop.0+0x10>
    5ac4:	00892683          	lw	a3,8(s2) # e000f008 <__freertos_irq_stack_top+0xc000a008>
    5ac8:	00892783          	lw	a5,8(s2)
    5acc:	8f95                	sub	a5,a5,a3
    5ace:	f8e7f7e3          	bgeu	a5,a4,5a5c <_ZN20AS5600_soft_IIC_many8read_iicEb.constprop.0+0x26>
    5ad2:	0001                	nop
    5ad4:	bfd5                	j	5ac8 <_ZN20AS5600_soft_IIC_many8read_iicEb.constprop.0+0x92>
    5ad6:	00892683          	lw	a3,8(s2)
    5ada:	00892783          	lw	a5,8(s2)
    5ade:	8f95                	sub	a5,a5,a3
    5ae0:	f8e7f7e3          	bgeu	a5,a4,5a6e <_ZN20AS5600_soft_IIC_many8read_iicEb.constprop.0+0x38>
    5ae4:	0001                	nop
    5ae6:	bfd5                	j	5ada <_ZN20AS5600_soft_IIC_many8read_iicEb.constprop.0+0xa4>
    5ae8:	229e                	lhu	a5,0(a3)
    5aea:	00271613          	slli	a2,a4,0x2
    5aee:	962a                	add	a2,a2,a0
    5af0:	4210                	lw	a2,0(a2)
    5af2:	0786                	slli	a5,a5,0x1
    5af4:	07c2                	slli	a5,a5,0x10
    5af6:	00862883          	lw	a7,8(a2)
    5afa:	83c1                	srli	a5,a5,0x10
    5afc:	00171613          	slli	a2,a4,0x1
    5b00:	a29e                	sh	a5,0(a3)
    5b02:	9642                	add	a2,a2,a6
    5b04:	2212                	lhu	a2,0(a2)
    5b06:	01167633          	and	a2,a2,a7
    5b0a:	c601                	beqz	a2,5b12 <_ZN20AS5600_soft_IIC_many8read_iicEb.constprop.0+0xdc>
    5b0c:	0017e793          	ori	a5,a5,1
    5b10:	a29e                	sh	a5,0(a3)
    5b12:	0705                	addi	a4,a4,1
    5b14:	0689                	addi	a3,a3,2
    5b16:	b795                	j	5a7a <_ZN20AS5600_soft_IIC_many8read_iicEb.constprop.0+0x44>
    5b18:	854a                	mv	a0,s2
    5b1a:	ec9ff0ef          	jal	ra,59e2 <_ZN20AS5600_soft_IIC_many11sda_mode_odEi.constprop.0>
    5b1e:	0905                	addi	s2,s2,1
    5b20:	bf8d                	j	5a92 <_ZN20AS5600_soft_IIC_many8read_iicEb.constprop.0+0x5c>
    5b22:	e000f7b7          	lui	a5,0xe000f
    5b26:	4794                	lw	a3,8(a5)
    5b28:	e000f637          	lui	a2,0xe000f
    5b2c:	461c                	lw	a5,8(a2)
    5b2e:	8f95                	sub	a5,a5,a3
    5b30:	f6e7f7e3          	bgeu	a5,a4,5a9e <_ZN20AS5600_soft_IIC_many8read_iicEb.constprop.0+0x68>
    5b34:	0001                	nop
    5b36:	bfdd                	j	5b2c <_ZN20AS5600_soft_IIC_many8read_iicEb.constprop.0+0xf6>
    5b38:	9bcfc0ef          	jal	ra,1cf4 <_ZN20AS5600_soft_IIC_many5set_lEPKP12GPIO_TypeDefPKt.constprop.0>
    5b3c:	1944a703          	lw	a4,404(s1)
    5b40:	e70d                	bnez	a4,5b6a <_ZN20AS5600_soft_IIC_many8read_iicEb.constprop.0+0x134>
    5b42:	08842583          	lw	a1,136(s0)
    5b46:	08042503          	lw	a0,128(s0)
    5b4a:	970fc0ef          	jal	ra,1cba <_ZN20AS5600_soft_IIC_many5set_hEPKP12GPIO_TypeDefPKt.constprop.0>
    5b4e:	1944a703          	lw	a4,404(s1)
    5b52:	e71d                	bnez	a4,5b80 <_ZN20AS5600_soft_IIC_many8read_iicEb.constprop.0+0x14a>
    5b54:	08842583          	lw	a1,136(s0)
    5b58:	08042503          	lw	a0,128(s0)
    5b5c:	998fc0ef          	jal	ra,1cf4 <_ZN20AS5600_soft_IIC_many5set_lEPKP12GPIO_TypeDefPKt.constprop.0>
    5b60:	1944a703          	lw	a4,404(s1)
    5b64:	eb0d                	bnez	a4,5b96 <_ZN20AS5600_soft_IIC_many8read_iicEb.constprop.0+0x160>
    5b66:	e0afa06f          	j	170 <__riscv_restore_4>
    5b6a:	e000f7b7          	lui	a5,0xe000f
    5b6e:	4794                	lw	a3,8(a5)
    5b70:	e000f637          	lui	a2,0xe000f
    5b74:	461c                	lw	a5,8(a2)
    5b76:	8f95                	sub	a5,a5,a3
    5b78:	fce7f5e3          	bgeu	a5,a4,5b42 <_ZN20AS5600_soft_IIC_many8read_iicEb.constprop.0+0x10c>
    5b7c:	0001                	nop
    5b7e:	bfdd                	j	5b74 <_ZN20AS5600_soft_IIC_many8read_iicEb.constprop.0+0x13e>
    5b80:	e000f7b7          	lui	a5,0xe000f
    5b84:	4794                	lw	a3,8(a5)
    5b86:	e000f637          	lui	a2,0xe000f
    5b8a:	461c                	lw	a5,8(a2)
    5b8c:	8f95                	sub	a5,a5,a3
    5b8e:	fce7f3e3          	bgeu	a5,a4,5b54 <_ZN20AS5600_soft_IIC_many8read_iicEb.constprop.0+0x11e>
    5b92:	0001                	nop
    5b94:	bfdd                	j	5b8a <_ZN20AS5600_soft_IIC_many8read_iicEb.constprop.0+0x154>
    5b96:	e000f7b7          	lui	a5,0xe000f
    5b9a:	4794                	lw	a3,8(a5)
    5b9c:	e000f637          	lui	a2,0xe000f
    5ba0:	461c                	lw	a5,8(a2)
    5ba2:	8f95                	sub	a5,a5,a3
    5ba4:	fce7f1e3          	bgeu	a5,a4,5b66 <_ZN20AS5600_soft_IIC_many8read_iicEb.constprop.0+0x130>
    5ba8:	0001                	nop
    5baa:	bfdd                	j	5ba0 <_ZN20AS5600_soft_IIC_many8read_iicEb.constprop.0+0x16a>

00005bac <_ZN20AS5600_soft_IIC_many9write_iicEh.constprop.0>:
    5bac:	d90fa2ef          	jal	t0,13c <__riscv_save_4>
    5bb0:	20002437          	lui	s0,0x20002
    5bb4:	8aaa                	mv	s5,a0
    5bb6:	4a21                	li	s4,8
    5bb8:	08000993          	li	s3,128
    5bbc:	200004b7          	lui	s1,0x20000
    5bc0:	e000f937          	lui	s2,0xe000f
    5bc4:	ca840413          	addi	s0,s0,-856 # 20001ca8 <MC_AS5600>
    5bc8:	1944a703          	lw	a4,404(s1) # 20000194 <_ZL17g_iic_delay_ticks>
    5bcc:	eb11                	bnez	a4,5be0 <_ZN20AS5600_soft_IIC_many9write_iicEh.constprop.0+0x34>
    5bce:	013af7b3          	and	a5,s5,s3
    5bd2:	5c68                	lw	a0,124(s0)
    5bd4:	08442583          	lw	a1,132(s0)
    5bd8:	ef89                	bnez	a5,5bf2 <_ZN20AS5600_soft_IIC_many9write_iicEh.constprop.0+0x46>
    5bda:	91afc0ef          	jal	ra,1cf4 <_ZN20AS5600_soft_IIC_many5set_lEPKP12GPIO_TypeDefPKt.constprop.0>
    5bde:	a821                	j	5bf6 <_ZN20AS5600_soft_IIC_many9write_iicEh.constprop.0+0x4a>
    5be0:	00892683          	lw	a3,8(s2) # e000f008 <__freertos_irq_stack_top+0xc000a008>
    5be4:	00892783          	lw	a5,8(s2)
    5be8:	8f95                	sub	a5,a5,a3
    5bea:	fee7f2e3          	bgeu	a5,a4,5bce <_ZN20AS5600_soft_IIC_many9write_iicEh.constprop.0+0x22>
    5bee:	0001                	nop
    5bf0:	bfd5                	j	5be4 <_ZN20AS5600_soft_IIC_many9write_iicEh.constprop.0+0x38>
    5bf2:	8c8fc0ef          	jal	ra,1cba <_ZN20AS5600_soft_IIC_many5set_hEPKP12GPIO_TypeDefPKt.constprop.0>
    5bf6:	08842583          	lw	a1,136(s0)
    5bfa:	08042503          	lw	a0,128(s0)
    5bfe:	8bcfc0ef          	jal	ra,1cba <_ZN20AS5600_soft_IIC_many5set_hEPKP12GPIO_TypeDefPKt.constprop.0>
    5c02:	1944a703          	lw	a4,404(s1)
    5c06:	eb2d                	bnez	a4,5c78 <_ZN20AS5600_soft_IIC_many9write_iicEh.constprop.0+0xcc>
    5c08:	08842583          	lw	a1,136(s0)
    5c0c:	08042503          	lw	a0,128(s0)
    5c10:	1a7d                	addi	s4,s4,-1
    5c12:	0019d993          	srli	s3,s3,0x1
    5c16:	8defc0ef          	jal	ra,1cf4 <_ZN20AS5600_soft_IIC_many5set_lEPKP12GPIO_TypeDefPKt.constprop.0>
    5c1a:	fa0a17e3          	bnez	s4,5bc8 <_ZN20AS5600_soft_IIC_many9write_iicEh.constprop.0+0x1c>
    5c1e:	08442583          	lw	a1,132(s0)
    5c22:	5c68                	lw	a0,124(s0)
    5c24:	4901                	li	s2,0
    5c26:	894fc0ef          	jal	ra,1cba <_ZN20AS5600_soft_IIC_many5set_hEPKP12GPIO_TypeDefPKt.constprop.0>
    5c2a:	481c                	lw	a5,16(s0)
    5c2c:	04f94f63          	blt	s2,a5,5c8a <_ZN20AS5600_soft_IIC_many9write_iicEh.constprop.0+0xde>
    5c30:	1944a703          	lw	a4,404(s1)
    5c34:	e735                	bnez	a4,5ca0 <_ZN20AS5600_soft_IIC_many9write_iicEh.constprop.0+0xf4>
    5c36:	08842583          	lw	a1,136(s0)
    5c3a:	08042503          	lw	a0,128(s0)
    5c3e:	87cfc0ef          	jal	ra,1cba <_ZN20AS5600_soft_IIC_many5set_hEPKP12GPIO_TypeDefPKt.constprop.0>
    5c42:	1944a703          	lw	a4,404(s1)
    5c46:	eb25                	bnez	a4,5cb6 <_ZN20AS5600_soft_IIC_many9write_iicEh.constprop.0+0x10a>
    5c48:	5c70                	lw	a2,124(s0)
    5c4a:	08442583          	lw	a1,132(s0)
    5c4e:	5c38                	lw	a4,120(s0)
    5c50:	4781                	li	a5,0
    5c52:	4505                	li	a0,1
    5c54:	4814                	lw	a3,16(s0)
    5c56:	06d7cb63          	blt	a5,a3,5ccc <_ZN20AS5600_soft_IIC_many9write_iicEh.constprop.0+0x120>
    5c5a:	08842583          	lw	a1,136(s0)
    5c5e:	08042503          	lw	a0,128(s0)
    5c62:	892fc0ef          	jal	ra,1cf4 <_ZN20AS5600_soft_IIC_many5set_lEPKP12GPIO_TypeDefPKt.constprop.0>
    5c66:	1944a703          	lw	a4,404(s1)
    5c6a:	e741                	bnez	a4,5cf2 <_ZN20AS5600_soft_IIC_many9write_iicEh.constprop.0+0x146>
    5c6c:	4481                	li	s1,0
    5c6e:	481c                	lw	a5,16(s0)
    5c70:	08f4cc63          	blt	s1,a5,5d08 <_ZN20AS5600_soft_IIC_many9write_iicEh.constprop.0+0x15c>
    5c74:	cfcfa06f          	j	170 <__riscv_restore_4>
    5c78:	00892683          	lw	a3,8(s2)
    5c7c:	00892783          	lw	a5,8(s2)
    5c80:	8f95                	sub	a5,a5,a3
    5c82:	f8e7f3e3          	bgeu	a5,a4,5c08 <_ZN20AS5600_soft_IIC_many9write_iicEh.constprop.0+0x5c>
    5c86:	0001                	nop
    5c88:	bfd5                	j	5c7c <_ZN20AS5600_soft_IIC_many9write_iicEh.constprop.0+0xd0>
    5c8a:	5c3c                	lw	a5,120(s0)
    5c8c:	00291713          	slli	a4,s2,0x2
    5c90:	97ba                	add	a5,a5,a4
    5c92:	439c                	lw	a5,0(a5)
    5c94:	e781                	bnez	a5,5c9c <_ZN20AS5600_soft_IIC_many9write_iicEh.constprop.0+0xf0>
    5c96:	854a                	mv	a0,s2
    5c98:	cf9ff0ef          	jal	ra,5990 <_ZN20AS5600_soft_IIC_many12sda_mode_ipuEi.constprop.0>
    5c9c:	0905                	addi	s2,s2,1
    5c9e:	b771                	j	5c2a <_ZN20AS5600_soft_IIC_many9write_iicEh.constprop.0+0x7e>
    5ca0:	e000f7b7          	lui	a5,0xe000f
    5ca4:	4794                	lw	a3,8(a5)
    5ca6:	e000f637          	lui	a2,0xe000f
    5caa:	461c                	lw	a5,8(a2)
    5cac:	8f95                	sub	a5,a5,a3
    5cae:	f8e7f4e3          	bgeu	a5,a4,5c36 <_ZN20AS5600_soft_IIC_many9write_iicEh.constprop.0+0x8a>
    5cb2:	0001                	nop
    5cb4:	bfdd                	j	5caa <_ZN20AS5600_soft_IIC_many9write_iicEh.constprop.0+0xfe>
    5cb6:	e000f7b7          	lui	a5,0xe000f
    5cba:	4794                	lw	a3,8(a5)
    5cbc:	e000f637          	lui	a2,0xe000f
    5cc0:	461c                	lw	a5,8(a2)
    5cc2:	8f95                	sub	a5,a5,a3
    5cc4:	f8e7f2e3          	bgeu	a5,a4,5c48 <_ZN20AS5600_soft_IIC_many9write_iicEh.constprop.0+0x9c>
    5cc8:	0001                	nop
    5cca:	bfdd                	j	5cc0 <_ZN20AS5600_soft_IIC_many9write_iicEh.constprop.0+0x114>
    5ccc:	4314                	lw	a3,0(a4)
    5cce:	ee99                	bnez	a3,5cec <_ZN20AS5600_soft_IIC_many9write_iicEh.constprop.0+0x140>
    5cd0:	00279693          	slli	a3,a5,0x2
    5cd4:	96b2                	add	a3,a3,a2
    5cd6:	4294                	lw	a3,0(a3)
    5cd8:	0086a803          	lw	a6,8(a3)
    5cdc:	00179693          	slli	a3,a5,0x1
    5ce0:	96ae                	add	a3,a3,a1
    5ce2:	2296                	lhu	a3,0(a3)
    5ce4:	0106f6b3          	and	a3,a3,a6
    5ce8:	c291                	beqz	a3,5cec <_ZN20AS5600_soft_IIC_many9write_iicEh.constprop.0+0x140>
    5cea:	c308                	sw	a0,0(a4)
    5cec:	0785                	addi	a5,a5,1 # e000f001 <__freertos_irq_stack_top+0xc000a001>
    5cee:	0711                	addi	a4,a4,4
    5cf0:	b795                	j	5c54 <_ZN20AS5600_soft_IIC_many9write_iicEh.constprop.0+0xa8>
    5cf2:	e000f7b7          	lui	a5,0xe000f
    5cf6:	4794                	lw	a3,8(a5)
    5cf8:	e000f637          	lui	a2,0xe000f
    5cfc:	461c                	lw	a5,8(a2)
    5cfe:	8f95                	sub	a5,a5,a3
    5d00:	f6e7f6e3          	bgeu	a5,a4,5c6c <_ZN20AS5600_soft_IIC_many9write_iicEh.constprop.0+0xc0>
    5d04:	0001                	nop
    5d06:	bfdd                	j	5cfc <_ZN20AS5600_soft_IIC_many9write_iicEh.constprop.0+0x150>
    5d08:	8526                	mv	a0,s1
    5d0a:	cd9ff0ef          	jal	ra,59e2 <_ZN20AS5600_soft_IIC_many11sda_mode_odEi.constprop.0>
    5d0e:	0485                	addi	s1,s1,1
    5d10:	bfb9                	j	5c6e <_ZN20AS5600_soft_IIC_many9write_iicEh.constprop.0+0xc2>

00005d12 <_ZN20AS5600_soft_IIC_many9start_iicEh.constprop.0>:
    5d12:	c2afa2ef          	jal	t0,13c <__riscv_save_4>
    5d16:	20000937          	lui	s2,0x20000
    5d1a:	19492703          	lw	a4,404(s2) # 20000194 <_ZL17g_iic_delay_ticks>
    5d1e:	84aa                	mv	s1,a0
    5d20:	eb31                	bnez	a4,5d74 <_ZN20AS5600_soft_IIC_many9start_iicEh.constprop.0+0x62>
    5d22:	20002437          	lui	s0,0x20002
    5d26:	ca840793          	addi	a5,s0,-856 # 20001ca8 <MC_AS5600>
    5d2a:	0847a583          	lw	a1,132(a5) # e000f084 <__freertos_irq_stack_top+0xc000a084>
    5d2e:	5fe8                	lw	a0,124(a5)
    5d30:	08078993          	addi	s3,a5,128
    5d34:	ca840413          	addi	s0,s0,-856
    5d38:	f83fb0ef          	jal	ra,1cba <_ZN20AS5600_soft_IIC_many5set_hEPKP12GPIO_TypeDefPKt.constprop.0>
    5d3c:	0089a583          	lw	a1,8(s3)
    5d40:	0009a503          	lw	a0,0(s3)
    5d44:	f77fb0ef          	jal	ra,1cba <_ZN20AS5600_soft_IIC_many5set_hEPKP12GPIO_TypeDefPKt.constprop.0>
    5d48:	19492703          	lw	a4,404(s2)
    5d4c:	ef1d                	bnez	a4,5d8a <_ZN20AS5600_soft_IIC_many9start_iicEh.constprop.0+0x78>
    5d4e:	08442583          	lw	a1,132(s0)
    5d52:	5c68                	lw	a0,124(s0)
    5d54:	fa1fb0ef          	jal	ra,1cf4 <_ZN20AS5600_soft_IIC_many5set_lEPKP12GPIO_TypeDefPKt.constprop.0>
    5d58:	19492703          	lw	a4,404(s2)
    5d5c:	e331                	bnez	a4,5da0 <_ZN20AS5600_soft_IIC_many9start_iicEh.constprop.0+0x8e>
    5d5e:	08842583          	lw	a1,136(s0)
    5d62:	08042503          	lw	a0,128(s0)
    5d66:	f8ffb0ef          	jal	ra,1cf4 <_ZN20AS5600_soft_IIC_many5set_lEPKP12GPIO_TypeDefPKt.constprop.0>
    5d6a:	8526                	mv	a0,s1
    5d6c:	e41ff0ef          	jal	ra,5bac <_ZN20AS5600_soft_IIC_many9write_iicEh.constprop.0>
    5d70:	c00fa06f          	j	170 <__riscv_restore_4>
    5d74:	e000f7b7          	lui	a5,0xe000f
    5d78:	4794                	lw	a3,8(a5)
    5d7a:	e000f637          	lui	a2,0xe000f
    5d7e:	461c                	lw	a5,8(a2)
    5d80:	8f95                	sub	a5,a5,a3
    5d82:	fae7f0e3          	bgeu	a5,a4,5d22 <_ZN20AS5600_soft_IIC_many9start_iicEh.constprop.0+0x10>
    5d86:	0001                	nop
    5d88:	bfdd                	j	5d7e <_ZN20AS5600_soft_IIC_many9start_iicEh.constprop.0+0x6c>
    5d8a:	e000f7b7          	lui	a5,0xe000f
    5d8e:	4794                	lw	a3,8(a5)
    5d90:	e000f637          	lui	a2,0xe000f
    5d94:	461c                	lw	a5,8(a2)
    5d96:	8f95                	sub	a5,a5,a3
    5d98:	fae7fbe3          	bgeu	a5,a4,5d4e <_ZN20AS5600_soft_IIC_many9start_iicEh.constprop.0+0x3c>
    5d9c:	0001                	nop
    5d9e:	bfdd                	j	5d94 <_ZN20AS5600_soft_IIC_many9start_iicEh.constprop.0+0x82>
    5da0:	e000f7b7          	lui	a5,0xe000f
    5da4:	4794                	lw	a3,8(a5)
    5da6:	e000f637          	lui	a2,0xe000f
    5daa:	461c                	lw	a5,8(a2)
    5dac:	8f95                	sub	a5,a5,a3
    5dae:	fae7f8e3          	bgeu	a5,a4,5d5e <_ZN20AS5600_soft_IIC_many9start_iicEh.constprop.0+0x4c>
    5db2:	0001                	nop
    5db4:	bfdd                	j	5daa <_ZN20AS5600_soft_IIC_many9start_iicEh.constprop.0+0x98>

00005db6 <_ZN20AS5600_soft_IIC_many10updata_stuEv.constprop.0>:
    5db6:	ba0fa2ef          	jal	t0,156 <__riscv_save_0>
    5dba:	20002437          	lui	s0,0x20002
    5dbe:	ca840793          	addi	a5,s0,-856 # 20001ca8 <MC_AS5600>
    5dc2:	4b9c                	lw	a5,16(a5)
    5dc4:	ca840413          	addi	s0,s0,-856
    5dc8:	c39d                	beqz	a5,5dee <_ZN20AS5600_soft_IIC_many10updata_stuEv.constprop.0+0x38>
    5dca:	f65fb0ef          	jal	ra,1d2e <_ZN20AS5600_soft_IIC_many11clear_datasEv.constprop.0>
    5dce:	06c00513          	li	a0,108
    5dd2:	f41ff0ef          	jal	ra,5d12 <_ZN20AS5600_soft_IIC_many9start_iicEh.constprop.0>
    5dd6:	452d                	li	a0,11
    5dd8:	dd5ff0ef          	jal	ra,5bac <_ZN20AS5600_soft_IIC_many9write_iicEh.constprop.0>
    5ddc:	06d00513          	li	a0,109
    5de0:	f33ff0ef          	jal	ra,5d12 <_ZN20AS5600_soft_IIC_many9start_iicEh.constprop.0>
    5de4:	4501                	li	a0,0
    5de6:	c51ff0ef          	jal	ra,5a36 <_ZN20AS5600_soft_IIC_many8read_iicEb.constprop.0>
    5dea:	dd5fb0ef          	jal	ra,1bbe <_ZN20AS5600_soft_IIC_many8stop_iicEv.constprop.0>
    5dee:	5c28                	lw	a0,120(s0)
    5df0:	00042803          	lw	a6,0(s0)
    5df4:	00c42883          	lw	a7,12(s0)
    5df8:	00442303          	lw	t1,4(s0)
    5dfc:	4781                	li	a5,0
    5dfe:	4818                	lw	a4,16(s0)
    5e00:	00e7c463          	blt	a5,a4,5e08 <_ZN20AS5600_soft_IIC_many10updata_stuEv.constprop.0+0x52>
    5e04:	b76fa06f          	j	17a <__riscv_restore_0>
    5e08:	00279693          	slli	a3,a5,0x2
    5e0c:	00d50633          	add	a2,a0,a3
    5e10:	4210                	lw	a2,0(a2)
    5e12:	00f80733          	add	a4,a6,a5
    5e16:	00163613          	seqz	a2,a2
    5e1a:	a310                	sb	a2,0(a4)
    5e1c:	00179713          	slli	a4,a5,0x1
    5e20:	9746                	add	a4,a4,a7
    5e22:	231a                	lhu	a4,0(a4)
    5e24:	567d                	li	a2,-1
    5e26:	02077593          	andi	a1,a4,32
    5e2a:	c981                	beqz	a1,5e3a <_ZN20AS5600_soft_IIC_many10updata_stuEv.constprop.0+0x84>
    5e2c:	01077593          	andi	a1,a4,16
    5e30:	4605                	li	a2,1
    5e32:	e581                	bnez	a1,5e3a <_ZN20AS5600_soft_IIC_many10updata_stuEv.constprop.0+0x84>
    5e34:	8309                	srli	a4,a4,0x2
    5e36:	00277613          	andi	a2,a4,2
    5e3a:	969a                	add	a3,a3,t1
    5e3c:	c290                	sw	a2,0(a3)
    5e3e:	0785                	addi	a5,a5,1 # e000f001 <__freertos_irq_stack_top+0xc000a001>
    5e40:	bf7d                	j	5dfe <_ZN20AS5600_soft_IIC_many10updata_stuEv.constprop.0+0x48>

00005e42 <_ZN20AS5600_soft_IIC_many12updata_angleEv.constprop.0>:
    5e42:	b14fa2ef          	jal	t0,156 <__riscv_save_0>
    5e46:	20002437          	lui	s0,0x20002
    5e4a:	ca840793          	addi	a5,s0,-856 # 20001ca8 <MC_AS5600>
    5e4e:	4b9c                	lw	a5,16(a5)
    5e50:	ca840413          	addi	s0,s0,-856
    5e54:	c795                	beqz	a5,5e80 <_ZN20AS5600_soft_IIC_many12updata_angleEv.constprop.0+0x3e>
    5e56:	ed9fb0ef          	jal	ra,1d2e <_ZN20AS5600_soft_IIC_many11clear_datasEv.constprop.0>
    5e5a:	06c00513          	li	a0,108
    5e5e:	eb5ff0ef          	jal	ra,5d12 <_ZN20AS5600_soft_IIC_many9start_iicEh.constprop.0>
    5e62:	4531                	li	a0,12
    5e64:	d49ff0ef          	jal	ra,5bac <_ZN20AS5600_soft_IIC_many9write_iicEh.constprop.0>
    5e68:	06d00513          	li	a0,109
    5e6c:	ea7ff0ef          	jal	ra,5d12 <_ZN20AS5600_soft_IIC_many9start_iicEh.constprop.0>
    5e70:	4505                	li	a0,1
    5e72:	bc5ff0ef          	jal	ra,5a36 <_ZN20AS5600_soft_IIC_many8read_iicEb.constprop.0>
    5e76:	4501                	li	a0,0
    5e78:	bbfff0ef          	jal	ra,5a36 <_ZN20AS5600_soft_IIC_many8read_iicEb.constprop.0>
    5e7c:	d43fb0ef          	jal	ra,1bbe <_ZN20AS5600_soft_IIC_many8stop_iicEv.constprop.0>
    5e80:	480c                	lw	a1,16(s0)
    5e82:	5c28                	lw	a0,120(s0)
    5e84:	00842883          	lw	a7,8(s0)
    5e88:	00042303          	lw	t1,0(s0)
    5e8c:	00c42803          	lw	a6,12(s0)
    5e90:	4781                	li	a5,0
    5e92:	00b7c463          	blt	a5,a1,5e9a <_ZN20AS5600_soft_IIC_many12updata_angleEv.constprop.0+0x58>
    5e96:	ae4fa06f          	j	17a <__riscv_restore_0>
    5e9a:	00279713          	slli	a4,a5,0x2
    5e9e:	972a                	add	a4,a4,a0
    5ea0:	4314                	lw	a3,0(a4)
    5ea2:	00179713          	slli	a4,a5,0x1
    5ea6:	ee81                	bnez	a3,5ebe <_ZN20AS5600_soft_IIC_many12updata_angleEv.constprop.0+0x7c>
    5ea8:	00e806b3          	add	a3,a6,a4
    5eac:	2292                	lhu	a2,0(a3)
    5eae:	4685                	li	a3,1
    5eb0:	9746                	add	a4,a4,a7
    5eb2:	a312                	sh	a2,0(a4)
    5eb4:	00f30733          	add	a4,t1,a5
    5eb8:	a314                	sb	a3,0(a4)
    5eba:	0785                	addi	a5,a5,1
    5ebc:	bfd9                	j	5e92 <_ZN20AS5600_soft_IIC_many12updata_angleEv.constprop.0+0x50>
    5ebe:	4601                	li	a2,0
    5ec0:	4681                	li	a3,0
    5ec2:	b7fd                	j	5eb0 <_ZN20AS5600_soft_IIC_many12updata_angleEv.constprop.0+0x6e>

00005ec4 <_Z22AS5600_distance_updatam>:
    5ec4:	a62fa2ef          	jal	t0,126 <__riscv_save_12>
    5ec8:	82c1a783          	lw	a5,-2004(gp) # 200001bc <time_hw_tpms>
    5ecc:	1141                	addi	sp,sp,-16
    5ece:	842a                	mv	s0,a0
    5ed0:	e391                	bnez	a5,5ed4 <_Z22AS5600_distance_updatam+0x10>
    5ed2:	4785                	li	a5,1
    5ed4:	a701a703          	lw	a4,-1424(gp) # 20000400 <_ZZ22AS5600_distance_updatamE15last_poll_ticks>
    5ed8:	40e40733          	sub	a4,s0,a4
    5edc:	02f76c63          	bltu	a4,a5,5f14 <_Z22AS5600_distance_updatam+0x50>
    5ee0:	0c800613          	li	a2,200
    5ee4:	02c787b3          	mul	a5,a5,a2
    5ee8:	a681a823          	sw	s0,-1424(gp) # 20000400 <_ZZ22AS5600_distance_updatamE15last_poll_ticks>
    5eec:	81c1a483          	lw	s1,-2020(gp) # 200001ac <time_hw_tpus>
    5ef0:	a6c1a703          	lw	a4,-1428(gp) # 200003fc <_ZZ22AS5600_distance_updatamE14last_stu_ticks>
    5ef4:	40e40733          	sub	a4,s0,a4
    5ef8:	00f76663          	bltu	a4,a5,5f04 <_Z22AS5600_distance_updatam+0x40>
    5efc:	a681a623          	sw	s0,-1428(gp) # 200003fc <_ZZ22AS5600_distance_updatamE14last_stu_ticks>
    5f00:	eb7ff0ef          	jal	ra,5db6 <_ZN20AS5600_soft_IIC_many10updata_stuEv.constprop.0>
    5f04:	a681c683          	lbu	a3,-1432(gp) # 200003f8 <_ZZ22AS5600_distance_updatamE15have_last_ticks>
    5f08:	ea89                	bnez	a3,5f1a <_Z22AS5600_distance_updatam+0x56>
    5f0a:	a681a223          	sw	s0,-1436(gp) # 200003f4 <_ZZ22AS5600_distance_updatamE10last_ticks>
    5f0e:	4785                	li	a5,1
    5f10:	a6f18423          	sb	a5,-1432(gp) # 200003f8 <_ZZ22AS5600_distance_updatamE15have_last_ticks>
    5f14:	0141                	addi	sp,sp,16
    5f16:	a4cfa06f          	j	162 <__riscv_restore_12>
    5f1a:	a641a703          	lw	a4,-1436(gp) # 200003f4 <_ZZ22AS5600_distance_updatamE10last_ticks>
    5f1e:	40e40933          	sub	s2,s0,a4
    5f22:	fee409e3          	beq	s0,a4,5f14 <_Z22AS5600_distance_updatam+0x50>
    5f26:	a681a223          	sw	s0,-1436(gp) # 200003f4 <_ZZ22AS5600_distance_updatamE10last_ticks>
    5f2a:	8526                	mv	a0,s1
    5f2c:	e091                	bnez	s1,5f30 <_Z22AS5600_distance_updatam+0x6c>
    5f2e:	4505                	li	a0,1
    5f30:	146050ef          	jal	ra,b076 <__floatunsisf>
    5f34:	9441a583          	lw	a1,-1724(gp) # 200002d4 <_ZL7g_scale+0x114>
    5f38:	20002a37          	lui	s4,0x20002
    5f3c:	155040ef          	jal	ra,a890 <__mulsf3>
    5f40:	842a                	mv	s0,a0
    5f42:	854a                	mv	a0,s2
    5f44:	132050ef          	jal	ra,b076 <__floatunsisf>
    5f48:	85aa                	mv	a1,a0
    5f4a:	8522                	mv	a0,s0
    5f4c:	4ce040ef          	jal	ra,a41a <__divsf3>
    5f50:	c22a                	sw	a0,4(sp)
    5f52:	ef1ff0ef          	jal	ra,5e42 <_ZN20AS5600_soft_IIC_many12updata_angleEv.constprop.0>
    5f56:	200027b7          	lui	a5,0x20002
    5f5a:	ca878793          	addi	a5,a5,-856 # 20001ca8 <MC_AS5600>
    5f5e:	0007ab83          	lw	s7,0(a5)
    5f62:	0047ac03          	lw	s8,4(a5)
    5f66:	0087ad83          	lw	s11,8(a5)
    5f6a:	9ac1a783          	lw	a5,-1620(gp) # 2000033c <_ZL7g_scale+0x17c>
    5f6e:	200029b7          	lui	s3,0x20002
    5f72:	20002d37          	lui	s10,0x20002
    5f76:	c43e                	sw	a5,8(sp)
    5f78:	9b01a783          	lw	a5,-1616(gp) # 20000340 <_ZL7g_scale+0x180>
    5f7c:	6705                	lui	a4,0x1
    5f7e:	a5418a93          	addi	s5,gp,-1452 # 200003e4 <_ZZ22AS5600_distance_updatamE6was_ok>
    5f82:	c98a0a13          	addi	s4,s4,-872 # 20001c98 <speed_as5600>
    5f86:	c8898993          	addi	s3,s3,-888 # 20001c88 <as5600_distance_save>
    5f8a:	d90d0d13          	addi	s10,s10,-624 # 20001d90 <ams>
    5f8e:	a5818913          	addi	s2,gp,-1448 # 200003e8 <_ZL13g_as5600_good>
    5f92:	a6018493          	addi	s1,gp,-1440 # 200003f0 <_ZL13g_as5600_fail>
    5f96:	a5c18413          	addi	s0,gp,-1444 # 200003ec <_ZL17g_as5600_okstreak>
    5f9a:	4c81                	li	s9,0
    5f9c:	80070e13          	addi	t3,a4,-2048 # 800 <__stack_size>
    5fa0:	c63e                	sw	a5,12(sp)
    5fa2:	0ff00693          	li	a3,255
    5fa6:	4e89                	li	t4,2
    5fa8:	5f7d                	li	t5,-1
    5faa:	4b11                	li	s6,4
    5fac:	019b87b3          	add	a5,s7,s9
    5fb0:	239c                	lbu	a5,0(a5)
    5fb2:	c3a1                	beqz	a5,5ff2 <_Z22AS5600_distance_updatam+0x12e>
    5fb4:	002c9793          	slli	a5,s9,0x2
    5fb8:	97e2                	add	a5,a5,s8
    5fba:	439c                	lw	a5,0(a5)
    5fbc:	03e78b63          	beq	a5,t5,5ff2 <_Z22AS5600_distance_updatam+0x12e>
    5fc0:	201c                	lbu	a5,0(s0)
    5fc2:	00048023          	sb	zero,0(s1)
    5fc6:	04d79f63          	bne	a5,a3,6024 <_Z22AS5600_distance_updatam+0x160>
    5fca:	4785                	li	a5,1
    5fcc:	00f90023          	sb	a5,0(s2)
    5fd0:	001c9793          	slli	a5,s9,0x1
    5fd4:	97ee                	add	a5,a5,s11
    5fd6:	238e                	lhu	a1,0(a5)
    5fd8:	000ac783          	lbu	a5,0(s5)
    5fdc:	e7b5                	bnez	a5,6048 <_Z22AS5600_distance_updatam+0x184>
    5fde:	00000793          	li	a5,0
    5fe2:	00fa2023          	sw	a5,0(s4)
    5fe6:	4785                	li	a5,1
    5fe8:	00b9a023          	sw	a1,0(s3)
    5fec:	00fa8023          	sb	a5,0(s5)
    5ff0:	a831                	j	600c <_Z22AS5600_distance_updatam+0x148>
    5ff2:	209c                	lbu	a5,0(s1)
    5ff4:	00040023          	sb	zero,0(s0)
    5ff8:	04d79163          	bne	a5,a3,603a <_Z22AS5600_distance_updatam+0x176>
    5ffc:	00090023          	sb	zero,0(s2)
    6000:	00000793          	li	a5,0
    6004:	000a8023          	sb	zero,0(s5)
    6008:	00fa2023          	sw	a5,0(s4)
    600c:	0c85                	addi	s9,s9,1
    600e:	0a85                	addi	s5,s5,1
    6010:	0a11                	addi	s4,s4,4
    6012:	0991                	addi	s3,s3,4
    6014:	040d0d13          	addi	s10,s10,64
    6018:	0905                	addi	s2,s2,1
    601a:	0485                	addi	s1,s1,1
    601c:	0405                	addi	s0,s0,1
    601e:	f96c97e3          	bne	s9,s6,5fac <_Z22AS5600_distance_updatam+0xe8>
    6022:	bdcd                	j	5f14 <_Z22AS5600_distance_updatam+0x50>
    6024:	0785                	addi	a5,a5,1
    6026:	0ff7f793          	zext.b	a5,a5
    602a:	a01c                	sb	a5,0(s0)
    602c:	4585                	li	a1,1
    602e:	f8b79ee3          	bne	a5,a1,5fca <_Z22AS5600_distance_updatam+0x106>
    6032:	00094783          	lbu	a5,0(s2)
    6036:	ffc9                	bnez	a5,5fd0 <_Z22AS5600_distance_updatam+0x10c>
    6038:	b7e1                	j	6000 <_Z22AS5600_distance_updatam+0x13c>
    603a:	0785                	addi	a5,a5,1
    603c:	0ff7f793          	zext.b	a5,a5
    6040:	a09c                	sb	a5,0(s1)
    6042:	fefef8e3          	bgeu	t4,a5,6032 <_Z22AS5600_distance_updatam+0x16e>
    6046:	bf5d                	j	5ffc <_Z22AS5600_distance_updatam+0x138>
    6048:	0009a783          	lw	a5,0(s3)
    604c:	40f58533          	sub	a0,a1,a5
    6050:	04ae5563          	bge	t3,a0,609a <_Z22AS5600_distance_updatam+0x1d6>
    6054:	8d19                	sub	a0,a0,a4
    6056:	00b9a023          	sw	a1,0(s3)
    605a:	751040ef          	jal	ra,afaa <__floatsisf>
    605e:	45a2                	lw	a1,8(sp)
    6060:	031040ef          	jal	ra,a890 <__mulsf3>
    6064:	85aa                	mv	a1,a0
    6066:	c02a                	sw	a0,0(sp)
    6068:	4512                	lw	a0,4(sp)
    606a:	027040ef          	jal	ra,a890 <__mulsf3>
    606e:	45b2                	lw	a1,12(sp)
    6070:	00aa2023          	sw	a0,0(s4)
    6074:	4502                	lw	a0,0(sp)
    6076:	01b040ef          	jal	ra,a890 <__mulsf3>
    607a:	85aa                	mv	a1,a0
    607c:	03cd2503          	lw	a0,60(s10)
    6080:	032040ef          	jal	ra,a0b2 <__addsf3>
    6084:	6785                	lui	a5,0x1
    6086:	02ad2e23          	sw	a0,60(s10)
    608a:	5f7d                	li	t5,-1
    608c:	4e89                	li	t4,2
    608e:	0ff00693          	li	a3,255
    6092:	80078e13          	addi	t3,a5,-2048 # 800 <__stack_size>
    6096:	6705                	lui	a4,0x1
    6098:	bf95                	j	600c <_Z22AS5600_distance_updatam+0x148>
    609a:	80000793          	li	a5,-2048
    609e:	faf55ce3          	bge	a0,a5,6056 <_Z22AS5600_distance_updatam+0x192>
    60a2:	953a                	add	a0,a0,a4
    60a4:	bf4d                	j	6056 <_Z22AS5600_distance_updatam+0x192>

000060a6 <_ZL13MOTOR_get_dirv>:
    60a6:	880fa2ef          	jal	t0,126 <__riscv_save_12>
    60aa:	7179                	addi	sp,sp,-48
    60ac:	d002                	sw	zero,32(sp)
    60ae:	d202                	sw	zero,36(sp)
    60b0:	d402                	sw	zero,40(sp)
    60b2:	d602                	sw	zero,44(sp)
    60b4:	ca02                	sw	zero,20(sp)
    60b6:	ed3fe0ef          	jal	ra,4f88 <_ZL19Motion_control_readv>
    60ba:	20002937          	lui	s2,0x20002
    60be:	e919                	bnez	a0,60d4 <_ZL13MOTOR_get_dirv+0x2e>
    60c0:	d7890793          	addi	a5,s2,-648 # 20001d78 <Motion_control_data_save>
    60c4:	0007a023          	sw	zero,0(a5)
    60c8:	0007a223          	sw	zero,4(a5)
    60cc:	0007a423          	sw	zero,8(a5)
    60d0:	0007a623          	sw	zero,12(a5)
    60d4:	d6fff0ef          	jal	ra,5e42 <_ZN20AS5600_soft_IIC_many12updata_angleEv.constprop.0>
    60d8:	200029b7          	lui	s3,0x20002
    60dc:	ca898793          	addi	a5,s3,-856 # 20001ca8 <MC_AS5600>
    60e0:	479c                	lw	a5,8(a5)
    60e2:	4641                	li	a2,16
    60e4:	d7890593          	addi	a1,s2,-648
    60e8:	239a                	lhu	a4,0(a5)
    60ea:	1008                	addi	a0,sp,32
    60ec:	84f8                	sh	a4,24(sp)
    60ee:	23ba                	lhu	a4,2(a5)
    60f0:	1004                	addi	s1,sp,32
    60f2:	85f8                	sh	a4,26(sp)
    60f4:	23da                	lhu	a4,4(a5)
    60f6:	23fe                	lhu	a5,6(a5)
    60f8:	4401                	li	s0,0
    60fa:	86f8                	sh	a4,28(sp)
    60fc:	87fc                	sh	a5,30(sp)
    60fe:	ca898993          	addi	s3,s3,-856
    6102:	ffff90ef          	jal	ra,100 <memcpy>
    6106:	a5818a13          	addi	s4,gp,-1448 # 200003e8 <_ZL13g_as5600_good>
    610a:	a9018a93          	addi	s5,gp,-1392 # 20000420 <filament_channel_inserted>
    610e:	4b11                	li	s6,4
    6110:	014407b3          	add	a5,s0,s4
    6114:	239c                	lbu	a5,0(a5)
    6116:	c785                	beqz	a5,613e <_ZL13MOTOR_get_dirv+0x98>
    6118:	015407b3          	add	a5,s0,s5
    611c:	239c                	lbu	a5,0(a5)
    611e:	c385                	beqz	a5,613e <_ZL13MOTOR_get_dirv+0x98>
    6120:	409c                	lw	a5,0(s1)
    6122:	ef91                	bnez	a5,613e <_ZL13MOTOR_get_dirv+0x98>
    6124:	3e800593          	li	a1,1000
    6128:	0ff47513          	zext.b	a0,s0
    612c:	ee9fa0ef          	jal	ra,1014 <_Z22Motion_control_set_PWMhi>
    6130:	02040793          	addi	a5,s0,32
    6134:	0814                	addi	a3,sp,16
    6136:	4705                	li	a4,1
    6138:	97b6                	add	a5,a5,a3
    613a:	fee78223          	sb	a4,-28(a5)
    613e:	0405                	addi	s0,s0,1
    6140:	0491                	addi	s1,s1,4
    6142:	fd6417e3          	bne	s0,s6,6110 <_ZL13MOTOR_get_dirv+0x6a>
    6146:	01414d83          	lbu	s11,20(sp)
    614a:	020d9163          	bnez	s11,616c <_ZL13MOTOR_get_dirv+0xc6>
    614e:	01514783          	lbu	a5,21(sp)
    6152:	efdd                	bnez	a5,6210 <_ZL13MOTOR_get_dirv+0x16a>
    6154:	01614d83          	lbu	s11,22(sp)
    6158:	0a0d9b63          	bnez	s11,620e <_ZL13MOTOR_get_dirv+0x168>
    615c:	01714783          	lbu	a5,23(sp)
    6160:	0c800413          	li	s0,200
    6164:	e799                	bnez	a5,6172 <_ZL13MOTOR_get_dirv+0xcc>
    6166:	6145                	addi	sp,sp,48
    6168:	ffbf906f          	j	162 <__riscv_restore_12>
    616c:	0c800413          	li	s0,200
    6170:	4d81                	li	s11,0
    6172:	6a05                	lui	s4,0x1
    6174:	4529                	li	a0,10
    6176:	862fb0ef          	jal	ra,11d8 <delay.part.0>
    617a:	01410c93          	addi	s9,sp,20
    617e:	cc5ff0ef          	jal	ra,5e42 <_ZN20AS5600_soft_IIC_many12updata_angleEv.constprop.0>
    6182:	01810b93          	addi	s7,sp,24
    6186:	02010c13          	addi	s8,sp,32
    618a:	4b01                	li	s6,0
    618c:	4a85                	li	s5,1
    618e:	4d11                	li	s10,4
    6190:	000cc583          	lbu	a1,0(s9)
    6194:	cd99                	beqz	a1,61b2 <_ZL13MOTOR_get_dirv+0x10c>
    6196:	0009a583          	lw	a1,0(s3)
    619a:	0ffb7513          	zext.b	a0,s6
    619e:	95da                	add	a1,a1,s6
    61a0:	0005c803          	lbu	a6,0(a1)
    61a4:	06081963          	bnez	a6,6216 <_ZL13MOTOR_get_dirv+0x170>
    61a8:	4581                	li	a1,0
    61aa:	e6bfa0ef          	jal	ra,1014 <_Z22Motion_control_set_PWMhi>
    61ae:	000c8023          	sb	zero,0(s9)
    61b2:	0b05                	addi	s6,s6,1
    61b4:	0c85                	addi	s9,s9,1
    61b6:	0c11                	addi	s8,s8,4
    61b8:	0b89                	addi	s7,s7,2
    61ba:	fdab1be3          	bne	s6,s10,6190 <_ZL13MOTOR_get_dirv+0xea>
    61be:	0a0a9a63          	bnez	s5,6272 <_ZL13MOTOR_get_dirv+0x1cc>
    61c2:	147d                	addi	s0,s0,-1
    61c4:	f845                	bnez	s0,6174 <_ZL13MOTOR_get_dirv+0xce>
    61c6:	4491                	li	s1,4
    61c8:	085c                	addi	a5,sp,20
    61ca:	97a2                	add	a5,a5,s0
    61cc:	239c                	lbu	a5,0(a5)
    61ce:	c791                	beqz	a5,61da <_ZL13MOTOR_get_dirv+0x134>
    61d0:	4581                	li	a1,0
    61d2:	0ff47513          	zext.b	a0,s0
    61d6:	e3ffa0ef          	jal	ra,1014 <_Z22Motion_control_set_PWMhi>
    61da:	0405                	addi	s0,s0,1
    61dc:	fe9416e3          	bne	s0,s1,61c8 <_ZL13MOTOR_get_dirv+0x122>
    61e0:	d7890793          	addi	a5,s2,-648
    61e4:	4701                	li	a4,0
    61e6:	4681                	li	a3,0
    61e8:	45c1                	li	a1,16
    61ea:	1010                	addi	a2,sp,32
    61ec:	963a                	add	a2,a2,a4
    61ee:	4210                	lw	a2,0(a2)
    61f0:	4388                	lw	a0,0(a5)
    61f2:	00a60463          	beq	a2,a0,61fa <_ZL13MOTOR_get_dirv+0x154>
    61f6:	c390                	sw	a2,0(a5)
    61f8:	4685                	li	a3,1
    61fa:	0711                	addi	a4,a4,4 # 1004 <_ZN14_MOTOR_CONTROL10set_motionE20filament_motion_enumyy+0x520>
    61fc:	0791                	addi	a5,a5,4
    61fe:	feb716e3          	bne	a4,a1,61ea <_ZL13MOTOR_get_dirv+0x144>
    6202:	f60d82e3          	beqz	s11,6166 <_ZL13MOTOR_get_dirv+0xc0>
    6206:	d2a5                	beqz	a3,6166 <_ZL13MOTOR_get_dirv+0xc0>
    6208:	f01fe0ef          	jal	ra,5108 <_ZL19Motion_control_savev>
    620c:	bfa9                	j	6166 <_ZL13MOTOR_get_dirv+0xc0>
    620e:	4d81                	li	s11,0
    6210:	0c800413          	li	s0,200
    6214:	bfb9                	j	6172 <_ZL13MOTOR_get_dirv+0xcc>
    6216:	0089a583          	lw	a1,8(s3)
    621a:	001b1893          	slli	a7,s6,0x1
    621e:	6785                	lui	a5,0x1
    6220:	95c6                	add	a1,a1,a7
    6222:	00059483          	lh	s1,0(a1)
    6226:	000b9583          	lh	a1,0(s7)
    622a:	80078793          	addi	a5,a5,-2048 # 800 <__stack_size>
    622e:	8c8d                	sub	s1,s1,a1
    6230:	0297d963          	bge	a5,s1,6262 <_ZL13MOTOR_get_dirv+0x1bc>
    6234:	414484b3          	sub	s1,s1,s4
    6238:	0a348593          	addi	a1,s1,163
    623c:	14600793          	li	a5,326
    6240:	02b7f763          	bgeu	a5,a1,626e <_ZL13MOTOR_get_dirv+0x1c8>
    6244:	4581                	li	a1,0
    6246:	c642                	sw	a6,12(sp)
    6248:	dcdfa0ef          	jal	ra,1014 <_Z22Motion_control_set_PWMhi>
    624c:	4832                	lw	a6,12(sp)
    624e:	55fd                	li	a1,-1
    6250:	00905363          	blez	s1,6256 <_ZL13MOTOR_get_dirv+0x1b0>
    6254:	4585                	li	a1,1
    6256:	00bc2023          	sw	a1,0(s8)
    625a:	000c8023          	sb	zero,0(s9)
    625e:	8dc2                	mv	s11,a6
    6260:	bf89                	j	61b2 <_ZL13MOTOR_get_dirv+0x10c>
    6262:	80000793          	li	a5,-2048
    6266:	fcf4d9e3          	bge	s1,a5,6238 <_ZL13MOTOR_get_dirv+0x192>
    626a:	94d2                	add	s1,s1,s4
    626c:	b7f1                	j	6238 <_ZL13MOTOR_get_dirv+0x192>
    626e:	4a81                	li	s5,0
    6270:	b789                	j	61b2 <_ZL13MOTOR_get_dirv+0x10c>
    6272:	4401                	li	s0,0
    6274:	bf89                	j	61c6 <_ZL13MOTOR_get_dirv+0x120>

00006276 <SystemInit>:
    6276:	400217b7          	lui	a5,0x40021
    627a:	4398                	lw	a4,0(a5)
    627c:	f0ff06b7          	lui	a3,0xf0ff0
    6280:	00176713          	ori	a4,a4,1
    6284:	c398                	sw	a4,0(a5)
    6286:	43d8                	lw	a4,4(a5)
    6288:	8f75                	and	a4,a4,a3
    628a:	c3d8                	sw	a4,4(a5)
    628c:	4398                	lw	a4,0(a5)
    628e:	fef706b7          	lui	a3,0xfef70
    6292:	16fd                	addi	a3,a3,-1 # fef6ffff <__freertos_irq_stack_top+0xdef6afff>
    6294:	8f75                	and	a4,a4,a3
    6296:	c398                	sw	a4,0(a5)
    6298:	4398                	lw	a4,0(a5)
    629a:	fffc06b7          	lui	a3,0xfffc0
    629e:	16fd                	addi	a3,a3,-1 # fffbffff <__freertos_irq_stack_top+0xdffbafff>
    62a0:	8f75                	and	a4,a4,a3
    62a2:	c398                	sw	a4,0(a5)
    62a4:	43d8                	lw	a4,4(a5)
    62a6:	ff0106b7          	lui	a3,0xff010
    62aa:	16fd                	addi	a3,a3,-1 # ff00ffff <__freertos_irq_stack_top+0xdf00afff>
    62ac:	8f75                	and	a4,a4,a3
    62ae:	c3d8                	sw	a4,4(a5)
    62b0:	009f0737          	lui	a4,0x9f0
    62b4:	c798                	sw	a4,8(a5)
    62b6:	40024737          	lui	a4,0x40024
    62ba:	80070713          	addi	a4,a4,-2048 # 40023800 <__freertos_irq_stack_top+0x2001e800>
    62be:	4314                	lw	a3,0(a4)
    62c0:	0106e693          	ori	a3,a3,16
    62c4:	c314                	sw	a3,0(a4)
    62c6:	43d8                	lw	a4,4(a5)
    62c8:	ffc106b7          	lui	a3,0xffc10
    62cc:	16fd                	addi	a3,a3,-1 # ffc0ffff <__freertos_irq_stack_top+0xdfc0afff>
    62ce:	c3d8                	sw	a4,4(a5)
    62d0:	43d8                	lw	a4,4(a5)
    62d2:	c3d8                	sw	a4,4(a5)
    62d4:	43d8                	lw	a4,4(a5)
    62d6:	40076713          	ori	a4,a4,1024
    62da:	c3d8                	sw	a4,4(a5)
    62dc:	43d8                	lw	a4,4(a5)
    62de:	8f75                	and	a4,a4,a3
    62e0:	c3d8                	sw	a4,4(a5)
    62e2:	43d8                	lw	a4,4(a5)
    62e4:	003c06b7          	lui	a3,0x3c0
    62e8:	8f55                	or	a4,a4,a3
    62ea:	c3d8                	sw	a4,4(a5)
    62ec:	4398                	lw	a4,0(a5)
    62ee:	010006b7          	lui	a3,0x1000
    62f2:	8f55                	or	a4,a4,a3
    62f4:	c398                	sw	a4,0(a5)
    62f6:	020006b7          	lui	a3,0x2000
    62fa:	4398                	lw	a4,0(a5)
    62fc:	8f75                	and	a4,a4,a3
    62fe:	df75                	beqz	a4,62fa <SystemInit+0x84>
    6300:	43d8                	lw	a4,4(a5)
    6302:	400216b7          	lui	a3,0x40021
    6306:	9b71                	andi	a4,a4,-4
    6308:	c3d8                	sw	a4,4(a5)
    630a:	43d8                	lw	a4,4(a5)
    630c:	00276713          	ori	a4,a4,2
    6310:	c3d8                	sw	a4,4(a5)
    6312:	4721                	li	a4,8
    6314:	42dc                	lw	a5,4(a3)
    6316:	8bb1                	andi	a5,a5,12
    6318:	fee79ee3          	bne	a5,a4,6314 <SystemInit+0x9e>
    631c:	8082                	ret

0000631e <USART1_IRQHandler>:
    631e:	400147b7          	lui	a5,0x40014
    6322:	80c7d703          	lhu	a4,-2036(a5) # 4001380c <__freertos_irq_stack_top+0x2000e80c>
    6326:	1101                	addi	sp,sp,-32
    6328:	80078693          	addi	a3,a5,-2048
    632c:	8007d783          	lhu	a5,-2048(a5)
    6330:	ce22                	sw	s0,28(sp)
    6332:	cc26                	sw	s1,24(sp)
    6334:	ca4a                	sw	s2,20(sp)
    6336:	c84e                	sw	s3,16(sp)
    6338:	c652                	sw	s4,12(sp)
    633a:	02077713          	andi	a4,a4,32
    633e:	cf29                	beqz	a4,6398 <USART1_IRQHandler+0x7a>
    6340:	07c2                	slli	a5,a5,0x10
    6342:	83c1                	srli	a5,a5,0x10
    6344:	0207f793          	andi	a5,a5,32
    6348:	cba1                	beqz	a5,6398 <USART1_IRQHandler+0x7a>
    634a:	20001737          	lui	a4,0x20001
    634e:	22c6                	lhu	s1,4(a3)
    6350:	4bc70713          	addi	a4,a4,1212 # 200014bc <__global_pointer$+0xb2c>
    6354:	42974783          	lbu	a5,1065(a4)
    6358:	04c2                	slli	s1,s1,0x10
    635a:	20001437          	lui	s0,0x20001
    635e:	80c1                	srli	s1,s1,0x10
    6360:	4bc40413          	addi	s0,s0,1212 # 200014bc <__global_pointer$+0xb2c>
    6364:	cb95                	beqz	a5,6398 <USART1_IRQHandler+0x7a>
    6366:	41472783          	lw	a5,1044(a4)
    636a:	0af05263          	blez	a5,640e <USART1_IRQHandler+0xf0>
    636e:	17fd                	addi	a5,a5,-1
    6370:	40f72a23          	sw	a5,1044(a4)
    6374:	e395                	bnez	a5,6398 <USART1_IRQHandler+0x7a>
    6376:	e000f7b7          	lui	a5,0xe000f
    637a:	4798                	lw	a4,8(a5)
    637c:	82c1a783          	lw	a5,-2004(gp) # 200001bc <time_hw_tpms>
    6380:	cb89                	beqz	a5,6392 <USART1_IRQHandler+0x74>
    6382:	3e800693          	li	a3,1000
    6386:	02d7b633          	mulhu	a2,a5,a3
    638a:	02d787b3          	mul	a5,a5,a3
    638e:	c211                	beqz	a2,6392 <USART1_IRQHandler+0x74>
    6390:	57fd                	li	a5,-1
    6392:	97ba                	add	a5,a5,a4
    6394:	a2f1a423          	sw	a5,-1496(gp) # 200003b8 <_ZL27bambubus_heartbeat_deadline>
    6398:	400146b7          	lui	a3,0x40014
    639c:	80c6d603          	lhu	a2,-2036(a3) # 4001380c <__freertos_irq_stack_top+0x2000e80c>
    63a0:	8006d783          	lhu	a5,-2048(a3)
    63a4:	80068713          	addi	a4,a3,-2048
    63a8:	04067613          	andi	a2,a2,64
    63ac:	07c2                	slli	a5,a5,0x10
    63ae:	83c1                	srli	a5,a5,0x10
    63b0:	c639                	beqz	a2,63fe <USART1_IRQHandler+0xe0>
    63b2:	0407f793          	andi	a5,a5,64
    63b6:	c7a1                	beqz	a5,63fe <USART1_IRQHandler+0xe0>
    63b8:	fbf00793          	li	a5,-65
    63bc:	80f69023          	sh	a5,-2048(a3)
    63c0:	8146d783          	lhu	a5,-2028(a3)
    63c4:	6741                	lui	a4,0x10
    63c6:	1779                	addi	a4,a4,-2 # fffe <MC_PULL_calibration.cpp.a99f3330+0x113e>
    63c8:	07c2                	slli	a5,a5,0x10
    63ca:	83c1                	srli	a5,a5,0x10
    63cc:	f7f7f793          	andi	a5,a5,-129
    63d0:	07c2                	slli	a5,a5,0x10
    63d2:	83c1                	srli	a5,a5,0x10
    63d4:	80f69a23          	sh	a5,-2028(a3)
    63d8:	400206b7          	lui	a3,0x40020
    63dc:	42fc                	lw	a5,68(a3)
    63de:	8ff9                	and	a5,a5,a4
    63e0:	c2fc                	sw	a5,68(a3)
    63e2:	400117b7          	lui	a5,0x40011
    63e6:	6705                	lui	a4,0x1
    63e8:	80078793          	addi	a5,a5,-2048 # 40010800 <__freertos_irq_stack_top+0x2000b800>
    63ec:	cbd8                	sw	a4,20(a5)
    63ee:	200007b7          	lui	a5,0x20000
    63f2:	4bc78793          	addi	a5,a5,1212 # 200004bc <bus_port_to_host>
    63f6:	97ba                	add	a5,a5,a4
    63f8:	4705                	li	a4,1
    63fa:	42e784a3          	sb	a4,1065(a5)
    63fe:	4472                	lw	s0,28(sp)
    6400:	44e2                	lw	s1,24(sp)
    6402:	4952                	lw	s2,20(sp)
    6404:	49c2                	lw	s3,16(sp)
    6406:	4a32                	lw	s4,12(sp)
    6408:	6105                	addi	sp,sp,32
    640a:	30200073          	mret
    640e:	40442903          	lw	s2,1028(s0)
    6412:	1ff4f793          	andi	a5,s1,511
    6416:	0ff4f493          	zext.b	s1,s1
    641a:	02091a63          	bnez	s2,644e <USART1_IRQHandler+0x130>
    641e:	03d00793          	li	a5,61
    6422:	00f48663          	beq	s1,a5,642e <USART1_IRQHandler+0x110>
    6426:	03300793          	li	a5,51
    642a:	f6f497e3          	bne	s1,a5,6398 <USART1_IRQHandler+0x7a>
    642e:	41042783          	lw	a5,1040(s0)
    6432:	a384                	sb	s1,0(a5)
    6434:	4785                	li	a5,1
    6436:	40f42223          	sw	a5,1028(s0)
    643a:	4799                	li	a5,6
    643c:	40f42423          	sw	a5,1032(s0)
    6440:	60400793          	li	a5,1540
    6444:	40f41623          	sh	a5,1036(s0)
    6448:	40940723          	sb	s1,1038(s0)
    644c:	b7b1                	j	6398 <USART1_IRQHandler+0x7a>
    644e:	4ff00713          	li	a4,1279
    6452:	01277563          	bgeu	a4,s2,645c <USART1_IRQHandler+0x13e>
    6456:	40042223          	sw	zero,1028(s0)
    645a:	bf3d                	j	6398 <USART1_IRQHandler+0x7a>
    645c:	41042983          	lw	s3,1040(s0)
    6460:	01298733          	add	a4,s3,s2
    6464:	a304                	sb	s1,0(a4)
    6466:	4705                	li	a4,1
    6468:	00e91a63          	bne	s2,a4,647c <USART1_IRQHandler+0x15e>
    646c:	07e2                	slli	a5,a5,0x18
    646e:	87e1                	srai	a5,a5,0x18
    6470:	0807db63          	bgez	a5,6506 <USART1_IRQHandler+0x1e8>
    6474:	30200793          	li	a5,770
    6478:	40f41623          	sh	a5,1036(s0)
    647c:	40c44a03          	lbu	s4,1036(s0)
    6480:	03491763          	bne	s2,s4,64ae <USART1_IRQHandler+0x190>
    6484:	40e44783          	lbu	a5,1038(s0)
    6488:	03d00713          	li	a4,61
    648c:	0ae79363          	bne	a5,a4,6532 <USART1_IRQHandler+0x214>
    6490:	4789                	li	a5,2
    6492:	08f91863          	bne	s2,a5,6522 <USART1_IRQHandler+0x204>
    6496:	40942423          	sw	s1,1032(s0)
    649a:	40842783          	lw	a5,1032(s0)
    649e:	40d44703          	lbu	a4,1037(s0)
    64a2:	faf75ae3          	bge	a4,a5,6456 <USART1_IRQHandler+0x138>
    64a6:	50000713          	li	a4,1280
    64aa:	faf746e3          	blt	a4,a5,6456 <USART1_IRQHandler+0x138>
    64ae:	40d44783          	lbu	a5,1037(s0)
    64b2:	00f91863          	bne	s2,a5,64c2 <USART1_IRQHandler+0x1a4>
    64b6:	85ca                	mv	a1,s2
    64b8:	854e                	mv	a0,s3
    64ba:	c53fa0ef          	jal	ra,110c <bus_crc8>
    64be:	f8a49ce3          	bne	s1,a0,6456 <USART1_IRQHandler+0x138>
    64c2:	40e44683          	lbu	a3,1038(s0)
    64c6:	03d00713          	li	a4,61
    64ca:	40842783          	lw	a5,1032(s0)
    64ce:	06e69a63          	bne	a3,a4,6542 <USART1_IRQHandler+0x224>
    64d2:	4711                	li	a4,4
    64d4:	06e91763          	bne	s2,a4,6542 <USART1_IRQHandler+0x224>
    64d8:	4709                	li	a4,2
    64da:	06ea1463          	bne	s4,a4,6542 <USART1_IRQHandler+0x224>
    64de:	4715                	li	a4,5
    64e0:	06f75463          	bge	a4,a5,6548 <USART1_IRQHandler+0x22a>
    64e4:	0019c683          	lbu	a3,1(s3)
    64e8:	0c500713          	li	a4,197
    64ec:	4915                	li	s2,5
    64ee:	06e69d63          	bne	a3,a4,6568 <USART1_IRQHandler+0x24a>
    64f2:	02000713          	li	a4,32
    64f6:	06e49963          	bne	s1,a4,6568 <USART1_IRQHandler+0x24a>
    64fa:	17ed                	addi	a5,a5,-5
    64fc:	40042223          	sw	zero,1028(s0)
    6500:	40f42a23          	sw	a5,1044(s0)
    6504:	bd51                	j	6398 <USART1_IRQHandler+0x7a>
    6506:	40e44683          	lbu	a3,1038(s0)
    650a:	4799                	li	a5,6
    650c:	40f406a3          	sb	a5,1037(s0)
    6510:	03d00713          	li	a4,61
    6514:	4791                	li	a5,4
    6516:	00e69363          	bne	a3,a4,651c <USART1_IRQHandler+0x1fe>
    651a:	4795                	li	a5,5
    651c:	40f40623          	sb	a5,1036(s0)
    6520:	bfb1                	j	647c <USART1_IRQHandler+0x15e>
    6522:	0049c783          	lbu	a5,4(s3)
    6526:	00849713          	slli	a4,s1,0x8
    652a:	8fd9                	or	a5,a5,a4
    652c:	40f42423          	sw	a5,1032(s0)
    6530:	b7ad                	j	649a <USART1_IRQHandler+0x17c>
    6532:	03300713          	li	a4,51
    6536:	f6e792e3          	bne	a5,a4,649a <USART1_IRQHandler+0x17c>
    653a:	00249793          	slli	a5,s1,0x2
    653e:	07b1                	addi	a5,a5,12
    6540:	b7f5                	j	652c <USART1_IRQHandler+0x20e>
    6542:	0905                	addi	s2,s2,1
    6544:	02f94263          	blt	s2,a5,6568 <USART1_IRQHandler+0x24a>
    6548:	42042703          	lw	a4,1056(s0)
    654c:	40042223          	sw	zero,1028(s0)
    6550:	e40714e3          	bnez	a4,6398 <USART1_IRQHandler+0x7a>
    6554:	40040713          	addi	a4,s0,1024
    6558:	4b0c                	lw	a1,16(a4)
    655a:	4f50                	lw	a2,28(a4)
    655c:	cf4c                	sw	a1,28(a4)
    655e:	42d40423          	sb	a3,1064(s0)
    6562:	cb10                	sw	a2,16(a4)
    6564:	d31c                	sw	a5,32(a4)
    6566:	bd0d                	j	6398 <USART1_IRQHandler+0x7a>
    6568:	41242223          	sw	s2,1028(s0)
    656c:	b535                	j	6398 <USART1_IRQHandler+0x7a>

0000656e <main>:
    656e:	bb9f92ef          	jal	t0,126 <__riscv_save_12>
    6572:	7119                	addi	sp,sp,-128
    6574:	d03ff0ef          	jal	ra,6276 <SystemInit>
    6578:	40021737          	lui	a4,0x40021
    657c:	435c                	lw	a5,4(a4)
    657e:	46a1                	li	a3,8
    6580:	8bb1                	andi	a5,a5,12
    6582:	5ad790e3          	bne	a5,a3,7322 <main+0xdb4>
    6586:	435c                	lw	a5,4(a4)
    6588:	4358                	lw	a4,4(a4)
    658a:	66c1                	lui	a3,0x10
    658c:	83c9                	srli	a5,a5,0x12
    658e:	8bbd                	andi	a5,a5,15
    6590:	8f75                	and	a4,a4,a3
    6592:	0789                	addi	a5,a5,2
    6594:	46c5                	li	a3,17
    6596:	00d79363          	bne	a5,a3,659c <main+0x2e>
    659a:	47c9                	li	a5,18
    659c:	ef01                	bnez	a4,65b4 <main+0x46>
    659e:	40024737          	lui	a4,0x40024
    65a2:	80072703          	lw	a4,-2048(a4) # 40023800 <__freertos_irq_stack_top+0x2001e800>
    65a6:	8b41                	andi	a4,a4,16
    65a8:	cf09                	beqz	a4,65c2 <main+0x54>
    65aa:	007a1737          	lui	a4,0x7a1
    65ae:	20070713          	addi	a4,a4,512 # 7a1200 <ch32v20x_wwdg.c.f78e58f2+0x783f05>
    65b2:	a821                	j	65ca <main+0x5c>
    65b4:	40021737          	lui	a4,0x40021
    65b8:	4358                	lw	a4,4(a4)
    65ba:	000206b7          	lui	a3,0x20
    65be:	8f75                	and	a4,a4,a3
    65c0:	d76d                	beqz	a4,65aa <main+0x3c>
    65c2:	003d1737          	lui	a4,0x3d1
    65c6:	90070713          	addi	a4,a4,-1792 # 3d0900 <ch32v20x_wwdg.c.f78e58f2+0x3b3605>
    65ca:	02e787b3          	mul	a5,a5,a4
    65ce:	40021737          	lui	a4,0x40021
    65d2:	4354                	lw	a3,4(a4)
    65d4:	20000737          	lui	a4,0x20000
    65d8:	00070713          	mv	a4,a4
    65dc:	8291                	srli	a3,a3,0x4
    65de:	8abd                	andi	a3,a3,15
    65e0:	9736                	add	a4,a4,a3
    65e2:	2314                	lbu	a3,0(a4)
    65e4:	20000737          	lui	a4,0x20000
    65e8:	00d7d7b3          	srl	a5,a5,a3
    65ec:	18f72823          	sw	a5,400(a4) # 20000190 <SystemCoreClock>
    65f0:	e000f7b7          	lui	a5,0xe000f
    65f4:	0007a023          	sw	zero,0(a5) # e000f000 <__freertos_irq_stack_top+0xc000a000>
    65f8:	0007a223          	sw	zero,4(a5)
    65fc:	0007a423          	sw	zero,8(a5)
    6600:	0007a623          	sw	zero,12(a5)
    6604:	56fd                	li	a3,-1
    6606:	cb94                	sw	a3,16(a5)
    6608:	cbd4                	sw	a3,20(a5)
    660a:	46a5                	li	a3,9
    660c:	c394                	sw	a3,0(a5)
    660e:	19072683          	lw	a3,400(a4)
    6612:	007a1737          	lui	a4,0x7a1
    6616:	1ff70613          	addi	a2,a4,511 # 7a11ff <ch32v20x_wwdg.c.f78e58f2+0x783f04>
    661a:	4785                	li	a5,1
    661c:	00d67663          	bgeu	a2,a3,6628 <main+0xba>
    6620:	20070713          	addi	a4,a4,512
    6624:	02e6d7b3          	divu	a5,a3,a4
    6628:	3e800713          	li	a4,1000
    662c:	80f1ae23          	sw	a5,-2020(gp) # 200001ac <time_hw_tpus>
    6630:	02e787b3          	mul	a5,a5,a4
    6634:	82f1a623          	sw	a5,-2004(gp) # 200001bc <time_hw_tpms>
    6638:	08800793          	li	a5,136
    663c:	8007a073          	csrs	0x800,a5
    6640:	400217b7          	lui	a5,0x40021
    6644:	4b98                	lw	a4,16(a5)
    6646:	6685                	lui	a3,0x1
    6648:	80068693          	addi	a3,a3,-2048 # 800 <__stack_size>
    664c:	8f55                	or	a4,a4,a3
    664e:	cb98                	sw	a4,16(a5)
    6650:	4b94                	lw	a3,16(a5)
    6652:	777d                	lui	a4,0xfffff
    6654:	7ff70713          	addi	a4,a4,2047 # fffff7ff <__freertos_irq_stack_top+0xdfffa7ff>
    6658:	8ef9                	and	a3,a3,a4
    665a:	cb94                	sw	a3,16(a5)
    665c:	4fd4                	lw	a3,28(a5)
    665e:	8f75                	and	a4,a4,a3
    6660:	cfd8                	sw	a4,28(a5)
    6662:	4f98                	lw	a4,24(a5)
    6664:	00176713          	ori	a4,a4,1
    6668:	cf98                	sw	a4,24(a5)
    666a:	4705                	li	a4,1
    666c:	9ee1a023          	sw	a4,-1568(gp) # 20000370 <NVIC_Priority_Group>
    6670:	40022737          	lui	a4,0x40022
    6674:	5b14                	lw	a3,48(a4)
    6676:	400107b7          	lui	a5,0x40010
    667a:	0f000737          	lui	a4,0xf000
    667e:	43dc                	lw	a5,4(a5)
    6680:	8f75                	and	a4,a4,a3
    6682:	eb01                	bnez	a4,6692 <main+0x124>
    6684:	0017d713          	srli	a4,a5,0x1
    6688:	76f9                	lui	a3,0xffffe
    668a:	07ce                	slli	a5,a5,0x13
    668c:	8f75                	and	a4,a4,a3
    668e:	83cd                	srli	a5,a5,0x13
    6690:	8fd9                	or	a5,a5,a4
    6692:	7761                	lui	a4,0xffff8
    6694:	177d                	addi	a4,a4,-1 # ffff7fff <__freertos_irq_stack_top+0xdfff2fff>
    6696:	8ff9                	and	a5,a5,a4
    6698:	0f008737          	lui	a4,0xf008
    669c:	8fd9                	or	a5,a5,a4
    669e:	400119b7          	lui	s3,0x40011
    66a2:	40010737          	lui	a4,0x40010
    66a6:	c35c                	sw	a5,4(a4)
    66a8:	4689                	li	a3,2
    66aa:	40098613          	addi	a2,s3,1024 # 40011400 <__freertos_irq_stack_top+0x2000c400>
    66ae:	4585                	li	a1,1
    66b0:	aec18513          	addi	a0,gp,-1300 # 2000047c <SYS_RGB>
    66b4:	c8dfb0ef          	jal	ra,2340 <_ZN12WS2812_class4initEhP12GPIO_TypeDeft>
    66b8:	6a05                	lui	s4,0x1
    66ba:	20002437          	lui	s0,0x20002
    66be:	800a0693          	addi	a3,s4,-2048 # 800 <__stack_size>
    66c2:	80098613          	addi	a2,s3,-2048
    66c6:	4589                	li	a1,2
    66c8:	21040513          	addi	a0,s0,528 # 20002210 <RGBOUT>
    66cc:	c75fb0ef          	jal	ra,2340 <_ZN12WS2812_class4initEhP12GPIO_TypeDeft>
    66d0:	20002537          	lui	a0,0x20002
    66d4:	10000693          	li	a3,256
    66d8:	80098613          	addi	a2,s3,-2048
    66dc:	4589                	li	a1,2
    66de:	24050513          	addi	a0,a0,576 # 20002240 <RGBOUT+0x30>
    66e2:	c5ffb0ef          	jal	ra,2340 <_ZN12WS2812_class4initEhP12GPIO_TypeDeft>
    66e6:	20002537          	lui	a0,0x20002
    66ea:	4689                	li	a3,2
    66ec:	c0098613          	addi	a2,s3,-1024
    66f0:	4589                	li	a1,2
    66f2:	27050513          	addi	a0,a0,624 # 20002270 <RGBOUT+0x60>
    66f6:	c4bfb0ef          	jal	ra,2340 <_ZN12WS2812_class4initEhP12GPIO_TypeDeft>
    66fa:	20002537          	lui	a0,0x20002
    66fe:	4685                	li	a3,1
    6700:	c0098613          	addi	a2,s3,-1024
    6704:	4589                	li	a1,2
    6706:	2a050513          	addi	a0,a0,672 # 200022a0 <RGBOUT+0x90>
    670a:	c37fb0ef          	jal	ra,2340 <_ZN12WS2812_class4initEhP12GPIO_TypeDeft>
    670e:	4529                	li	a0,10
    6710:	ac9fa0ef          	jal	ra,11d8 <delay.part.0>
    6714:	aec18793          	addi	a5,gp,-1300 # 2000047c <SYS_RGB>
    6718:	23f8                	lbu	a4,6(a5)
    671a:	cb09                	beqz	a4,672c <main+0x1be>
    671c:	4798                	lw	a4,8(a5)
    671e:	01470763          	beq	a4,s4,672c <main+0x1be>
    6722:	4705                	li	a4,1
    6724:	0147a423          	sw	s4,8(a5) # 40010008 <__freertos_irq_stack_top+0x2000b008>
    6728:	02e78623          	sb	a4,44(a5)
    672c:	21040793          	addi	a5,s0,528
    6730:	4705                	li	a4,1
    6732:	23f4                	lbu	a3,6(a5)
    6734:	c699                	beqz	a3,6742 <main+0x1d4>
    6736:	4794                	lw	a3,8(a5)
    6738:	c689                	beqz	a3,6742 <main+0x1d4>
    673a:	0007a423          	sw	zero,8(a5)
    673e:	02e78623          	sb	a4,44(a5)
    6742:	200026b7          	lui	a3,0x20002
    6746:	03078793          	addi	a5,a5,48
    674a:	2d068693          	addi	a3,a3,720 # 200022d0 <_ZL10g_fil_last>
    674e:	fed792e3          	bne	a5,a3,6732 <main+0x1c4>
    6752:	93afb0ef          	jal	ra,188c <_Z10RGB_updatev>
    6756:	03200513          	li	a0,50
    675a:	a7ffa0ef          	jal	ra,11d8 <delay.part.0>
    675e:	8741a403          	lw	s0,-1932(gp) # 20000204 <_ZL7g_scale+0x44>
    6762:	200024b7          	lui	s1,0x20002
    6766:	d9048713          	addi	a4,s1,-624 # 20001d90 <ams>
    676a:	4501                	li	a0,0
    676c:	d9048493          	addi	s1,s1,-624
    6770:	56fd                	li	a3,-1
    6772:	11400313          	li	t1,276
    6776:	04700813          	li	a6,71
    677a:	04600e13          	li	t3,70
    677e:	03000893          	li	a7,48
    6782:	0dc00e93          	li	t4,220
    6786:	0f000f13          	li	t5,240
    678a:	05000f93          	li	t6,80
    678e:	04500293          	li	t0,69
    6792:	05400393          	li	t2,84
    6796:	4985                	li	s3,1
    6798:	4a59                	li	s4,22
    679a:	4ad1                	li	s5,20
    679c:	4b11                	li	s6,4
    679e:	02650bb3          	mul	s7,a0,t1
    67a2:	10d70223          	sb	a3,260(a4) # 40010104 <__freertos_irq_stack_top+0x2000b104>
    67a6:	100706a3          	sb	zero,269(a4)
    67aa:	10d71723          	sh	a3,270(a4)
    67ae:	10070823          	sb	zero,272(a4)
    67b2:	87ba                	mv	a5,a4
    67b4:	4581                	li	a1,0
    67b6:	00659613          	slli	a2,a1,0x6
    67ba:	965e                	add	a2,a2,s7
    67bc:	9626                	add	a2,a2,s1
    67be:	02062423          	sw	zero,40(a2) # e000f028 <__freertos_irq_stack_top+0xc000a028>
    67c2:	02062623          	sw	zero,44(a2)
    67c6:	00000613          	li	a2,0
    67ca:	01078223          	sb	a6,4(a5)
    67ce:	01c782a3          	sb	t3,5(a5)
    67d2:	01078323          	sb	a6,6(a5)
    67d6:	011783a3          	sb	a7,7(a5)
    67da:	01178423          	sb	a7,8(a5)
    67de:	000784a3          	sb	zero,9(a5)
    67e2:	a7d4                	sb	a3,12(a5)
    67e4:	b7d4                	sb	a3,13(a5)
    67e6:	a7f4                	sb	a3,14(a5)
    67e8:	b7f4                	sb	a3,15(a5)
    67ea:	01d79823          	sh	t4,16(a5)
    67ee:	01e79923          	sh	t5,18(a5)
    67f2:	01f78a23          	sb	t6,20(a5)
    67f6:	00578aa3          	sb	t0,21(a5)
    67fa:	00778b23          	sb	t2,22(a5)
    67fe:	01078ba3          	sb	a6,23(a5)
    6802:	00078c23          	sb	zero,24(a5)
    6806:	dfc0                	sw	s0,60(a5)
    6808:	c3b0                	sw	a2,64(a5)
    680a:	03378a23          	sb	s3,52(a5)
    680e:	02078aa3          	sb	zero,53(a5)
    6812:	03478ba3          	sb	s4,55(a5)
    6816:	03578c23          	sb	s5,56(a5)
    681a:	0585                	addi	a1,a1,1
    681c:	04078793          	addi	a5,a5,64
    6820:	f9659be3          	bne	a1,s6,67b6 <main+0x248>
    6824:	0505                	addi	a0,a0,1
    6826:	11470713          	addi	a4,a4,276
    682a:	f6b51ae3          	bne	a0,a1,679e <main+0x230>
    682e:	d0efe0ef          	jal	ra,4d3c <_Z16Flash_saves_initv>
    6832:	aa41c783          	lbu	a5,-1372(gp) # 20000434 <_ZL16g_adc_dma_inited>
    6836:	2e078ce3          	beqz	a5,732e <main+0xdc0>
    683a:	f3efb0ef          	jal	ra,1f78 <_Z19ADC_DMA_gpio_analogv>
    683e:	400207b7          	lui	a5,0x40020
    6842:	473d                	li	a4,15
    6844:	c3d8                	sw	a4,4(a5)
    6846:	0ff0000f          	fence
    684a:	93df90ef          	jal	ra,186 <_ZL12filter_resetv>
    684e:	9bdfa0ef          	jal	ra,120a <_Z17ADC_DMA_wait_fullv>
    6852:	9b9fa0ef          	jal	ra,120a <_Z17ADC_DMA_wait_fullv>
    6856:	917fe0ef          	jal	ra,516c <_Z24MC_PULL_calibration_bootv>
    685a:	200029b7          	lui	s3,0x20002
    685e:	200027b7          	lui	a5,0x20002
    6862:	2d098993          	addi	s3,s3,720 # 200022d0 <_ZL10g_fil_last>
    6866:	d9078413          	addi	s0,a5,-624 # 20001d90 <ams>
    686a:	4a01                	li	s4,0
    686c:	aa018a93          	addi	s5,gp,-1376 # 20000430 <_ZL10g_fil_have>
    6870:	4b11                	li	s6,4
    6872:	015a07b3          	add	a5,s4,s5
    6876:	239c                	lbu	a5,0(a5)
    6878:	cba9                	beqz	a5,68ca <main+0x35c>
    687a:	02000613          	li	a2,32
    687e:	85ce                	mv	a1,s3
    6880:	08a8                	addi	a0,sp,88
    6882:	87ff90ef          	jal	ra,100 <memcpy>
    6886:	4866                	lw	a6,88(sp)
    6888:	0089c503          	lbu	a0,8(s3)
    688c:	0099c583          	lbu	a1,9(s3)
    6890:	00a9c603          	lbu	a2,10(s3)
    6894:	00b9c683          	lbu	a3,11(s3)
    6898:	00c9d703          	lhu	a4,12(s3)
    689c:	00e9d783          	lhu	a5,14(s3)
    68a0:	01042223          	sw	a6,4(s0)
    68a4:	4876                	lw	a6,92(sp)
    68a6:	a448                	sb	a0,12(s0)
    68a8:	b44c                	sb	a1,13(s0)
    68aa:	a470                	sb	a2,14(s0)
    68ac:	01042423          	sw	a6,8(s0)
    68b0:	b474                	sb	a3,15(s0)
    68b2:	a81a                	sh	a4,16(s0)
    68b4:	a83e                	sh	a5,18(s0)
    68b6:	02042223          	sw	zero,36(s0)
    68ba:	4641                	li	a2,16
    68bc:	10ac                	addi	a1,sp,104
    68be:	01440513          	addi	a0,s0,20
    68c2:	83ff90ef          	jal	ra,100 <memcpy>
    68c6:	020403a3          	sb	zero,39(s0)
    68ca:	0a05                	addi	s4,s4,1
    68cc:	02098993          	addi	s3,s3,32
    68d0:	04040413          	addi	s0,s0,64
    68d4:	f96a1fe3          	bne	s4,s6,6872 <main+0x304>
    68d8:	000808b7          	lui	a7,0x80
    68dc:	e339e337          	lui	t1,0xe339e
    68e0:	31415e37          	lui	t3,0x31415
    68e4:	4701                	li	a4,0
    68e6:	0ff00793          	li	a5,255
    68ea:	4681                	li	a3,0
    68ec:	4801                	li	a6,0
    68ee:	4501                	li	a0,0
    68f0:	0f688893          	addi	a7,a7,246 # 800f6 <ch32v20x_wwdg.c.f78e58f2+0x62dfb>
    68f4:	33930313          	addi	t1,t1,825 # e339e339 <__freertos_irq_stack_top+0xc3399339>
    68f8:	5ffd                	li	t6,-1
    68fa:	0a500293          	li	t0,165
    68fe:	453e0e13          	addi	t3,t3,1107 # 31415453 <__freertos_irq_stack_top+0x11410453>
    6902:	14000f13          	li	t5,320
    6906:	00555613          	srli	a2,a0,0x5
    690a:	9646                	add	a2,a2,a7
    690c:	01f57593          	andi	a1,a0,31
    6910:	058e                	slli	a1,a1,0x3
    6912:	0622                	slli	a2,a2,0x8
    6914:	962e                	add	a2,a2,a1
    6916:	420c                	lw	a1,0(a2)
    6918:	4250                	lw	a2,4(a2)
    691a:	02658d63          	beq	a1,t1,6954 <main+0x3e6>
    691e:	03f58b63          	beq	a1,t6,6954 <main+0x3e6>
    6922:	0185de93          	srli	t4,a1,0x18
    6926:	025e9763          	bne	t4,t0,6954 <main+0x3e6>
    692a:	8e2d                	xor	a2,a2,a1
    692c:	03c61463          	bne	a2,t3,6954 <main+0x3e6>
    6930:	0085d613          	srli	a2,a1,0x8
    6934:	0642                	slli	a2,a2,0x10
    6936:	8241                	srli	a2,a2,0x10
    6938:	00080963          	beqz	a6,694a <main+0x3dc>
    693c:	40d60eb3          	sub	t4,a2,a3
    6940:	0ec2                	slli	t4,t4,0x10
    6942:	410ede93          	srai	t4,t4,0x10
    6946:	01d05763          	blez	t4,6954 <main+0x3e6>
    694a:	0ff5f793          	zext.b	a5,a1
    694e:	872a                	mv	a4,a0
    6950:	86b2                	mv	a3,a2
    6952:	4805                	li	a6,1
    6954:	0505                	addi	a0,a0,1
    6956:	fbe518e3          	bne	a0,t5,6906 <main+0x398>
    695a:	1c080ee3          	beqz	a6,7336 <main+0xdc8>
    695e:	0705                	addi	a4,a4,1
    6960:	02a77733          	remu	a4,a4,a0
    6964:	0685                	addi	a3,a3,1
    6966:	06c2                	slli	a3,a3,0x10
    6968:	82c1                	srli	a3,a3,0x10
    696a:	863e                	mv	a2,a5
    696c:	0742                	slli	a4,a4,0x10
    696e:	8341                	srli	a4,a4,0x10
    6970:	a8d19c23          	sh	a3,-1384(gp) # 20000428 <_ZL9g_sta_seq>
    6974:	a8e19b23          	sh	a4,-1386(gp) # 20000426 <_ZL10g_sta_slot>
    6978:	a9018a23          	sb	a6,-1388(gp) # 20000424 <_ZL16g_sta_have_saved>
    697c:	82c18423          	sb	a2,-2008(gp) # 200001b8 <_ZL18g_sta_saved_loaded>
    6980:	80f18a23          	sb	a5,-2028(gp) # 200001a4 <_ZL11g_loaded_ch>
    6984:	470d                	li	a4,3
    6986:	02f76963          	bltu	a4,a5,69b8 <main+0x44a>
    698a:	4711                	li	a4,4
    698c:	10e486a3          	sb	a4,269(s1)
    6990:	670d                	lui	a4,0x3
    6992:	b0070713          	addi	a4,a4,-1280 # 2b00 <_ZL16motor_motion_runiym+0x620>
    6996:	10f48223          	sb	a5,260(s1)
    699a:	079a                	slli	a5,a5,0x6
    699c:	10e49723          	sh	a4,270(s1)
    69a0:	02048aa3          	sb	zero,53(s1)
    69a4:	06048aa3          	sb	zero,117(s1)
    69a8:	0a048aa3          	sb	zero,181(s1)
    69ac:	0e048aa3          	sb	zero,245(s1)
    69b0:	97a6                	add	a5,a5,s1
    69b2:	4709                	li	a4,2
    69b4:	02e78aa3          	sb	a4,53(a5)
    69b8:	4785                	li	a5,1
    69ba:	10f48823          	sb	a5,272(s1)
    69be:	478d                	li	a5,3
    69c0:	a09c                	sb	a5,0(s1)
    69c2:	dc6fe0ef          	jal	ra,4f88 <_ZL19Motion_control_readv>
    69c6:	deefb0ef          	jal	ra,1fb4 <_Z32MC_PULL_detect_channels_insertedv>
    69ca:	e000f7b7          	lui	a5,0xe000f
    69ce:	4788                	lw	a0,8(a5)
    69d0:	4405                	li	s0,1
    69d2:	c1bf90ef          	jal	ra,5ec <_ZL19MC_PULL_ONLINE_readm>
    69d6:	20002537          	lui	a0,0x20002
    69da:	200025b7          	lui	a1,0x20002
    69de:	20002637          	lui	a2,0x20002
    69e2:	200026b7          	lui	a3,0x20002
    69e6:	81818e13          	addi	t3,gp,-2024 # 200001a8 <_ZL9dm_loaded>
    69ea:	a8018313          	addi	t1,gp,-1408 # 20000410 <_ZL13dm_fail_latch>
    69ee:	a5018893          	addi	a7,gp,-1456 # 200003e0 <_ZL13dm_auto_state>
    69f2:	a4c18813          	addi	a6,gp,-1460 # 200003dc <_ZL11dm_auto_try>
    69f6:	c6850513          	addi	a0,a0,-920 # 20001c68 <_ZL13dm_auto_t0_ms>
    69fa:	c5858593          	addi	a1,a1,-936 # 20001c58 <_ZL16dm_auto_remain_m>
    69fe:	c4860613          	addi	a2,a2,-952 # 20001c48 <_ZL14dm_auto_last_m>
    6a02:	c2868693          	addi	a3,a3,-984 # 20001c28 <_ZL20dm_loaded_drop_t0_ms>
    6a06:	a4818713          	addi	a4,gp,-1464 # 200003d8 <_ZL16dm_autoload_gate>
    6a0a:	4781                	li	a5,0
    6a0c:	a9018f13          	addi	t5,gp,-1392 # 20000420 <filament_channel_inserted>
    6a10:	a8418f93          	addi	t6,gp,-1404 # 20000414 <_ZL17MC_ONLINE_key_stu>
    6a14:	4391                	li	t2,4
    6a16:	01e78eb3          	add	t4,a5,t5
    6a1a:	000ece83          	lbu	t4,0(t4)
    6a1e:	120e92e3          	bnez	t4,7342 <main+0xdd4>
    6a22:	4981                	li	s3,0
    6a24:	4a01                	li	s4,0
    6a26:	00000493          	li	s1,0
    6a2a:	008e0023          	sb	s0,0(t3)
    6a2e:	00030023          	sb	zero,0(t1)
    6a32:	00088023          	sb	zero,0(a7)
    6a36:	00080023          	sb	zero,0(a6)
    6a3a:	01352023          	sw	s3,0(a0)
    6a3e:	01452223          	sw	s4,4(a0)
    6a42:	c184                	sw	s1,0(a1)
    6a44:	c204                	sw	s1,0(a2)
    6a46:	0136a023          	sw	s3,0(a3)
    6a4a:	0146a223          	sw	s4,4(a3)
    6a4e:	00070023          	sb	zero,0(a4)
    6a52:	0785                	addi	a5,a5,1 # e000f001 <__freertos_irq_stack_top+0xc000a001>
    6a54:	0e05                	addi	t3,t3,1
    6a56:	0305                	addi	t1,t1,1
    6a58:	0885                	addi	a7,a7,1
    6a5a:	0805                	addi	a6,a6,1
    6a5c:	0521                	addi	a0,a0,8
    6a5e:	0591                	addi	a1,a1,4
    6a60:	0611                	addi	a2,a2,4
    6a62:	06a1                	addi	a3,a3,8
    6a64:	0705                	addi	a4,a4,1
    6a66:	fa7798e3          	bne	a5,t2,6a16 <main+0x4a8>
    6a6a:	20002437          	lui	s0,0x20002
    6a6e:	ca840713          	addi	a4,s0,-856 # 20001ca8 <MC_AS5600>
    6a72:	cb1c                	sw	a5,16(a4)
    6a74:	81c1a783          	lw	a5,-2020(gp) # 200001ac <time_hw_tpus>
    6a78:	ca840413          	addi	s0,s0,-856
    6a7c:	078a                	slli	a5,a5,0x2
    6a7e:	e391                	bnez	a5,6a82 <main+0x514>
    6a80:	4785                	li	a5,1
    6a82:	20000737          	lui	a4,0x20000
    6a86:	6a2d                	lui	s4,0xb
    6a88:	69ad                	lui	s3,0xb
    6a8a:	18f72a23          	sw	a5,404(a4) # 20000194 <_ZL17g_iic_delay_ticks>
    6a8e:	668a0a13          	addi	s4,s4,1640 # b668 <_ZL15AS5600_SCL_PORT>
    6a92:	65898993          	addi	s3,s3,1624 # b658 <_ZL15AS5600_SDA_PORT>
    6a96:	4481                	li	s1,0
    6a98:	4901                	li	s2,0
    6a9a:	9c018a93          	addi	s5,gp,-1600 # 20000350 <_ZL14AS5600_SCL_PIN>
    6a9e:	9b818b13          	addi	s6,gp,-1608 # 20000348 <_ZL14AS5600_SDA_PIN>
    6aa2:	5c7d                	li	s8,-1
    6aa4:	481c                	lw	a5,16(s0)
    6aa6:	0ef943e3          	blt	s2,a5,738c <main+0xe1e>
    6aaa:	4981                	li	s3,0
    6aac:	4b0d                	li	s6,3
    6aae:	4bc1                	li	s7,16
    6ab0:	4ad1                	li	s5,20
    6ab2:	481c                	lw	a5,16(s0)
    6ab4:	14f9c7e3          	blt	s3,a5,7402 <main+0xe94>
    6ab8:	afeff0ef          	jal	ra,5db6 <_ZN20AS5600_soft_IIC_many10updata_stuEv.constprop.0>
    6abc:	b86ff0ef          	jal	ra,5e42 <_ZN20AS5600_soft_IIC_many12updata_angleEv.constprop.0>
    6ac0:	af6ff0ef          	jal	ra,5db6 <_ZN20AS5600_soft_IIC_many10updata_stuEv.constprop.0>
    6ac4:	00042e03          	lw	t3,0(s0)
    6ac8:	00442e83          	lw	t4,4(s0)
    6acc:	4781                	li	a5,0
    6ace:	5f7d                	li	t5,-1
    6ad0:	a5818813          	addi	a6,gp,-1448 # 200003e8 <_ZL13g_as5600_good>
    6ad4:	a6018593          	addi	a1,gp,-1440 # 200003f0 <_ZL13g_as5600_fail>
    6ad8:	a5c18693          	addi	a3,gp,-1444 # 200003ec <_ZL17g_as5600_okstreak>
    6adc:	4891                	li	a7,4
    6ade:	00fe0733          	add	a4,t3,a5
    6ae2:	2318                	lbu	a4,0(a4)
    6ae4:	18070ce3          	beqz	a4,747c <main+0xf0e>
    6ae8:	00279713          	slli	a4,a5,0x2
    6aec:	9776                	add	a4,a4,t4
    6aee:	4318                	lw	a4,0(a4)
    6af0:	19e706e3          	beq	a4,t5,747c <main+0xf0e>
    6af4:	4505                	li	a0,1
    6af6:	4601                	li	a2,0
    6af8:	4709                	li	a4,2
    6afa:	01078333          	add	t1,a5,a6
    6afe:	00a30023          	sb	a0,0(t1)
    6b02:	00b78533          	add	a0,a5,a1
    6b06:	a110                	sb	a2,0(a0)
    6b08:	00d78633          	add	a2,a5,a3
    6b0c:	a218                	sb	a4,0(a2)
    6b0e:	0785                	addi	a5,a5,1
    6b10:	fd1797e3          	bne	a5,a7,6ade <main+0x570>
    6b14:	4418                	lw	a4,8(s0)
    6b16:	200026b7          	lui	a3,0x20002
    6b1a:	200027b7          	lui	a5,0x20002
    6b1e:	c8868693          	addi	a3,a3,-888 # 20001c88 <as5600_distance_save>
    6b22:	00870613          	addi	a2,a4,8
    6b26:	c1878793          	addi	a5,a5,-1000 # 20001c18 <_ZL21filament_now_position>
    6b2a:	230e                	lhu	a1,0(a4)
    6b2c:	0007a023          	sw	zero,0(a5)
    6b30:	0709                	addi	a4,a4,2
    6b32:	c28c                	sw	a1,0(a3)
    6b34:	0791                	addi	a5,a5,4
    6b36:	0691                	addi	a3,a3,4
    6b38:	fee619e3          	bne	a2,a4,6b2a <main+0x5bc>
    6b3c:	40021437          	lui	s0,0x40021
    6b40:	4c1c                	lw	a5,24(s0)
    6b42:	400114b7          	lui	s1,0x40011
    6b46:	08ac                	addi	a1,sp,88
    6b48:	00c7e793          	ori	a5,a5,12
    6b4c:	cc1c                	sw	a5,24(s0)
    6b4e:	3f800793          	li	a5,1016
    6b52:	04f11c23          	sh	a5,88(sp)
    6b56:	47e1                	li	a5,24
    6b58:	d0be                	sw	a5,96(sp)
    6b5a:	c0048513          	addi	a0,s1,-1024 # 40010c00 <__freertos_irq_stack_top+0x2000bc00>
    6b5e:	478d                	li	a5,3
    6b60:	cebe                	sw	a5,92(sp)
    6b62:	f6ffa0ef          	jal	ra,1ad0 <GPIO_Init>
    6b66:	77e1                	lui	a5,0xffff8
    6b68:	08ac                	addi	a1,sp,88
    6b6a:	80048513          	addi	a0,s1,-2048
    6b6e:	04f11c23          	sh	a5,88(sp)
    6b72:	f5ffa0ef          	jal	ra,1ad0 <GPIO_Init>
    6b76:	4c1c                	lw	a5,24(s0)
    6b78:	40000737          	lui	a4,0x40000
    6b7c:	3e700513          	li	a0,999
    6b80:	0017e793          	ori	a5,a5,1
    6b84:	cc1c                	sw	a5,24(s0)
    6b86:	4c5c                	lw	a5,28(s0)
    6b88:	4585                	li	a1,1
    6b8a:	40070693          	addi	a3,a4,1024 # 40000400 <__freertos_irq_stack_top+0x1fffb400>
    6b8e:	0017e793          	ori	a5,a5,1
    6b92:	cc5c                	sw	a5,28(s0)
    6b94:	4c5c                	lw	a5,28(s0)
    6b96:	40001837          	lui	a6,0x40001
    6b9a:	78e5                	lui	a7,0xffff9
    6b9c:	0027e793          	ori	a5,a5,2
    6ba0:	cc5c                	sw	a5,28(s0)
    6ba2:	4c5c                	lw	a5,28(s0)
    6ba4:	cff88893          	addi	a7,a7,-769 # ffff8cff <__freertos_irq_stack_top+0xdfff3cff>
    6ba8:	0047e793          	ori	a5,a5,4
    6bac:	cc5c                	sw	a5,28(s0)
    6bae:	231e                	lhu	a5,0(a4)
    6bb0:	07c2                	slli	a5,a5,0x10
    6bb2:	83c1                	srli	a5,a5,0x10
    6bb4:	c8f7f793          	andi	a5,a5,-881
    6bb8:	07c2                	slli	a5,a5,0x10
    6bba:	83c1                	srli	a5,a5,0x10
    6bbc:	a31e                	sh	a5,0(a4)
    6bbe:	b74a                	sh	a0,44(a4)
    6bc0:	02071423          	sh	zero,40(a4)
    6bc4:	ab4e                	sh	a1,20(a4)
    6bc6:	40075783          	lhu	a5,1024(a4)
    6bca:	07c2                	slli	a5,a5,0x10
    6bcc:	83c1                	srli	a5,a5,0x10
    6bce:	c8f7f793          	andi	a5,a5,-881
    6bd2:	07c2                	slli	a5,a5,0x10
    6bd4:	83c1                	srli	a5,a5,0x10
    6bd6:	40f71023          	sh	a5,1024(a4)
    6bda:	b6ca                	sh	a0,44(a3)
    6bdc:	02069423          	sh	zero,40(a3)
    6be0:	aace                	sh	a1,20(a3)
    6be2:	80085603          	lhu	a2,-2048(a6) # 40000800 <__freertos_irq_stack_top+0x1fffb800>
    6be6:	80080793          	addi	a5,a6,-2048
    6bea:	0642                	slli	a2,a2,0x10
    6bec:	8241                	srli	a2,a2,0x10
    6bee:	c8f67613          	andi	a2,a2,-881
    6bf2:	0642                	slli	a2,a2,0x10
    6bf4:	8241                	srli	a2,a2,0x10
    6bf6:	80c81023          	sh	a2,-2048(a6)
    6bfa:	b7ca                	sh	a0,44(a5)
    6bfc:	02079423          	sh	zero,40(a5) # ffff8028 <__freertos_irq_stack_top+0xdfff3028>
    6c00:	abce                	sh	a1,20(a5)
    6c02:	3312                	lhu	a2,32(a4)
    6c04:	6819                	lui	a6,0x6
    6c06:	0642                	slli	a2,a2,0x10
    6c08:	8241                	srli	a2,a2,0x10
    6c0a:	9a79                	andi	a2,a2,-2
    6c0c:	0642                	slli	a2,a2,0x10
    6c0e:	8241                	srli	a2,a2,0x10
    6c10:	b312                	sh	a2,32(a4)
    6c12:	3312                	lhu	a2,32(a4)
    6c14:	234a                	lhu	a0,4(a4)
    6c16:	2f0e                	lhu	a1,24(a4)
    6c18:	0642                	slli	a2,a2,0x10
    6c1a:	0542                	slli	a0,a0,0x10
    6c1c:	05c2                	slli	a1,a1,0x10
    6c1e:	81c1                	srli	a1,a1,0x10
    6c20:	8141                	srli	a0,a0,0x10
    6c22:	f8c5f593          	andi	a1,a1,-116
    6c26:	a34a                	sh	a0,4(a4)
    6c28:	0605e593          	ori	a1,a1,96
    6c2c:	8241                	srli	a2,a2,0x10
    6c2e:	af0e                	sh	a1,24(a4)
    6c30:	9a75                	andi	a2,a2,-3
    6c32:	02071a23          	sh	zero,52(a4)
    6c36:	00166613          	ori	a2,a2,1
    6c3a:	b312                	sh	a2,32(a4)
    6c3c:	3312                	lhu	a2,32(a4)
    6c3e:	0642                	slli	a2,a2,0x10
    6c40:	8241                	srli	a2,a2,0x10
    6c42:	9a3d                	andi	a2,a2,-17
    6c44:	0642                	slli	a2,a2,0x10
    6c46:	8241                	srli	a2,a2,0x10
    6c48:	b312                	sh	a2,32(a4)
    6c4a:	3312                	lhu	a2,32(a4)
    6c4c:	234a                	lhu	a0,4(a4)
    6c4e:	2f0e                	lhu	a1,24(a4)
    6c50:	0642                	slli	a2,a2,0x10
    6c52:	0542                	slli	a0,a0,0x10
    6c54:	0115f5b3          	and	a1,a1,a7
    6c58:	0105e5b3          	or	a1,a1,a6
    6c5c:	8141                	srli	a0,a0,0x10
    6c5e:	05c2                	slli	a1,a1,0x10
    6c60:	a34a                	sh	a0,4(a4)
    6c62:	81c1                	srli	a1,a1,0x10
    6c64:	8241                	srli	a2,a2,0x10
    6c66:	af0e                	sh	a1,24(a4)
    6c68:	fdf67613          	andi	a2,a2,-33
    6c6c:	02071c23          	sh	zero,56(a4)
    6c70:	01066613          	ori	a2,a2,16
    6c74:	b312                	sh	a2,32(a4)
    6c76:	3292                	lhu	a2,32(a3)
    6c78:	0642                	slli	a2,a2,0x10
    6c7a:	8241                	srli	a2,a2,0x10
    6c7c:	9a79                	andi	a2,a2,-2
    6c7e:	0642                	slli	a2,a2,0x10
    6c80:	8241                	srli	a2,a2,0x10
    6c82:	b292                	sh	a2,32(a3)
    6c84:	3292                	lhu	a2,32(a3)
    6c86:	22ca                	lhu	a0,4(a3)
    6c88:	2e8e                	lhu	a1,24(a3)
    6c8a:	0642                	slli	a2,a2,0x10
    6c8c:	0542                	slli	a0,a0,0x10
    6c8e:	05c2                	slli	a1,a1,0x10
    6c90:	81c1                	srli	a1,a1,0x10
    6c92:	8141                	srli	a0,a0,0x10
    6c94:	f8c5f593          	andi	a1,a1,-116
    6c98:	a2ca                	sh	a0,4(a3)
    6c9a:	0605e593          	ori	a1,a1,96
    6c9e:	8241                	srli	a2,a2,0x10
    6ca0:	ae8e                	sh	a1,24(a3)
    6ca2:	9a75                	andi	a2,a2,-3
    6ca4:	02069a23          	sh	zero,52(a3)
    6ca8:	00166613          	ori	a2,a2,1
    6cac:	b292                	sh	a2,32(a3)
    6cae:	3292                	lhu	a2,32(a3)
    6cb0:	0642                	slli	a2,a2,0x10
    6cb2:	8241                	srli	a2,a2,0x10
    6cb4:	9a3d                	andi	a2,a2,-17
    6cb6:	0642                	slli	a2,a2,0x10
    6cb8:	8241                	srli	a2,a2,0x10
    6cba:	b292                	sh	a2,32(a3)
    6cbc:	3292                	lhu	a2,32(a3)
    6cbe:	22ca                	lhu	a0,4(a3)
    6cc0:	2e8e                	lhu	a1,24(a3)
    6cc2:	0642                	slli	a2,a2,0x10
    6cc4:	0542                	slli	a0,a0,0x10
    6cc6:	0115f5b3          	and	a1,a1,a7
    6cca:	0105e5b3          	or	a1,a1,a6
    6cce:	8141                	srli	a0,a0,0x10
    6cd0:	05c2                	slli	a1,a1,0x10
    6cd2:	a2ca                	sh	a0,4(a3)
    6cd4:	81c1                	srli	a1,a1,0x10
    6cd6:	8241                	srli	a2,a2,0x10
    6cd8:	ae8e                	sh	a1,24(a3)
    6cda:	fdf67613          	andi	a2,a2,-33
    6cde:	02069c23          	sh	zero,56(a3)
    6ce2:	01066613          	ori	a2,a2,16
    6ce6:	b292                	sh	a2,32(a3)
    6ce8:	3392                	lhu	a2,32(a5)
    6cea:	0642                	slli	a2,a2,0x10
    6cec:	8241                	srli	a2,a2,0x10
    6cee:	9a79                	andi	a2,a2,-2
    6cf0:	0642                	slli	a2,a2,0x10
    6cf2:	8241                	srli	a2,a2,0x10
    6cf4:	b392                	sh	a2,32(a5)
    6cf6:	3392                	lhu	a2,32(a5)
    6cf8:	23ca                	lhu	a0,4(a5)
    6cfa:	2f8e                	lhu	a1,24(a5)
    6cfc:	0642                	slli	a2,a2,0x10
    6cfe:	0542                	slli	a0,a0,0x10
    6d00:	05c2                	slli	a1,a1,0x10
    6d02:	81c1                	srli	a1,a1,0x10
    6d04:	f8c5f593          	andi	a1,a1,-116
    6d08:	8141                	srli	a0,a0,0x10
    6d0a:	0605e593          	ori	a1,a1,96
    6d0e:	8241                	srli	a2,a2,0x10
    6d10:	a3ca                	sh	a0,4(a5)
    6d12:	9a75                	andi	a2,a2,-3
    6d14:	af8e                	sh	a1,24(a5)
    6d16:	02079a23          	sh	zero,52(a5)
    6d1a:	00166613          	ori	a2,a2,1
    6d1e:	b392                	sh	a2,32(a5)
    6d20:	3392                	lhu	a2,32(a5)
    6d22:	0642                	slli	a2,a2,0x10
    6d24:	8241                	srli	a2,a2,0x10
    6d26:	9a3d                	andi	a2,a2,-17
    6d28:	0642                	slli	a2,a2,0x10
    6d2a:	8241                	srli	a2,a2,0x10
    6d2c:	b392                	sh	a2,32(a5)
    6d2e:	3392                	lhu	a2,32(a5)
    6d30:	23ca                	lhu	a0,4(a5)
    6d32:	2f8e                	lhu	a1,24(a5)
    6d34:	0642                	slli	a2,a2,0x10
    6d36:	0542                	slli	a0,a0,0x10
    6d38:	0115f5b3          	and	a1,a1,a7
    6d3c:	0105e5b3          	or	a1,a1,a6
    6d40:	8141                	srli	a0,a0,0x10
    6d42:	05c2                	slli	a1,a1,0x10
    6d44:	a3ca                	sh	a0,4(a5)
    6d46:	81c1                	srli	a1,a1,0x10
    6d48:	8241                	srli	a2,a2,0x10
    6d4a:	af8e                	sh	a1,24(a5)
    6d4c:	fdf67613          	andi	a2,a2,-33
    6d50:	02079c23          	sh	zero,56(a5)
    6d54:	01066613          	ori	a2,a2,16
    6d58:	b392                	sh	a2,32(a5)
    6d5a:	3392                	lhu	a2,32(a5)
    6d5c:	0642                	slli	a2,a2,0x10
    6d5e:	8241                	srli	a2,a2,0x10
    6d60:	eff67613          	andi	a2,a2,-257
    6d64:	0642                	slli	a2,a2,0x10
    6d66:	8241                	srli	a2,a2,0x10
    6d68:	b392                	sh	a2,32(a5)
    6d6a:	3392                	lhu	a2,32(a5)
    6d6c:	23ca                	lhu	a0,4(a5)
    6d6e:	2fce                	lhu	a1,28(a5)
    6d70:	0642                	slli	a2,a2,0x10
    6d72:	0542                	slli	a0,a0,0x10
    6d74:	05c2                	slli	a1,a1,0x10
    6d76:	81c1                	srli	a1,a1,0x10
    6d78:	8141                	srli	a0,a0,0x10
    6d7a:	f8c5f593          	andi	a1,a1,-116
    6d7e:	a3ca                	sh	a0,4(a5)
    6d80:	0605e593          	ori	a1,a1,96
    6d84:	8241                	srli	a2,a2,0x10
    6d86:	afce                	sh	a1,28(a5)
    6d88:	dff67613          	andi	a2,a2,-513
    6d8c:	02079e23          	sh	zero,60(a5)
    6d90:	10066613          	ori	a2,a2,256
    6d94:	b392                	sh	a2,32(a5)
    6d96:	338e                	lhu	a1,32(a5)
    6d98:	767d                	lui	a2,0xfffff
    6d9a:	fff60513          	addi	a0,a2,-1 # ffffefff <__freertos_irq_stack_top+0xdfff9fff>
    6d9e:	8de9                	and	a1,a1,a0
    6da0:	b38e                	sh	a1,32(a5)
    6da2:	0207d303          	lhu	t1,32(a5)
    6da6:	0047de03          	lhu	t3,4(a5)
    6daa:	2fca                	lhu	a0,28(a5)
    6dac:	75f9                	lui	a1,0xffffe
    6dae:	0e42                	slli	t3,t3,0x10
    6db0:	01157533          	and	a0,a0,a7
    6db4:	01056533          	or	a0,a0,a6
    6db8:	010e5e13          	srli	t3,t3,0x10
    6dbc:	0542                	slli	a0,a0,0x10
    6dbe:	01c79223          	sh	t3,4(a5)
    6dc2:	8141                	srli	a0,a0,0x10
    6dc4:	fff58813          	addi	a6,a1,-1 # ffffdfff <__freertos_irq_stack_top+0xdfff8fff>
    6dc8:	afca                	sh	a0,28(a5)
    6dca:	01037833          	and	a6,t1,a6
    6dce:	6885                	lui	a7,0x1
    6dd0:	04079023          	sh	zero,64(a5)
    6dd4:	01186833          	or	a6,a6,a7
    6dd8:	03079023          	sh	a6,32(a5)
    6ddc:	2f0a                	lhu	a0,24(a4)
    6dde:	7ff60613          	addi	a2,a2,2047
    6de2:	0542                	slli	a0,a0,0x10
    6de4:	8141                	srli	a0,a0,0x10
    6de6:	995d                	andi	a0,a0,-9
    6de8:	00856513          	ori	a0,a0,8
    6dec:	af0a                	sh	a0,24(a4)
    6dee:	01875803          	lhu	a6,24(a4)
    6df2:	6505                	lui	a0,0x1
    6df4:	80050513          	addi	a0,a0,-2048 # 800 <__stack_size>
    6df8:	00c87833          	and	a6,a6,a2
    6dfc:	00a86833          	or	a6,a6,a0
    6e00:	0842                	slli	a6,a6,0x10
    6e02:	01085813          	srli	a6,a6,0x10
    6e06:	01071c23          	sh	a6,24(a4)
    6e0a:	2e9a                	lhu	a4,24(a3)
    6e0c:	0742                	slli	a4,a4,0x10
    6e0e:	8341                	srli	a4,a4,0x10
    6e10:	9b5d                	andi	a4,a4,-9
    6e12:	00876713          	ori	a4,a4,8
    6e16:	ae9a                	sh	a4,24(a3)
    6e18:	2e9a                	lhu	a4,24(a3)
    6e1a:	8f71                	and	a4,a4,a2
    6e1c:	8f49                	or	a4,a4,a0
    6e1e:	0742                	slli	a4,a4,0x10
    6e20:	8341                	srli	a4,a4,0x10
    6e22:	ae9a                	sh	a4,24(a3)
    6e24:	2f9a                	lhu	a4,24(a5)
    6e26:	0742                	slli	a4,a4,0x10
    6e28:	8341                	srli	a4,a4,0x10
    6e2a:	9b5d                	andi	a4,a4,-9
    6e2c:	00876713          	ori	a4,a4,8
    6e30:	af9a                	sh	a4,24(a5)
    6e32:	2f9a                	lhu	a4,24(a5)
    6e34:	8f71                	and	a4,a4,a2
    6e36:	8f49                	or	a4,a4,a0
    6e38:	0742                	slli	a4,a4,0x10
    6e3a:	8341                	srli	a4,a4,0x10
    6e3c:	af9a                	sh	a4,24(a5)
    6e3e:	2fda                	lhu	a4,28(a5)
    6e40:	0742                	slli	a4,a4,0x10
    6e42:	8341                	srli	a4,a4,0x10
    6e44:	9b5d                	andi	a4,a4,-9
    6e46:	00876713          	ori	a4,a4,8
    6e4a:	afda                	sh	a4,28(a5)
    6e4c:	2fda                	lhu	a4,28(a5)
    6e4e:	8f71                	and	a4,a4,a2
    6e50:	8f49                	or	a4,a4,a0
    6e52:	0742                	slli	a4,a4,0x10
    6e54:	8341                	srli	a4,a4,0x10
    6e56:	afda                	sh	a4,28(a5)
    6e58:	40022737          	lui	a4,0x40022
    6e5c:	5b14                	lw	a3,48(a4)
    6e5e:	400107b7          	lui	a5,0x40010
    6e62:	0f000737          	lui	a4,0xf000
    6e66:	43dc                	lw	a5,4(a5)
    6e68:	8f75                	and	a4,a4,a3
    6e6a:	e719                	bnez	a4,6e78 <main+0x90a>
    6e6c:	0017d713          	srli	a4,a5,0x1
    6e70:	07ce                	slli	a5,a5,0x13
    6e72:	8f6d                	and	a4,a4,a1
    6e74:	83cd                	srli	a5,a5,0x13
    6e76:	8fd9                	or	a5,a5,a4
    6e78:	0f000737          	lui	a4,0xf000
    6e7c:	30070693          	addi	a3,a4,768 # f000300 <ch32v20x_wwdg.c.f78e58f2+0xefe3005>
    6e80:	cff7f793          	andi	a5,a5,-769
    6e84:	8fd5                	or	a5,a5,a3
    6e86:	400106b7          	lui	a3,0x40010
    6e8a:	c2dc                	sw	a5,4(a3)
    6e8c:	42dc                	lw	a5,4(a3)
    6e8e:	400226b7          	lui	a3,0x40022
    6e92:	5a94                	lw	a3,48(a3)
    6e94:	8f75                	and	a4,a4,a3
    6e96:	eb01                	bnez	a4,6ea6 <main+0x938>
    6e98:	0017d713          	srli	a4,a5,0x1
    6e9c:	76f9                	lui	a3,0xffffe
    6e9e:	07ce                	slli	a5,a5,0x13
    6ea0:	8f75                	and	a4,a4,a3
    6ea2:	83cd                	srli	a5,a5,0x13
    6ea4:	8fd9                	or	a5,a5,a4
    6ea6:	777d                	lui	a4,0xfffff
    6ea8:	3ff70713          	addi	a4,a4,1023 # fffff3ff <__freertos_irq_stack_top+0xdfffa3ff>
    6eac:	8ff9                	and	a5,a5,a4
    6eae:	0f001737          	lui	a4,0xf001
    6eb2:	80070713          	addi	a4,a4,-2048 # f000800 <ch32v20x_wwdg.c.f78e58f2+0xefe3505>
    6eb6:	8fd9                	or	a5,a5,a4
    6eb8:	40010737          	lui	a4,0x40010
    6ebc:	c35c                	sw	a5,4(a4)
    6ebe:	435c                	lw	a5,4(a4)
    6ec0:	40022737          	lui	a4,0x40022
    6ec4:	5b14                	lw	a3,48(a4)
    6ec6:	0f000737          	lui	a4,0xf000
    6eca:	8f75                	and	a4,a4,a3
    6ecc:	eb01                	bnez	a4,6edc <main+0x96e>
    6ece:	0017d713          	srli	a4,a5,0x1
    6ed2:	76f9                	lui	a3,0xffffe
    6ed4:	07ce                	slli	a5,a5,0x13
    6ed6:	8f75                	and	a4,a4,a3
    6ed8:	83cd                	srli	a5,a5,0x13
    6eda:	8fd9                	or	a5,a5,a4
    6edc:	777d                	lui	a4,0xfffff
    6ede:	177d                	addi	a4,a4,-1 # ffffefff <__freertos_irq_stack_top+0xdfff9fff>
    6ee0:	8ff9                	and	a5,a5,a4
    6ee2:	0f000737          	lui	a4,0xf000
    6ee6:	8fd9                	or	a5,a5,a4
    6ee8:	40010737          	lui	a4,0x40010
    6eec:	c35c                	sw	a5,4(a4)
    6eee:	400007b7          	lui	a5,0x40000
    6ef2:	0447d703          	lhu	a4,68(a5) # 40000044 <__freertos_irq_stack_top+0x1fffb044>
    6ef6:	76e1                	lui	a3,0xffff8
    6ef8:	20002437          	lui	s0,0x20002
    6efc:	8f55                	or	a4,a4,a3
    6efe:	0742                	slli	a4,a4,0x10
    6f00:	8341                	srli	a4,a4,0x10
    6f02:	04e79223          	sh	a4,68(a5)
    6f06:	239a                	lhu	a4,0(a5)
    6f08:	200024b7          	lui	s1,0x20002
    6f0c:	d7848493          	addi	s1,s1,-648 # 20001d78 <Motion_control_data_save>
    6f10:	08076713          	ori	a4,a4,128
    6f14:	a39a                	sh	a4,0(a5)
    6f16:	239a                	lhu	a4,0(a5)
    6f18:	9b840413          	addi	s0,s0,-1608 # 200019b8 <MOTOR_CONTROL>
    6f1c:	4911                	li	s2,4
    6f1e:	00176713          	ori	a4,a4,1
    6f22:	a39a                	sh	a4,0(a5)
    6f24:	4447d703          	lhu	a4,1092(a5)
    6f28:	8f55                	or	a4,a4,a3
    6f2a:	0742                	slli	a4,a4,0x10
    6f2c:	8341                	srli	a4,a4,0x10
    6f2e:	44e79223          	sh	a4,1092(a5)
    6f32:	4007d703          	lhu	a4,1024(a5)
    6f36:	08076713          	ori	a4,a4,128
    6f3a:	40e79023          	sh	a4,1024(a5)
    6f3e:	4007d703          	lhu	a4,1024(a5)
    6f42:	00176713          	ori	a4,a4,1
    6f46:	40e79023          	sh	a4,1024(a5)
    6f4a:	400017b7          	lui	a5,0x40001
    6f4e:	8447d703          	lhu	a4,-1980(a5) # 40000844 <__freertos_irq_stack_top+0x1fffb844>
    6f52:	8f55                	or	a4,a4,a3
    6f54:	0742                	slli	a4,a4,0x10
    6f56:	8341                	srli	a4,a4,0x10
    6f58:	84e79223          	sh	a4,-1980(a5)
    6f5c:	8007d703          	lhu	a4,-2048(a5)
    6f60:	08076713          	ori	a4,a4,128
    6f64:	80e79023          	sh	a4,-2048(a5)
    6f68:	8007d703          	lhu	a4,-2048(a5)
    6f6c:	00176713          	ori	a4,a4,1
    6f70:	80e79023          	sh	a4,-2048(a5)
    6f74:	40021737          	lui	a4,0x40021
    6f78:	4f1c                	lw	a5,24(a4)
    6f7a:	0307e793          	ori	a5,a5,48
    6f7e:	cf1c                	sw	a5,24(a4)
    6f80:	926ff0ef          	jal	ra,60a6 <_ZL13MOTOR_get_dirv>
    6f84:	8bc1a983          	lw	s3,-1860(gp) # 2000024c <_ZL7g_scale+0x8c>
    6f88:	c802                	sw	zero,16(sp)
    6f8a:	4542                	lw	a0,16(sp)
    6f8c:	4581                	li	a1,0
    6f8e:	09840413          	addi	s0,s0,152
    6f92:	882fa0ef          	jal	ra,1014 <_Z22Motion_control_set_PWMhi>
    6f96:	4088                	lw	a0,0(s1)
    6f98:	ff342a23          	sw	s3,-12(s0)
    6f9c:	0491                	addi	s1,s1,4
    6f9e:	00c040ef          	jal	ra,afaa <__floatsisf>
    6fa2:	47c2                	lw	a5,16(sp)
    6fa4:	fea42c23          	sw	a0,-8(s0)
    6fa8:	0785                	addi	a5,a5,1
    6faa:	0ff7f793          	zext.b	a5,a5
    6fae:	c83e                	sw	a5,16(sp)
    6fb0:	fd279de3          	bne	a5,s2,6f8a <main+0xa1c>
    6fb4:	8401a703          	lw	a4,-1984(gp) # 200001d0 <_ZL7g_scale+0x10>
    6fb8:	8441a783          	lw	a5,-1980(gp) # 200001d4 <_ZL7g_scale+0x14>
    6fbc:	1ffff6b7          	lui	a3,0x1ffff
    6fc0:	7e868613          	addi	a2,a3,2024 # 1ffff7e8 <ch32v20x_wwdg.c.f78e58f2+0x1ffe24ed>
    6fc4:	1b300513          	li	a0,435
    6fc8:	7f468693          	addi	a3,a3,2036
    6fcc:	02f507b3          	mul	a5,a0,a5
    6fd0:	220c                	lbu	a1,0(a2)
    6fd2:	0605                	addi	a2,a2,1
    6fd4:	8f2d                	xor	a4,a4,a1
    6fd6:	00871593          	slli	a1,a4,0x8
    6fda:	95be                	add	a1,a1,a5
    6fdc:	02e537b3          	mulhu	a5,a0,a4
    6fe0:	02e50733          	mul	a4,a0,a4
    6fe4:	97ae                	add	a5,a5,a1
    6fe6:	fed613e3          	bne	a2,a3,6fcc <main+0xa5e>
    6fea:	00279613          	slli	a2,a5,0x2
    6fee:	01e75693          	srli	a3,a4,0x1e
    6ff2:	8ed1                	or	a3,a3,a2
    6ff4:	01e7d613          	srli	a2,a5,0x1e
    6ff8:	8f35                	xor	a4,a4,a3
    6ffa:	8fb1                	xor	a5,a5,a2
    6ffc:	bf5846b7          	lui	a3,0xbf584
    7000:	1ce4e637          	lui	a2,0x1ce4e
    7004:	5b960613          	addi	a2,a2,1465 # 1ce4e5b9 <ch32v20x_wwdg.c.f78e58f2+0x1ce312be>
    7008:	76d68693          	addi	a3,a3,1901 # bf58476d <__freertos_irq_stack_top+0x9f57f76d>
    700c:	02d706b3          	mul	a3,a4,a3
    7010:	200004b7          	lui	s1,0x20000
    7014:	40021937          	lui	s2,0x40021
    7018:	200009b7          	lui	s3,0x20000
    701c:	6a05                	lui	s4,0x1
    701e:	40011437          	lui	s0,0x40011
    7022:	4a8d                	li	s5,3
    7024:	02c787b3          	mul	a5,a5,a2
    7028:	97b6                	add	a5,a5,a3
    702a:	02c706b3          	mul	a3,a4,a2
    702e:	02c73733          	mulhu	a4,a4,a2
    7032:	97ba                	add	a5,a5,a4
    7034:	00579613          	slli	a2,a5,0x5
    7038:	01b6d713          	srli	a4,a3,0x1b
    703c:	8f51                	or	a4,a4,a2
    703e:	01b7d613          	srli	a2,a5,0x1b
    7042:	8f35                	xor	a4,a4,a3
    7044:	8fb1                	xor	a5,a5,a2
    7046:	133116b7          	lui	a3,0x13311
    704a:	94d05637          	lui	a2,0x94d05
    704e:	1eb68693          	addi	a3,a3,491 # 133111eb <ch32v20x_wwdg.c.f78e58f2+0x132f3ef0>
    7052:	9bb60613          	addi	a2,a2,-1605 # 94d049bb <__freertos_irq_stack_top+0x74cff9bb>
    7056:	02c70633          	mul	a2,a4,a2
    705a:	02d787b3          	mul	a5,a5,a3
    705e:	97b2                	add	a5,a5,a2
    7060:	02d70633          	mul	a2,a4,a3
    7064:	02d73733          	mulhu	a4,a4,a3
    7068:	97ba                	add	a5,a5,a4
    706a:	00179693          	slli	a3,a5,0x1
    706e:	01f65713          	srli	a4,a2,0x1f
    7072:	8f55                	or	a4,a4,a3
    7074:	8e39                	xor	a2,a2,a4
    7076:	41453737          	lui	a4,0x41453
    707a:	01f7d693          	srli	a3,a5,0x1f
    707e:	073d                	addi	a4,a4,15 # 4145300f <__freertos_irq_stack_top+0x2144e00f>
    7080:	8fb5                	xor	a5,a5,a3
    7082:	0ce4ae23          	sw	a4,220(s1) # 200000dc <long_packge_version_serial_number>
    7086:	03000693          	li	a3,48
    708a:	0dc48713          	addi	a4,s1,220
    708e:	a354                	sb	a3,4(a4)
    7090:	66ad                	lui	a3,0xb
    7092:	67868693          	addi	a3,a3,1656 # b678 <_ZZL28bambubus_build_static_serialvE3hex>
    7096:	0ff7f313          	zext.b	t1,a5
    709a:	0187de13          	srli	t3,a5,0x18
    709e:	0107d813          	srli	a6,a5,0x10
    70a2:	0087d513          	srli	a0,a5,0x8
    70a6:	83f1                	srli	a5,a5,0x1c
    70a8:	97b6                	add	a5,a5,a3
    70aa:	239c                	lbu	a5,0(a5)
    70ac:	0ff87813          	zext.b	a6,a6
    70b0:	0ff57513          	zext.b	a0,a0
    70b4:	b35c                	sb	a5,5(a4)
    70b6:	00fe7793          	andi	a5,t3,15
    70ba:	97b6                	add	a5,a5,a3
    70bc:	239c                	lbu	a5,0(a5)
    70be:	01865893          	srli	a7,a2,0x18
    70c2:	01065593          	srli	a1,a2,0x10
    70c6:	a37c                	sb	a5,6(a4)
    70c8:	00485793          	srli	a5,a6,0x4
    70cc:	97b6                	add	a5,a5,a3
    70ce:	239c                	lbu	a5,0(a5)
    70d0:	0ff5f593          	zext.b	a1,a1
    70d4:	03c701a3          	sb	t3,35(a4)
    70d8:	b37c                	sb	a5,7(a4)
    70da:	00f87793          	andi	a5,a6,15
    70de:	97b6                	add	a5,a5,a3
    70e0:	239c                	lbu	a5,0(a5)
    70e2:	03070223          	sb	a6,36(a4)
    70e6:	02670323          	sb	t1,38(a4)
    70ea:	a71c                	sb	a5,8(a4)
    70ec:	00455793          	srli	a5,a0,0x4
    70f0:	97b6                	add	a5,a5,a3
    70f2:	239c                	lbu	a5,0(a5)
    70f4:	031703a3          	sb	a7,39(a4)
    70f8:	02a702a3          	sb	a0,37(a4)
    70fc:	b71c                	sb	a5,9(a4)
    70fe:	00f57793          	andi	a5,a0,15
    7102:	97b6                	add	a5,a5,a3
    7104:	239c                	lbu	a5,0(a5)
    7106:	02b70423          	sb	a1,40(a4)
    710a:	20000537          	lui	a0,0x20000
    710e:	a73c                	sb	a5,10(a4)
    7110:	00435793          	srli	a5,t1,0x4
    7114:	97b6                	add	a5,a5,a3
    7116:	239c                	lbu	a5,0(a5)
    7118:	02850513          	addi	a0,a0,40 # 20000028 <online_detect_res+0x8>
    711c:	b73c                	sb	a5,11(a4)
    711e:	00f37793          	andi	a5,t1,15
    7122:	97b6                	add	a5,a5,a3
    7124:	239c                	lbu	a5,0(a5)
    7126:	a75c                	sb	a5,12(a4)
    7128:	01c65793          	srli	a5,a2,0x1c
    712c:	97b6                	add	a5,a5,a3
    712e:	239c                	lbu	a5,0(a5)
    7130:	b75c                	sb	a5,13(a4)
    7132:	00f8f793          	andi	a5,a7,15
    7136:	97b6                	add	a5,a5,a3
    7138:	239c                	lbu	a5,0(a5)
    713a:	a77c                	sb	a5,14(a4)
    713c:	0045d793          	srli	a5,a1,0x4
    7140:	96be                	add	a3,a3,a5
    7142:	229c                	lbu	a5,0(a3)
    7144:	b77c                	sb	a5,15(a4)
    7146:	47b9                	li	a5,14
    7148:	02f700a3          	sb	a5,33(a4)
    714c:	fa000793          	li	a5,-96
    7150:	02f70123          	sb	a5,34(a4)
    7154:	00865793          	srli	a5,a2,0x8
    7158:	031704a3          	sb	a7,41(a4)
    715c:	02f705a3          	sb	a5,43(a4)
    7160:	57fd                	li	a5,-1
    7162:	02f706a3          	sb	a5,45(a4)
    7166:	b77e                	sh	a5,46(a4)
    7168:	02f70823          	sb	a5,48(a4)
    716c:	02b70523          	sb	a1,42(a4)
    7170:	02c70623          	sb	a2,44(a4)
    7174:	040700a3          	sb	zero,65(a4)
    7178:	9e018623          	sb	zero,-1556(gp) # 2000037c <_ZL15have_registered>
    717c:	47b1                	li	a5,12
    717e:	80f186a3          	sb	a5,-2035(gp) # 2000019d <_ZL24online_detect_prefix_now>
    7182:	200005b7          	lui	a1,0x20000
    7186:	4641                	li	a2,16
    7188:	9e0185a3          	sb	zero,-1557(gp) # 2000037b <_ZL19online_detect_phase>
    718c:	0fd58593          	addi	a1,a1,253 # 200000fd <long_packge_version_serial_number+0x21>
    7190:	200007b7          	lui	a5,0x20000
    7194:	02078323          	sb	zero,38(a5) # 20000026 <online_detect_res+0x6>
    7198:	f69f80ef          	jal	ra,100 <memcpy>
    719c:	a201a423          	sw	zero,-1496(gp) # 200003b8 <_ZL27bambubus_heartbeat_deadline>
    71a0:	01492783          	lw	a5,20(s2) # 40021014 <__freertos_irq_stack_top+0x2001c014>
    71a4:	3e700693          	li	a3,999
    71a8:	80040513          	addi	a0,s0,-2048 # 40010800 <__freertos_irq_stack_top+0x2000b800>
    71ac:	0407e793          	ori	a5,a5,64
    71b0:	00f92a23          	sw	a5,20(s2)
    71b4:	4bc98793          	addi	a5,s3,1212 # 200004bc <bus_port_to_host>
    71b8:	97d2                	add	a5,a5,s4
    71ba:	40078713          	addi	a4,a5,1024
    71be:	c714                	sw	a3,8(a4)
    71c0:	200016b7          	lui	a3,0x20001
    71c4:	ebc68693          	addi	a3,a3,-324 # 20000ebc <__global_pointer$+0x52c>
    71c8:	cb14                	sw	a3,16(a4)
    71ca:	200016b7          	lui	a3,0x20001
    71ce:	3bc68693          	addi	a3,a3,956 # 200013bc <__global_pointer$+0xa2c>
    71d2:	cf54                	sw	a3,28(a4)
    71d4:	4685                	li	a3,1
    71d6:	42d784a3          	sb	a3,1065(a5)
    71da:	4207a223          	sw	zero,1060(a5)
    71de:	4007a223          	sw	zero,1028(a5)
    71e2:	40079623          	sh	zero,1036(a5)
    71e6:	40078723          	sb	zero,1038(a5)
    71ea:	4007aa23          	sw	zero,1044(a5)
    71ee:	4207a023          	sw	zero,1056(a5)
    71f2:	40078023          	sb	zero,1024(a5)
    71f6:	6785                	lui	a5,0x1
    71f8:	02011d23          	sh	zero,58(sp)
    71fc:	04011f23          	sh	zero,94(sp)
    7200:	06011023          	sh	zero,96(sp)
    7204:	06011123          	sh	zero,98(sp)
    7208:	06011223          	sh	zero,100(sp)
    720c:	06011323          	sh	zero,102(sp)
    7210:	d802                	sw	zero,48(sp)
    7212:	da02                	sw	zero,52(sp)
    7214:	07478793          	addi	a5,a5,116 # 1074 <_Z18bus_uart1_dma_sendPht>
    7218:	cf1c                	sw	a5,24(a4)
    721a:	01892783          	lw	a5,24(s2)
    721e:	6711                	lui	a4,0x4
    7220:	182c                	addi	a1,sp,56
    7222:	8fd9                	or	a5,a5,a4
    7224:	00f92c23          	sw	a5,24(s2)
    7228:	01892783          	lw	a5,24(s2)
    722c:	0047e793          	ori	a5,a5,4
    7230:	00f92c23          	sw	a5,24(s2)
    7234:	01492783          	lw	a5,20(s2)
    7238:	0017e793          	ori	a5,a5,1
    723c:	00f92a23          	sw	a5,20(s2)
    7240:	20000793          	li	a5,512
    7244:	02f11c23          	sh	a5,56(sp)
    7248:	47e1                	li	a5,24
    724a:	c0be                	sw	a5,64(sp)
    724c:	de56                	sw	s5,60(sp)
    724e:	883fa0ef          	jal	ra,1ad0 <GPIO_Init>
    7252:	40000793          	li	a5,1024
    7256:	80040513          	addi	a0,s0,-2048
    725a:	02f11c23          	sh	a5,56(sp)
    725e:	182c                	addi	a1,sp,56
    7260:	04800793          	li	a5,72
    7264:	c0be                	sw	a5,64(sp)
    7266:	86bfa0ef          	jal	ra,1ad0 <GPIO_Init>
    726a:	47c1                	li	a5,16
    726c:	80040513          	addi	a0,s0,-2048
    7270:	182c                	addi	a1,sp,56
    7272:	c0be                	sw	a5,64(sp)
    7274:	03411c23          	sh	s4,56(sp)
    7278:	de56                	sw	s5,60(sp)
    727a:	857fa0ef          	jal	ra,1ad0 <GPIO_Init>
    727e:	80040413          	addi	s0,s0,-2048
    7282:	001317b7          	lui	a5,0x131
    7286:	01442a23          	sw	s4,20(s0)
    728a:	400146b7          	lui	a3,0x40014
    728e:	2d078793          	addi	a5,a5,720 # 1312d0 <ch32v20x_wwdg.c.f78e58f2+0x113fd5>
    7292:	ccbe                	sw	a5,88(sp)
    7294:	8106d783          	lhu	a5,-2032(a3) # 40013810 <__freertos_irq_stack_top+0x2000e810>
    7298:	7775                	lui	a4,0xffffd
    729a:	177d                	addi	a4,a4,-1 # ffffcfff <__freertos_irq_stack_top+0xdfff7fff>
    729c:	8ff9                	and	a5,a5,a4
    729e:	80f69823          	sh	a5,-2032(a3)
    72a2:	80c6d703          	lhu	a4,-2036(a3)
    72a6:	77fd                	lui	a5,0xfffff
    72a8:	9f378793          	addi	a5,a5,-1549 # ffffe9f3 <__freertos_irq_stack_top+0xdfff99f3>
    72ac:	8f7d                	and	a4,a4,a5
    72ae:	40ca0793          	addi	a5,s4,1036 # 140c <_Z10set_motionhhhh.part.0+0x17c>
    72b2:	8fd9                	or	a5,a5,a4
    72b4:	80f69623          	sh	a5,-2036(a3)
    72b8:	8146d783          	lhu	a5,-2028(a3)
    72bc:	20001437          	lui	s0,0x20001
    72c0:	4721                	li	a4,8
    72c2:	07c2                	slli	a5,a5,0x10
    72c4:	83c1                	srli	a5,a5,0x10
    72c6:	cff7f793          	andi	a5,a5,-769
    72ca:	07c2                	slli	a5,a5,0x10
    72cc:	83c1                	srli	a5,a5,0x10
    72ce:	80f69a23          	sh	a5,-2028(a3)
    72d2:	00492783          	lw	a5,4(s2)
    72d6:	0dc48693          	addi	a3,s1,220
    72da:	d036                	sw	a3,32(sp)
    72dc:	4bc98693          	addi	a3,s3,1212
    72e0:	8bb1                	andi	a5,a5,12
    72e2:	c636                	sw	a3,12(sp)
    72e4:	4bc40413          	addi	s0,s0,1212 # 200014bc <__global_pointer$+0xb2c>
    72e8:	3ce79063          	bne	a5,a4,76a8 <main+0x113a>
    72ec:	00492783          	lw	a5,4(s2)
    72f0:	00492703          	lw	a4,4(s2)
    72f4:	66c1                	lui	a3,0x10
    72f6:	83c9                	srli	a5,a5,0x12
    72f8:	8bbd                	andi	a5,a5,15
    72fa:	8f75                	and	a4,a4,a3
    72fc:	0789                	addi	a5,a5,2
    72fe:	46c5                	li	a3,17
    7300:	00d79363          	bne	a5,a3,7306 <main+0xd98>
    7304:	47c9                	li	a5,18
    7306:	18071063          	bnez	a4,7486 <main+0xf18>
    730a:	40024737          	lui	a4,0x40024
    730e:	80072703          	lw	a4,-2048(a4) # 40023800 <__freertos_irq_stack_top+0x2001e800>
    7312:	8b41                	andi	a4,a4,16
    7314:	18070163          	beqz	a4,7496 <main+0xf28>
    7318:	007a1737          	lui	a4,0x7a1
    731c:	20070713          	addi	a4,a4,512 # 7a1200 <ch32v20x_wwdg.c.f78e58f2+0x783f05>
    7320:	aabd                	j	749e <main+0xf30>
    7322:	007a17b7          	lui	a5,0x7a1
    7326:	20078793          	addi	a5,a5,512 # 7a1200 <ch32v20x_wwdg.c.f78e58f2+0x783f05>
    732a:	aa4ff06f          	j	65ce <main+0x60>
    732e:	d79fa0ef          	jal	ra,20a6 <_Z12ADC_DMA_initv.part.0>
    7332:	d20ff06f          	j	6852 <main+0x2e4>
    7336:	4681                	li	a3,0
    7338:	4701                	li	a4,0
    733a:	0ff00613          	li	a2,255
    733e:	e32ff06f          	j	6970 <main+0x402>
    7342:	01f78eb3          	add	t4,a5,t6
    7346:	000ece83          	lbu	t4,0(t4)
    734a:	4281                	li	t0,0
    734c:	000e8663          	beqz	t4,7358 <main+0xdea>
    7350:	1efd                	addi	t4,t4,-1
    7352:	001ebe93          	seqz	t4,t4
    7356:	4285                	li	t0,1
    7358:	4981                	li	s3,0
    735a:	4a01                	li	s4,0
    735c:	00000493          	li	s1,0
    7360:	00570023          	sb	t0,0(a4)
    7364:	01de0023          	sb	t4,0(t3)
    7368:	00030023          	sb	zero,0(t1)
    736c:	00088023          	sb	zero,0(a7) # 1000 <_ZN14_MOTOR_CONTROL10set_motionE20filament_motion_enumyy+0x51c>
    7370:	00080023          	sb	zero,0(a6) # 6000 <_Z22AS5600_distance_updatam+0x13c>
    7374:	01352023          	sw	s3,0(a0)
    7378:	01452223          	sw	s4,4(a0)
    737c:	c184                	sw	s1,0(a1)
    737e:	c204                	sw	s1,0(a2)
    7380:	0136a023          	sw	s3,0(a3) # 10000 <MC_PULL_calibration.cpp.a99f3330+0x1140>
    7384:	0146a223          	sw	s4,4(a3)
    7388:	ecaff06f          	j	6a52 <main+0x4e4>
    738c:	08040693          	addi	a3,s0,128
    7390:	429c                	lw	a5,0(a3)
    7392:	000a2603          	lw	a2,0(s4)
    7396:	00291713          	slli	a4,s2,0x2
    739a:	97ba                	add	a5,a5,a4
    739c:	c390                	sw	a2,0(a5)
    739e:	01548633          	add	a2,s1,s5
    73a2:	220e                	lhu	a1,0(a2)
    73a4:	4690                	lw	a2,8(a3)
    73a6:	0009ab83          	lw	s7,0(s3)
    73aa:	42d4                	lw	a3,4(a3)
    73ac:	9626                	add	a2,a2,s1
    73ae:	a20e                	sh	a1,0(a2)
    73b0:	5c70                	lw	a2,124(s0)
    73b2:	96a6                	add	a3,a3,s1
    73b4:	0a11                	addi	s4,s4,4
    73b6:	963a                	add	a2,a2,a4
    73b8:	01762023          	sw	s7,0(a2)
    73bc:	01648633          	add	a2,s1,s6
    73c0:	2212                	lhu	a2,0(a2)
    73c2:	4388                	lw	a0,0(a5)
    73c4:	0991                	addi	s3,s3,4
    73c6:	a292                	sh	a2,0(a3)
    73c8:	4054                	lw	a3,4(s0)
    73ca:	96ba                	add	a3,a3,a4
    73cc:	0186a023          	sw	s8,0(a3)
    73d0:	4014                	lw	a3,0(s0)
    73d2:	96ca                	add	a3,a3,s2
    73d4:	00068023          	sb	zero,0(a3)
    73d8:	4414                	lw	a3,8(s0)
    73da:	0905                	addi	s2,s2,1
    73dc:	96a6                	add	a3,a3,s1
    73de:	00069023          	sh	zero,0(a3)
    73e2:	4454                	lw	a3,12(s0)
    73e4:	96a6                	add	a3,a3,s1
    73e6:	00069023          	sh	zero,0(a3)
    73ea:	5c34                	lw	a3,120(s0)
    73ec:	0489                	addi	s1,s1,2
    73ee:	9736                	add	a4,a4,a3
    73f0:	00072023          	sw	zero,0(a4)
    73f4:	81cfb0ef          	jal	ra,2410 <_ZN20AS5600_soft_IIC_many17enable_gpio_clockEP12GPIO_TypeDef.constprop.0>
    73f8:	855e                	mv	a0,s7
    73fa:	816fb0ef          	jal	ra,2410 <_ZN20AS5600_soft_IIC_many17enable_gpio_clockEP12GPIO_TypeDef.constprop.0>
    73fe:	ea6ff06f          	j	6aa4 <main+0x536>
    7402:	08040493          	addi	s1,s0,128
    7406:	409c                	lw	a5,0(s1)
    7408:	00299913          	slli	s2,s3,0x2
    740c:	00199a13          	slli	s4,s3,0x1
    7410:	97ca                	add	a5,a5,s2
    7412:	4388                	lw	a0,0(a5)
    7414:	449c                	lw	a5,8(s1)
    7416:	08ac                	addi	a1,sp,88
    7418:	0985                	addi	s3,s3,1
    741a:	97d2                	add	a5,a5,s4
    741c:	239a                	lhu	a4,0(a5)
    741e:	5c7c                	lw	a5,124(s0)
    7420:	c918                	sw	a4,16(a0)
    7422:	97ca                	add	a5,a5,s2
    7424:	4394                	lw	a3,0(a5)
    7426:	40dc                	lw	a5,4(s1)
    7428:	97d2                	add	a5,a5,s4
    742a:	239e                	lhu	a5,0(a5)
    742c:	ca9c                	sw	a5,16(a3)
    742e:	cc82                	sw	zero,88(sp)
    7430:	04e11c23          	sh	a4,88(sp)
    7434:	ceda                	sw	s6,92(sp)
    7436:	d0de                	sw	s7,96(sp)
    7438:	e98fa0ef          	jal	ra,1ad0 <GPIO_Init>
    743c:	40dc                	lw	a5,4(s1)
    743e:	08ac                	addi	a1,sp,88
    7440:	d0d6                	sw	s5,96(sp)
    7442:	97d2                	add	a5,a5,s4
    7444:	239e                	lhu	a5,0(a5)
    7446:	04f11c23          	sh	a5,88(sp)
    744a:	5c7c                	lw	a5,124(s0)
    744c:	97ca                	add	a5,a5,s2
    744e:	4388                	lw	a0,0(a5)
    7450:	e80fa0ef          	jal	ra,1ad0 <GPIO_Init>
    7454:	409c                	lw	a5,0(s1)
    7456:	97ca                	add	a5,a5,s2
    7458:	4398                	lw	a4,0(a5)
    745a:	449c                	lw	a5,8(s1)
    745c:	97d2                	add	a5,a5,s4
    745e:	239e                	lhu	a5,0(a5)
    7460:	cb1c                	sw	a5,16(a4)
    7462:	5c7c                	lw	a5,124(s0)
    7464:	97ca                	add	a5,a5,s2
    7466:	4398                	lw	a4,0(a5)
    7468:	40dc                	lw	a5,4(s1)
    746a:	97d2                	add	a5,a5,s4
    746c:	239e                	lhu	a5,0(a5)
    746e:	cb1c                	sw	a5,16(a4)
    7470:	5c3c                	lw	a5,120(s0)
    7472:	97ca                	add	a5,a5,s2
    7474:	0007a023          	sw	zero,0(a5)
    7478:	e3aff06f          	j	6ab2 <main+0x544>
    747c:	4501                	li	a0,0
    747e:	460d                	li	a2,3
    7480:	4701                	li	a4,0
    7482:	e78ff06f          	j	6afa <main+0x58c>
    7486:	40021737          	lui	a4,0x40021
    748a:	4358                	lw	a4,4(a4)
    748c:	000206b7          	lui	a3,0x20
    7490:	8f75                	and	a4,a4,a3
    7492:	e80703e3          	beqz	a4,7318 <main+0xdaa>
    7496:	003d1737          	lui	a4,0x3d1
    749a:	90070713          	addi	a4,a4,-1792 # 3d0900 <ch32v20x_wwdg.c.f78e58f2+0x3b3605>
    749e:	02e787b3          	mul	a5,a5,a4
    74a2:	40021637          	lui	a2,0x40021
    74a6:	4254                	lw	a3,4(a2)
    74a8:	20000737          	lui	a4,0x20000
    74ac:	01070713          	addi	a4,a4,16 # 20000010 <APBAHBPrescTable>
    74b0:	8291                	srli	a3,a3,0x4
    74b2:	8abd                	andi	a3,a3,15
    74b4:	96ba                	add	a3,a3,a4
    74b6:	228c                	lbu	a1,0(a3)
    74b8:	4254                	lw	a3,4(a2)
    74ba:	00b7d7b3          	srl	a5,a5,a1
    74be:	82a1                	srli	a3,a3,0x8
    74c0:	8a9d                	andi	a3,a3,7
    74c2:	96ba                	add	a3,a3,a4
    74c4:	2294                	lbu	a3,0(a3)
    74c6:	4254                	lw	a3,4(a2)
    74c8:	82ad                	srli	a3,a3,0xb
    74ca:	8a9d                	andi	a3,a3,7
    74cc:	9736                	add	a4,a4,a3
    74ce:	2308                	lbu	a0,0(a4)
    74d0:	4258                	lw	a4,4(a2)
    74d2:	200006b7          	lui	a3,0x20000
    74d6:	19868693          	addi	a3,a3,408 # 20000198 <ADCPrescTable>
    74da:	8339                	srli	a4,a4,0xe
    74dc:	8b0d                	andi	a4,a4,3
    74de:	9736                	add	a4,a4,a3
    74e0:	2318                	lbu	a4,0(a4)
    74e2:	00a7d7b3          	srl	a5,a5,a0
    74e6:	4765                	li	a4,25
    74e8:	02e787b3          	mul	a5,a5,a4
    74ec:	004c5737          	lui	a4,0x4c5
    74f0:	b4070713          	addi	a4,a4,-1216 # 4c4b40 <ch32v20x_wwdg.c.f78e58f2+0x4a7845>
    74f4:	06400693          	li	a3,100
    74f8:	02e7d7b3          	divu	a5,a5,a4
    74fc:	02d7d733          	divu	a4,a5,a3
    7500:	02d7f7b3          	remu	a5,a5,a3
    7504:	0712                	slli	a4,a4,0x4
    7506:	0792                	slli	a5,a5,0x4
    7508:	03278793          	addi	a5,a5,50
    750c:	02d7d7b3          	divu	a5,a5,a3
    7510:	8bbd                	andi	a5,a5,15
    7512:	8fd9                	or	a5,a5,a4
    7514:	07c2                	slli	a5,a5,0x10
    7516:	40014737          	lui	a4,0x40014
    751a:	83c1                	srli	a5,a5,0x10
    751c:	80f71423          	sh	a5,-2040(a4) # 40013808 <__freertos_irq_stack_top+0x2000e808>
    7520:	80c70793          	addi	a5,a4,-2036
    7524:	4398                	lw	a4,0(a5)
    7526:	02076713          	ori	a4,a4,32
    752a:	c398                	sw	a4,0(a5)
    752c:	4398                	lw	a4,0(a5)
    752e:	04076713          	ori	a4,a4,64
    7532:	c398                	sw	a4,0(a5)
    7534:	9e01a703          	lw	a4,-1568(gp) # 20000370 <NVIC_Priority_Group>
    7538:	4785                	li	a5,1
    753a:	00f71663          	bne	a4,a5,7546 <main+0xfd8>
    753e:	e000e7b7          	lui	a5,0xe000e
    7542:	42078aa3          	sb	zero,1077(a5) # e000e435 <__freertos_irq_stack_top+0xc0009435>
    7546:	e000e7b7          	lui	a5,0xe000e
    754a:	00200737          	lui	a4,0x200
    754e:	10e7a223          	sw	a4,260(a5) # e000e104 <__freertos_irq_stack_top+0xc0009104>
    7552:	aac18793          	addi	a5,gp,-1364 # 2000043c <bus_uart1_dma_init_structure>
    7556:	46c1                	li	a3,16
    7558:	c794                	sw	a3,8(a5)
    755a:	40014737          	lui	a4,0x40014
    755e:	08000693          	li	a3,128
    7562:	cbd4                	sw	a3,20(a5)
    7564:	80470813          	addi	a6,a4,-2044 # 40013804 <__freertos_irq_stack_top+0x2000e804>
    7568:	668d                	lui	a3,0x3
    756a:	d3d4                	sw	a3,36(a5)
    756c:	0007a623          	sw	zero,12(a5)
    7570:	0107a023          	sw	a6,0(a5)
    7574:	0007a223          	sw	zero,4(a5)
    7578:	0207a023          	sw	zero,32(a5)
    757c:	0007a823          	sw	zero,16(a5)
    7580:	0207a423          	sw	zero,40(a5)
    7584:	0007ae23          	sw	zero,28(a5)
    7588:	0007ac23          	sw	zero,24(a5)
    758c:	400205b7          	lui	a1,0x40020
    7590:	41fc                	lw	a5,68(a1)
    7592:	7561                	lui	a0,0xffff8
    7594:	053d                	addi	a0,a0,15 # ffff800f <__freertos_irq_stack_top+0xdfff300f>
    7596:	09068693          	addi	a3,a3,144 # 3090 <_ZL16motor_motion_runiym+0xbb0>
    759a:	8fe9                	and	a5,a5,a0
    759c:	8fd5                	or	a5,a5,a3
    759e:	c1fc                	sw	a5,68(a1)
    75a0:	0405a423          	sw	zero,72(a1) # 40020048 <__freertos_irq_stack_top+0x2001b048>
    75a4:	0505a623          	sw	a6,76(a1)
    75a8:	0405a823          	sw	zero,80(a1)
    75ac:	80070793          	addi	a5,a4,-2048
    75b0:	80c75703          	lhu	a4,-2036(a4)
    75b4:	6689                	lui	a3,0x2
    75b6:	8f55                	or	a4,a4,a3
    75b8:	a7da                	sh	a4,12(a5)
    75ba:	200027b7          	lui	a5,0x20002
    75be:	d9078793          	addi	a5,a5,-624 # 20001d90 <ams>
    75c2:	cc3e                	sw	a5,24(sp)
    75c4:	86c1a783          	lw	a5,-1940(gp) # 200001fc <_ZL7g_scale+0x3c>
    75c8:	d43e                	sw	a5,40(sp)
    75ca:	9b41a783          	lw	a5,-1612(gp) # 20000344 <_ZL7g_scale+0x184>
    75ce:	d63e                	sw	a5,44(sp)
    75d0:	e000f7b7          	lui	a5,0xe000f
    75d4:	0087aa03          	lw	s4,8(a5) # e000f008 <__freertos_irq_stack_top+0xc000a008>
    75d8:	80002773          	csrr	a4,0x800
    75dc:	08800613          	li	a2,136
    75e0:	80063073          	csrc	0x800,a2
    75e4:	42042683          	lw	a3,1056(s0)
    75e8:	42844783          	lbu	a5,1064(s0)
    75ec:	41c42583          	lw	a1,1052(s0)
    75f0:	0ff7f793          	zext.b	a5,a5
    75f4:	80063073          	csrc	0x800,a2
    75f8:	08877713          	andi	a4,a4,136
    75fc:	80072073          	csrs	0x800,a4
    7600:	44c2                	lw	s1,16(sp)
    7602:	02d05863          	blez	a3,7632 <main+0x10c4>
    7606:	03300713          	li	a4,51
    760a:	02e79463          	bne	a5,a4,7632 <main+0x10c4>
    760e:	e1d5                	bnez	a1,76b2 <main+0x1144>
    7610:	44c2                	lw	s1,16(sp)
    7612:	800027f3          	csrr	a5,0x800
    7616:	08800713          	li	a4,136
    761a:	80073073          	csrc	0x800,a4
    761e:	42042023          	sw	zero,1056(s0)
    7622:	42040423          	sb	zero,1064(s0)
    7626:	80073073          	csrc	0x800,a4
    762a:	0887f793          	andi	a5,a5,136
    762e:	8007a073          	csrs	0x800,a5
    7632:	9e41a783          	lw	a5,-1564(gp) # 20000374 <_ZZ10ahubus_runvE8deadline>
    7636:	40fa0a33          	sub	s4,s4,a5
    763a:	01405363          	blez	s4,7640 <main+0x10d2>
    763e:	4495                	li	s1,5
    7640:	e000f7b7          	lui	a5,0xe000f
    7644:	479c                	lw	a5,8(a5)
    7646:	ca3e                	sw	a5,20(sp)
    7648:	800026f3          	csrr	a3,0x800
    764c:	08800713          	li	a4,136
    7650:	80073073          	csrc	0x800,a4
    7654:	42042a83          	lw	s5,1056(s0)
    7658:	42844783          	lbu	a5,1064(s0)
    765c:	41c42903          	lw	s2,1052(s0)
    7660:	0ff7f793          	zext.b	a5,a5
    7664:	80073073          	csrc	0x800,a4
    7668:	0886f693          	andi	a3,a3,136
    766c:	8006a073          	csrs	0x800,a3
    7670:	59504663          	bgtz	s5,7bfc <main+0x168e>
    7674:	800026f3          	csrr	a3,0x800
    7678:	80073073          	csrc	0x800,a4
    767c:	a281a783          	lw	a5,-1496(gp) # 200003b8 <_ZL27bambubus_heartbeat_deadline>
    7680:	80073073          	csrc	0x800,a4
    7684:	0886f713          	andi	a4,a3,136
    7688:	80072073          	csrs	0x800,a4
    768c:	9f41a683          	lw	a3,-1548(gp) # 20000384 <_ZZ12bambubus_runvE16last_hb_deadline>
    7690:	4981                	li	s3,0
    7692:	5ed78563          	beq	a5,a3,7c7c <main+0x170e>
    7696:	9ef1aa23          	sw	a5,-1548(gp) # 20000384 <_ZZ12bambubus_runvE16last_hb_deadline>
    769a:	4752                	lw	a4,20(sp)
    769c:	40e78733          	sub	a4,a5,a4
    76a0:	5ce05e63          	blez	a4,7c7c <main+0x170e>
    76a4:	49b1                	li	s3,12
    76a6:	abd9                	j	7c7c <main+0x170e>
    76a8:	007a17b7          	lui	a5,0x7a1
    76ac:	20078793          	addi	a5,a5,512 # 7a1200 <ch32v20x_wwdg.c.f78e58f2+0x783f05>
    76b0:	bbcd                	j	74a2 <main+0xf34>
    76b2:	50000713          	li	a4,1280
    76b6:	f4d74de3          	blt	a4,a3,7610 <main+0x10a2>
    76ba:	2198                	lbu	a4,0(a1)
    76bc:	f4f71ae3          	bne	a4,a5,7610 <main+0x10a2>
    76c0:	21bc                	lbu	a5,2(a1)
    76c2:	40023737          	lui	a4,0x40023
    76c6:	4685                	li	a3,1
    76c8:	c714                	sw	a3,8(a4)
    76ca:	0789                	addi	a5,a5,2
    76cc:	4701                	li	a4,0
    76ce:	40023637          	lui	a2,0x40023
    76d2:	00271693          	slli	a3,a4,0x2
    76d6:	96ae                	add	a3,a3,a1
    76d8:	4294                	lw	a3,0(a3)
    76da:	0705                	addi	a4,a4,1 # 40023001 <__freertos_irq_stack_top+0x2001e001>
    76dc:	c214                	sw	a3,0(a2)
    76de:	fef76ae3          	bltu	a4,a5,76d2 <main+0x1164>
    76e2:	078a                	slli	a5,a5,0x2
    76e4:	97ae                	add	a5,a5,a1
    76e6:	4218                	lw	a4,0(a2)
    76e8:	439c                	lw	a5,0(a5)
    76ea:	f2f713e3          	bne	a4,a5,7610 <main+0x10a2>
    76ee:	21c4                	lbu	s1,4(a1)
    76f0:	4789                	li	a5,2
    76f2:	0af48463          	beq	s1,a5,779a <main+0x122c>
    76f6:	478d                	li	a5,3
    76f8:	3cf48f63          	beq	s1,a5,7ad6 <main+0x1568>
    76fc:	4785                	li	a5,1
    76fe:	f0f49ae3          	bne	s1,a5,7612 <main+0x10a4>
    7702:	42442783          	lw	a5,1060(s0)
    7706:	ebbd                	bnez	a5,777c <main+0x120e>
    7708:	40044783          	lbu	a5,1024(s0)
    770c:	4532                	lw	a0,12(sp)
    770e:	c789                	beqz	a5,7718 <main+0x11aa>
    7710:	20001537          	lui	a0,0x20001
    7714:	9bc50513          	addi	a0,a0,-1604 # 200009bc <__global_pointer$+0x2c>
    7718:	03300793          	li	a5,51
    771c:	a11c                	sb	a5,0(a0)
    771e:	319c                	lbu	a5,1(a1)
    7720:	20002737          	lui	a4,0x20002
    7724:	d9070613          	addi	a2,a4,-624 # 20001d90 <ams>
    7728:	b11c                	sb	a5,1(a0)
    772a:	4785                	li	a5,1
    772c:	a15c                	sb	a5,4(a0)
    772e:	4681                	li	a3,0
    7730:	00650793          	addi	a5,a0,6
    7734:	4701                	li	a4,0
    7736:	45c1                	li	a1,16
    7738:	11064803          	lbu	a6,272(a2) # 40023110 <__freertos_irq_stack_top+0x2001e110>
    773c:	00080b63          	beqz	a6,7752 <main+0x11e4>
    7740:	00064803          	lbu	a6,0(a2)
    7744:	0705                	addi	a4,a4,1
    7746:	a394                	sb	a3,0(a5)
    7748:	010780a3          	sb	a6,1(a5)
    774c:	0ff77713          	zext.b	a4,a4
    7750:	0789                	addi	a5,a5,2
    7752:	0691                	addi	a3,a3,4 # 2004 <_Z32MC_PULL_detect_channels_insertedv+0x50>
    7754:	0ff6f693          	zext.b	a3,a3
    7758:	11460613          	addi	a2,a2,276
    775c:	fcb69ee3          	bne	a3,a1,7738 <main+0x11ca>
    7760:	b158                	sb	a4,5(a0)
    7762:	8b05                	andi	a4,a4,1
    7764:	e701                	bnez	a4,776c <main+0x11fe>
    7766:	00079023          	sh	zero,0(a5)
    776a:	0789                	addi	a5,a5,2
    776c:	8f89                	sub	a5,a5,a0
    776e:	8789                	srai	a5,a5,0x2
    7770:	17f9                	addi	a5,a5,-2
    7772:	a13c                	sb	a5,2(a0)
    7774:	9bbf90ef          	jal	ra,112e <_Z22ahubus_package_add_crcPh>
    7778:	42a42223          	sw	a0,1060(s0)
    777c:	82c1a783          	lw	a5,-2004(gp) # 200001bc <time_hw_tpms>
    7780:	cb89                	beqz	a5,7792 <main+0x1224>
    7782:	3e800713          	li	a4,1000
    7786:	02e7b6b3          	mulhu	a3,a5,a4
    778a:	02e787b3          	mul	a5,a5,a4
    778e:	c291                	beqz	a3,7792 <main+0x1224>
    7790:	57fd                	li	a5,-1
    7792:	97d2                	add	a5,a5,s4
    7794:	9ef1a223          	sw	a5,-1564(gp) # 20000374 <_ZZ10ahubus_runvE8deadline>
    7798:	bdad                	j	7612 <main+0x10a4>
    779a:	42442783          	lw	a5,1060(s0)
    779e:	e6079ae3          	bnez	a5,7612 <main+0x10a4>
    77a2:	40044783          	lbu	a5,1024(s0)
    77a6:	4ab2                	lw	s5,12(sp)
    77a8:	c789                	beqz	a5,77b2 <main+0x1244>
    77aa:	20001ab7          	lui	s5,0x20001
    77ae:	9bca8a93          	addi	s5,s5,-1604 # 200009bc <__global_pointer$+0x2c>
    77b2:	9c818793          	addi	a5,gp,-1592 # 20000358 <_ZL30ahubus_host_package_query_init>
    77b6:	4398                	lw	a4,0(a5)
    77b8:	43dc                	lw	a5,4(a5)
    77ba:	0055c983          	lbu	s3,5(a1)
    77be:	0065c903          	lbu	s2,6(a1)
    77c2:	00faa223          	sw	a5,4(s5)
    77c6:	00eaa023          	sw	a4,0(s5)
    77ca:	013a82a3          	sb	s3,5(s5)
    77ce:	012a8323          	sb	s2,6(s5)
    77d2:	4799                	li	a5,6
    77d4:	22f98f63          	beq	s3,a5,7a12 <main+0x14a4>
    77d8:	00495913          	srli	s2,s2,0x4
    77dc:	478d                	li	a5,3
    77de:	e327eae3          	bltu	a5,s2,7612 <main+0x10a4>
    77e2:	4791                	li	a5,4
    77e4:	0ef98f63          	beq	s3,a5,78e2 <main+0x1374>
    77e8:	0737e863          	bltu	a5,s3,7858 <main+0x12ea>
    77ec:	4785                	li	a5,1
    77ee:	0af98f63          	beq	s3,a5,78ac <main+0x133e>
    77f2:	4789                	li	a5,2
    77f4:	e0f99fe3          	bne	s3,a5,7612 <main+0x10a4>
    77f8:	11400793          	li	a5,276
    77fc:	02f90933          	mul	s2,s2,a5
    7800:	200029b7          	lui	s3,0x20002
    7804:	d9098993          	addi	s3,s3,-624 # 20001d90 <ams>
    7808:	02c00613          	li	a2,44
    780c:	008a8513          	addi	a0,s5,8
    7810:	00490593          	addi	a1,s2,4
    7814:	95ce                	add	a1,a1,s3
    7816:	8ebf80ef          	jal	ra,100 <memcpy>
    781a:	04490593          	addi	a1,s2,68
    781e:	02c00613          	li	a2,44
    7822:	95ce                	add	a1,a1,s3
    7824:	034a8513          	addi	a0,s5,52
    7828:	8d9f80ef          	jal	ra,100 <memcpy>
    782c:	08490593          	addi	a1,s2,132
    7830:	02c00613          	li	a2,44
    7834:	95ce                	add	a1,a1,s3
    7836:	060a8513          	addi	a0,s5,96
    783a:	8c7f80ef          	jal	ra,100 <memcpy>
    783e:	0c490593          	addi	a1,s2,196
    7842:	02c00613          	li	a2,44
    7846:	95ce                	add	a1,a1,s3
    7848:	08ca8513          	addi	a0,s5,140
    784c:	8b5f80ef          	jal	ra,100 <memcpy>
    7850:	02c00793          	li	a5,44
    7854:	4985                	li	s3,1
    7856:	a8a5                	j	78ce <main+0x1360>
    7858:	4795                	li	a5,5
    785a:	daf99ce3          	bne	s3,a5,7612 <main+0x10a4>
    785e:	11400793          	li	a5,276
    7862:	02f90933          	mul	s2,s2,a5
    7866:	200027b7          	lui	a5,0x20002
    786a:	dc078793          	addi	a5,a5,-576 # 20001dc0 <ams+0x30>
    786e:	97ca                	add	a5,a5,s2
    7870:	439c                	lw	a5,0(a5)
    7872:	00faa423          	sw	a5,8(s5)
    7876:	200027b7          	lui	a5,0x20002
    787a:	e0078793          	addi	a5,a5,-512 # 20001e00 <ams+0x70>
    787e:	97ca                	add	a5,a5,s2
    7880:	439c                	lw	a5,0(a5)
    7882:	00faa623          	sw	a5,12(s5)
    7886:	200027b7          	lui	a5,0x20002
    788a:	e4078793          	addi	a5,a5,-448 # 20001e40 <ams+0xb0>
    788e:	97ca                	add	a5,a5,s2
    7890:	439c                	lw	a5,0(a5)
    7892:	00faa823          	sw	a5,16(s5)
    7896:	200027b7          	lui	a5,0x20002
    789a:	e8078793          	addi	a5,a5,-384 # 20001e80 <ams+0xf0>
    789e:	993e                	add	s2,s2,a5
    78a0:	00092783          	lw	a5,0(s2)
    78a4:	00faaa23          	sw	a5,20(s5)
    78a8:	47c2                	lw	a5,16(sp)
    78aa:	b76d                	j	7854 <main+0x12e6>
    78ac:	11400793          	li	a5,276
    78b0:	02f907b3          	mul	a5,s2,a5
    78b4:	200025b7          	lui	a1,0x20002
    78b8:	d9058593          	addi	a1,a1,-624 # 20001d90 <ams>
    78bc:	4621                	li	a2,8
    78be:	008a8513          	addi	a0,s5,8
    78c2:	10578793          	addi	a5,a5,261
    78c6:	95be                	add	a1,a1,a5
    78c8:	839f80ef          	jal	ra,100 <memcpy>
    78cc:	87a6                	mv	a5,s1
    78ce:	00fa8123          	sb	a5,2(s5)
    78d2:	013a83a3          	sb	s3,7(s5)
    78d6:	8556                	mv	a0,s5
    78d8:	857f90ef          	jal	ra,112e <_Z22ahubus_package_add_crcPh>
    78dc:	42a42223          	sw	a0,1060(s0)
    78e0:	bb0d                	j	7612 <main+0x10a4>
    78e2:	11400693          	li	a3,276
    78e6:	02d906b3          	mul	a3,s2,a3
    78ea:	200027b7          	lui	a5,0x20002
    78ee:	d9078713          	addi	a4,a5,-624 # 20001d90 <ams>
    78f2:	d9078793          	addi	a5,a5,-624
    78f6:	9736                	add	a4,a4,a3
    78f8:	03574683          	lbu	a3,53(a4)
    78fc:	03474703          	lbu	a4,52(a4)
    7900:	c319                	beqz	a4,7906 <main+0x1398>
    7902:	0806e693          	ori	a3,a3,128
    7906:	11400713          	li	a4,276
    790a:	02e90733          	mul	a4,s2,a4
    790e:	00da8423          	sb	a3,8(s5)
    7912:	00e786b3          	add	a3,a5,a4
    7916:	0366c603          	lbu	a2,54(a3)
    791a:	00ca84a3          	sb	a2,9(s5)
    791e:	0376c603          	lbu	a2,55(a3)
    7922:	00ca8523          	sb	a2,10(s5)
    7926:	0386c603          	lbu	a2,56(a3)
    792a:	00ca85a3          	sb	a2,11(s5)
    792e:	20002637          	lui	a2,0x20002
    7932:	db060613          	addi	a2,a2,-592 # 20001db0 <ams+0x20>
    7936:	9732                	add	a4,a4,a2
    7938:	4b18                	lw	a4,16(a4)
    793a:	00eaa623          	sw	a4,12(s5)
    793e:	0756c703          	lbu	a4,117(a3)
    7942:	0746c683          	lbu	a3,116(a3)
    7946:	c299                	beqz	a3,794c <main+0x13de>
    7948:	08076713          	ori	a4,a4,128
    794c:	00ea8823          	sb	a4,16(s5)
    7950:	11400713          	li	a4,276
    7954:	02e90733          	mul	a4,s2,a4
    7958:	00e786b3          	add	a3,a5,a4
    795c:	0766c603          	lbu	a2,118(a3)
    7960:	00ca88a3          	sb	a2,17(s5)
    7964:	0776c603          	lbu	a2,119(a3)
    7968:	00ca8923          	sb	a2,18(s5)
    796c:	0786c603          	lbu	a2,120(a3)
    7970:	00ca89a3          	sb	a2,19(s5)
    7974:	20002637          	lui	a2,0x20002
    7978:	df060613          	addi	a2,a2,-528 # 20001df0 <ams+0x60>
    797c:	9732                	add	a4,a4,a2
    797e:	4b18                	lw	a4,16(a4)
    7980:	00eaaa23          	sw	a4,20(s5)
    7984:	0b56c703          	lbu	a4,181(a3)
    7988:	0b46c683          	lbu	a3,180(a3)
    798c:	c299                	beqz	a3,7992 <main+0x1424>
    798e:	08076713          	ori	a4,a4,128
    7992:	00ea8c23          	sb	a4,24(s5)
    7996:	11400713          	li	a4,276
    799a:	02e90733          	mul	a4,s2,a4
    799e:	00e786b3          	add	a3,a5,a4
    79a2:	0b66c603          	lbu	a2,182(a3)
    79a6:	00ca8ca3          	sb	a2,25(s5)
    79aa:	0b76c603          	lbu	a2,183(a3)
    79ae:	00ca8d23          	sb	a2,26(s5)
    79b2:	0b86c603          	lbu	a2,184(a3)
    79b6:	00ca8da3          	sb	a2,27(s5)
    79ba:	20002637          	lui	a2,0x20002
    79be:	e3060613          	addi	a2,a2,-464 # 20001e30 <ams+0xa0>
    79c2:	9732                	add	a4,a4,a2
    79c4:	4b18                	lw	a4,16(a4)
    79c6:	00eaae23          	sw	a4,28(s5)
    79ca:	0f56c703          	lbu	a4,245(a3)
    79ce:	0f46c683          	lbu	a3,244(a3)
    79d2:	c299                	beqz	a3,79d8 <main+0x146a>
    79d4:	08076713          	ori	a4,a4,128
    79d8:	02ea8023          	sb	a4,32(s5)
    79dc:	11400713          	li	a4,276
    79e0:	02e90733          	mul	a4,s2,a4
    79e4:	97ba                	add	a5,a5,a4
    79e6:	0f67c683          	lbu	a3,246(a5)
    79ea:	02da80a3          	sb	a3,33(s5)
    79ee:	0f77c683          	lbu	a3,247(a5)
    79f2:	0f87c783          	lbu	a5,248(a5)
    79f6:	02da8123          	sb	a3,34(s5)
    79fa:	02fa81a3          	sb	a5,35(s5)
    79fe:	200027b7          	lui	a5,0x20002
    7a02:	e7078793          	addi	a5,a5,-400 # 20001e70 <ams+0xe0>
    7a06:	973e                	add	a4,a4,a5
    7a08:	4b1c                	lw	a5,16(a4)
    7a0a:	02faa223          	sw	a5,36(s5)
    7a0e:	47a1                	li	a5,8
    7a10:	b591                	j	7854 <main+0x12e6>
    7a12:	20002737          	lui	a4,0x20002
    7a16:	008a8793          	addi	a5,s5,8
    7a1a:	d9070713          	addi	a4,a4,-624 # 20001d90 <ams>
    7a1e:	4681                	li	a3,0
    7a20:	4981                	li	s3,0
    7a22:	4305                	li	t1,1
    7a24:	04000893          	li	a7,64
    7a28:	11074603          	lbu	a2,272(a4)
    7a2c:	ce2d                	beqz	a2,7aa6 <main+0x1538>
    7a2e:	03674603          	lbu	a2,54(a4)
    7a32:	0f674e03          	lbu	t3,246(a4)
    7a36:	03574803          	lbu	a6,53(a4)
    7a3a:	b3b0                	sb	a2,3(a5)
    7a3c:	07674603          	lbu	a2,118(a4)
    7a40:	07574503          	lbu	a0,117(a4)
    7a44:	0b574583          	lbu	a1,181(a4)
    7a48:	b3d0                	sb	a2,5(a5)
    7a4a:	0b674603          	lbu	a2,182(a4)
    7a4e:	01c784a3          	sb	t3,9(a5)
    7a52:	03474e03          	lbu	t3,52(a4)
    7a56:	b3f0                	sb	a2,7(a5)
    7a58:	0f574603          	lbu	a2,245(a4)
    7a5c:	a394                	sb	a3,0(a5)
    7a5e:	006780a3          	sb	t1,1(a5)
    7a62:	01078123          	sb	a6,2(a5)
    7a66:	a3c8                	sb	a0,4(a5)
    7a68:	a3ec                	sb	a1,6(a5)
    7a6a:	a790                	sb	a2,8(a5)
    7a6c:	000e0663          	beqz	t3,7a78 <main+0x150a>
    7a70:	f8086813          	ori	a6,a6,-128
    7a74:	01078123          	sb	a6,2(a5)
    7a78:	07474803          	lbu	a6,116(a4)
    7a7c:	00080563          	beqz	a6,7a86 <main+0x1518>
    7a80:	f8056513          	ori	a0,a0,-128
    7a84:	a3c8                	sb	a0,4(a5)
    7a86:	0b474503          	lbu	a0,180(a4)
    7a8a:	c501                	beqz	a0,7a92 <main+0x1524>
    7a8c:	f805e593          	ori	a1,a1,-128
    7a90:	a3ec                	sb	a1,6(a5)
    7a92:	0f474583          	lbu	a1,244(a4)
    7a96:	c581                	beqz	a1,7a9e <main+0x1530>
    7a98:	f8066613          	ori	a2,a2,-128
    7a9c:	a790                	sb	a2,8(a5)
    7a9e:	0985                	addi	s3,s3,1
    7aa0:	07a9                	addi	a5,a5,10
    7aa2:	0ff9f993          	zext.b	s3,s3
    7aa6:	06c1                	addi	a3,a3,16
    7aa8:	0ff6f693          	zext.b	a3,a3
    7aac:	11470713          	addi	a4,a4,276
    7ab0:	f7169ce3          	bne	a3,a7,7a28 <main+0x14ba>
    7ab4:	004a8613          	addi	a2,s5,4
    7ab8:	40c78733          	sub	a4,a5,a2
    7abc:	00377693          	andi	a3,a4,3
    7ac0:	e699                	bnez	a3,7ace <main+0x1560>
    7ac2:	40275793          	srai	a5,a4,0x2
    7ac6:	17fd                	addi	a5,a5,-1
    7ac8:	0ff7f793          	zext.b	a5,a5
    7acc:	b509                	j	78ce <main+0x1360>
    7ace:	0785                	addi	a5,a5,1
    7ad0:	fe078fa3          	sb	zero,-1(a5)
    7ad4:	b7d5                	j	7ab8 <main+0x154a>
    7ad6:	42442783          	lw	a5,1060(s0)
    7ada:	b2079ce3          	bnez	a5,7612 <main+0x10a4>
    7ade:	40044783          	lbu	a5,1024(s0)
    7ae2:	4ab2                	lw	s5,12(sp)
    7ae4:	c789                	beqz	a5,7aee <main+0x1580>
    7ae6:	20001ab7          	lui	s5,0x20001
    7aea:	9bca8a93          	addi	s5,s5,-1604 # 200009bc <__global_pointer$+0x2c>
    7aee:	0065c983          	lbu	s3,6(a1)
    7af2:	470d                	li	a4,3
    7af4:	0049db13          	srli	s6,s3,0x4
    7af8:	b1676de3          	bltu	a4,s6,7612 <main+0x10a4>
    7afc:	0055c903          	lbu	s2,5(a1)
    7b00:	4795                	li	a5,5
    7b02:	06f90463          	beq	s2,a5,7b6a <main+0x15fc>
    7b06:	4799                	li	a5,6
    7b08:	08f90663          	beq	s2,a5,7b94 <main+0x1626>
    7b0c:	4789                	li	a5,2
    7b0e:	b0f912e3          	bne	s2,a5,7612 <main+0x10a4>
    7b12:	0345cb83          	lbu	s7,52(a1)
    7b16:	af776ee3          	bltu	a4,s7,7612 <main+0x10a4>
    7b1a:	11400713          	li	a4,276
    7b1e:	02eb0733          	mul	a4,s6,a4
    7b22:	006b9793          	slli	a5,s7,0x6
    7b26:	0791                	addi	a5,a5,4
    7b28:	20002537          	lui	a0,0x20002
    7b2c:	d9050513          	addi	a0,a0,-624 # 20001d90 <ams>
    7b30:	02c00613          	li	a2,44
    7b34:	05a1                	addi	a1,a1,8
    7b36:	97ba                	add	a5,a5,a4
    7b38:	953e                	add	a0,a0,a5
    7b3a:	dc6f80ef          	jal	ra,100 <memcpy>
    7b3e:	000b1563          	bnez	s6,7b48 <main+0x15da>
    7b42:	855e                	mv	a0,s7
    7b44:	f10f90ef          	jal	ra,1254 <_Z35ams_datas_set_need_to_save_filamenth>
    7b48:	9d018793          	addi	a5,gp,-1584 # 20000360 <_ZL28ahubus_host_package_set_init>
    7b4c:	4398                	lw	a4,0(a5)
    7b4e:	43dc                	lw	a5,4(a5)
    7b50:	00eaa023          	sw	a4,0(s5)
    7b54:	00faa223          	sw	a5,4(s5)
    7b58:	012a82a3          	sb	s2,5(s5)
    7b5c:	013a8323          	sb	s3,6(s5)
    7b60:	000a83a3          	sb	zero,7(s5)
    7b64:	000a8123          	sb	zero,2(s5)
    7b68:	b3bd                	j	78d6 <main+0x1368>
    7b6a:	25dc                	lbu	a5,12(a1)
    7b6c:	aaf763e3          	bltu	a4,a5,7612 <main+0x10a4>
    7b70:	11400713          	li	a4,276
    7b74:	02eb0733          	mul	a4,s6,a4
    7b78:	079a                	slli	a5,a5,0x6
    7b7a:	03078793          	addi	a5,a5,48
    7b7e:	20002537          	lui	a0,0x20002
    7b82:	d9050513          	addi	a0,a0,-624 # 20001d90 <ams>
    7b86:	4611                	li	a2,4
    7b88:	05a1                	addi	a1,a1,8
    7b8a:	97ba                	add	a5,a5,a4
    7b8c:	953e                	add	a0,a0,a5
    7b8e:	d72f80ef          	jal	ra,100 <memcpy>
    7b92:	bf5d                	j	7b48 <main+0x15da>
    7b94:	200026b7          	lui	a3,0x20002
    7b98:	31e8                	lbu	a0,7(a1)
    7b9a:	4701                	li	a4,0
    7b9c:	05a1                	addi	a1,a1,8
    7b9e:	480d                	li	a6,3
    7ba0:	d9068693          	addi	a3,a3,-624 # 20001d90 <ams>
    7ba4:	11400893          	li	a7,276
    7ba8:	fae500e3          	beq	a0,a4,7b48 <main+0x15da>
    7bac:	219c                	lbu	a5,0(a1)
    7bae:	0599                	addi	a1,a1,6
    7bb0:	8391                	srli	a5,a5,0x4
    7bb2:	04f86163          	bltu	a6,a5,7bf4 <main+0x1686>
    7bb6:	031787b3          	mul	a5,a5,a7
    7bba:	ffb5c603          	lbu	a2,-5(a1)
    7bbe:	97b6                	add	a5,a5,a3
    7bc0:	10c78223          	sb	a2,260(a5)
    7bc4:	ffc5c603          	lbu	a2,-4(a1)
    7bc8:	07f67613          	andi	a2,a2,127
    7bcc:	02c78aa3          	sb	a2,53(a5)
    7bd0:	ffd5c603          	lbu	a2,-3(a1)
    7bd4:	07f67613          	andi	a2,a2,127
    7bd8:	06c78aa3          	sb	a2,117(a5)
    7bdc:	ffe5c603          	lbu	a2,-2(a1)
    7be0:	07f67613          	andi	a2,a2,127
    7be4:	0ac78aa3          	sb	a2,181(a5)
    7be8:	fff5c603          	lbu	a2,-1(a1)
    7bec:	07f67613          	andi	a2,a2,127
    7bf0:	0ec78aa3          	sb	a2,245(a5)
    7bf4:	0705                	addi	a4,a4,1
    7bf6:	0ff77713          	zext.b	a4,a4
    7bfa:	b77d                	j	7ba8 <main+0x163a>
    7bfc:	03d00693          	li	a3,61
    7c00:	a6d79ae3          	bne	a5,a3,7674 <main+0x1106>
    7c04:	4981                	li	s3,0
    7c06:	02090d63          	beqz	s2,7c40 <main+0x16d2>
    7c0a:	50000713          	li	a4,1280
    7c0e:	03574963          	blt	a4,s5,7c40 <main+0x16d2>
    7c12:	00094703          	lbu	a4,0(s2)
    7c16:	02f71563          	bne	a4,a5,7c40 <main+0x16d2>
    7c1a:	4795                	li	a5,5
    7c1c:	3357c763          	blt	a5,s5,7f4a <main+0x19dc>
    7c20:	4981                	li	s3,0
    7c22:	42442783          	lw	a5,1060(s0)
    7c26:	cf89                	beqz	a5,7c40 <main+0x16d2>
    7c28:	81c1a683          	lw	a3,-2020(gp) # 200001ac <time_hw_tpus>
    7c2c:	03200713          	li	a4,50
    7c30:	02d707b3          	mul	a5,a4,a3
    7c34:	02d73733          	mulhu	a4,a4,a3
    7c38:	58071fe3          	bnez	a4,89d6 <main+0x2468>
    7c3c:	58079ee3          	bnez	a5,89d8 <main+0x246a>
    7c40:	800027f3          	csrr	a5,0x800
    7c44:	08800713          	li	a4,136
    7c48:	80073073          	csrc	0x800,a4
    7c4c:	42042023          	sw	zero,1056(s0)
    7c50:	42040423          	sb	zero,1064(s0)
    7c54:	80073073          	csrc	0x800,a4
    7c58:	0887f793          	andi	a5,a5,136
    7c5c:	8007a073          	csrs	0x800,a5
    7c60:	800026f3          	csrr	a3,0x800
    7c64:	80073073          	csrc	0x800,a4
    7c68:	a281a783          	lw	a5,-1496(gp) # 200003b8 <_ZL27bambubus_heartbeat_deadline>
    7c6c:	80073073          	csrc	0x800,a4
    7c70:	0886f713          	andi	a4,a3,136
    7c74:	80072073          	csrs	0x800,a4
    7c78:	a0098ae3          	beqz	s3,768c <main+0x111e>
    7c7c:	4752                	lw	a4,20(sp)
    7c7e:	42442583          	lw	a1,1060(s0)
    7c82:	40f707b3          	sub	a5,a4,a5
    7c86:	fff58713          	addi	a4,a1,-1
    7c8a:	56f052e3          	blez	a5,89ee <main+0x2480>
    7c8e:	4ff00793          	li	a5,1279
    7c92:	5ce7efe3          	bltu	a5,a4,8a70 <main+0x2502>
    7c96:	42944783          	lbu	a5,1065(s0)
    7c9a:	59fd                	li	s3,-1
    7c9c:	58079ce3          	bnez	a5,8a34 <main+0x24c6>
    7ca0:	4791                	li	a5,4
    7ca2:	5cf497e3          	bne	s1,a5,8a70 <main+0x2502>
    7ca6:	a001ac23          	sw	zero,-1512(gp) # 200003a8 <_ZZ4mainE5error>
    7caa:	a1c1c483          	lbu	s1,-1508(gp) # 200003ac <_ZL11g_fil_dirty>
    7cae:	c485                	beqz	s1,7cd6 <main+0x1768>
    7cb0:	0014f793          	andi	a5,s1,1
    7cb4:	5e0793e3          	bnez	a5,8a9a <main+0x252c>
    7cb8:	0024f793          	andi	a5,s1,2
    7cbc:	c399                	beqz	a5,7cc2 <main+0x1754>
    7cbe:	6dd0006f          	j	8b9a <main+0x262c>
    7cc2:	0044f793          	andi	a5,s1,4
    7cc6:	c399                	beqz	a5,7ccc <main+0x175e>
    7cc8:	6d70006f          	j	8b9e <main+0x2630>
    7ccc:	0084f793          	andi	a5,s1,8
    7cd0:	4c0d                	li	s8,3
    7cd2:	5c0795e3          	bnez	a5,8a9c <main+0x252e>
    7cd6:	8141ca83          	lbu	s5,-2028(gp) # 200001a4 <_ZL11g_loaded_ch>
    7cda:	a241c783          	lbu	a5,-1500(gp) # 200003b4 <_ZL13g_state_dirty>
    7cde:	c7d9                	beqz	a5,7d6c <main+0x17fe>
    7ce0:	a941c783          	lbu	a5,-1388(gp) # 20000424 <_ZL16g_sta_have_saved>
    7ce4:	c789                	beqz	a5,7cee <main+0x1780>
    7ce6:	8281c783          	lbu	a5,-2008(gp) # 200001b8 <_ZL18g_sta_saved_loaded>
    7cea:	07578f63          	beq	a5,s5,7d68 <main+0x17fa>
    7cee:	a961d483          	lhu	s1,-1386(gp) # 20000426 <_ZL10g_sta_slot>
    7cf2:	a981da03          	lhu	s4,-1384(gp) # 20000428 <_ZL9g_sta_seq>
    7cf6:	00080737          	lui	a4,0x80
    7cfa:	0f670713          	addi	a4,a4,246 # 800f6 <ch32v20x_wwdg.c.f78e58f2+0x62dfb>
    7cfe:	008a1793          	slli	a5,s4,0x8
    7d02:	0054dc93          	srli	s9,s1,0x5
    7d06:	0157e7b3          	or	a5,a5,s5
    7d0a:	9cba                	add	s9,s9,a4
    7d0c:	a5000737          	lui	a4,0xa5000
    7d10:	8f5d                	or	a4,a4,a5
    7d12:	01f4f993          	andi	s3,s1,31
    7d16:	0ca2                	slli	s9,s9,0x8
    7d18:	098e                	slli	s3,s3,0x3
    7d1a:	ccba                	sw	a4,88(sp)
    7d1c:	94415737          	lui	a4,0x94415
    7d20:	99e6                	add	s3,s3,s9
    7d22:	45370713          	addi	a4,a4,1107 # 94415453 <__freertos_irq_stack_top+0x74410453>
    7d26:	8fb9                	xor	a5,a5,a4
    7d28:	4609                	li	a2,2
    7d2a:	08ac                	addi	a1,sp,88
    7d2c:	854e                	mv	a0,s3
    7d2e:	cebe                	sw	a5,92(sp)
    7d30:	c29f90ef          	jal	ra,1958 <_ZL16flash_prog_wordsmPKmm>
    7d34:	e919                	bnez	a0,7d4a <main+0x17dc>
    7d36:	8566                	mv	a0,s9
    7d38:	d2bf90ef          	jal	ra,1a62 <_ZL14flash256_erasem.part.0>
    7d3c:	c905                	beqz	a0,7d6c <main+0x17fe>
    7d3e:	4609                	li	a2,2
    7d40:	08ac                	addi	a1,sp,88
    7d42:	854e                	mv	a0,s3
    7d44:	c15f90ef          	jal	ra,1958 <_ZL16flash_prog_wordsmPKmm>
    7d48:	c115                	beqz	a0,7d6c <main+0x17fe>
    7d4a:	14000793          	li	a5,320
    7d4e:	0485                	addi	s1,s1,1
    7d50:	02f4f4b3          	remu	s1,s1,a5
    7d54:	4705                	li	a4,1
    7d56:	0a05                	addi	s4,s4,1
    7d58:	a8e18a23          	sb	a4,-1388(gp) # 20000424 <_ZL16g_sta_have_saved>
    7d5c:	a9419c23          	sh	s4,-1384(gp) # 20000428 <_ZL9g_sta_seq>
    7d60:	83518423          	sb	s5,-2008(gp) # 200001b8 <_ZL18g_sta_saved_loaded>
    7d64:	a8919b23          	sh	s1,-1386(gp) # 20000426 <_ZL10g_sta_slot>
    7d68:	a2018223          	sb	zero,-1500(gp) # 200003b4 <_ZL13g_state_dirty>
    7d6c:	a181a783          	lw	a5,-1512(gp) # 200003a8 <_ZZ4mainE5error>
    7d70:	ce3e                	sw	a5,28(sp)
    7d72:	e000f7b7          	lui	a5,0xe000f
    7d76:	47cc                	lw	a1,12(a5)
    7d78:	0087a903          	lw	s2,8(a5) # e000f008 <__freertos_irq_stack_top+0xc000a008>
    7d7c:	47d8                	lw	a4,12(a5)
    7d7e:	fee59ce3          	bne	a1,a4,7d76 <main+0x1808>
    7d82:	82c1a783          	lw	a5,-2004(gp) # 200001bc <time_hw_tpms>
    7d86:	ca3e                	sw	a5,20(sp)
    7d88:	8a3e                	mv	s4,a5
    7d8a:	e391                	bnez	a5,7d8e <main+0x1820>
    7d8c:	4a05                	li	s4,1
    7d8e:	a141c603          	lbu	a2,-1516(gp) # 200003a4 <_ZL13g_time_inited>
    7d92:	c609                	beqz	a2,7d9c <main+0x182e>
    7d94:	a101a603          	lw	a2,-1520(gp) # 200003a0 <_ZL15g_time_tpm_last>
    7d98:	60ca05e3          	beq	s4,a2,8ba2 <main+0x2634>
    7d9c:	4605                	li	a2,1
    7d9e:	a0c18a23          	sb	a2,-1516(gp) # 200003a4 <_ZL13g_time_inited>
    7da2:	a141a823          	sw	s4,-1520(gp) # 200003a0 <_ZL15g_time_tpm_last>
    7da6:	a121a423          	sw	s2,-1528(gp) # 20000398 <_ZL19g_time_last_ticks64>
    7daa:	a0b1a623          	sw	a1,-1524(gp) # 2000039c <_ZL19g_time_last_ticks64+0x4>
    7dae:	8652                	mv	a2,s4
    7db0:	4681                	li	a3,0
    7db2:	854a                	mv	a0,s2
    7db4:	2c2010ef          	jal	ra,9076 <__udivdi3>
    7db8:	84aa                	mv	s1,a0
    7dba:	a0a1a023          	sw	a0,-1536(gp) # 20000390 <_ZL11g_time_ms64>
    7dbe:	02aa0533          	mul	a0,s4,a0
    7dc2:	8aae                	mv	s5,a1
    7dc4:	a0b1a223          	sw	a1,-1532(gp) # 20000394 <_ZL11g_time_ms64+0x4>
    7dc8:	40a90533          	sub	a0,s2,a0
    7dcc:	9ea1ae23          	sw	a0,-1540(gp) # 2000038c <_ZL18g_time_rem_ticks32>
    7dd0:	854a                	mv	a0,s2
    7dd2:	81bf80ef          	jal	ra,5ec <_ZL19MC_PULL_ONLINE_readm>
    7dd6:	8141c503          	lbu	a0,-2028(gp) # 200001a4 <_ZL11g_loaded_ch>
    7dda:	478d                	li	a5,3
    7ddc:	a8418b13          	addi	s6,gp,-1404 # 20000414 <_ZL17MC_ONLINE_key_stu>
    7de0:	00a7e863          	bltu	a5,a0,7df0 <main+0x1882>
    7de4:	00ab07b3          	add	a5,s6,a0
    7de8:	239c                	lbu	a5,0(a5)
    7dea:	e399                	bnez	a5,7df0 <main+0x1882>
    7dec:	c80f90ef          	jal	ra,126c <_Z22ams_state_set_unloadedh>
    7df0:	200027b7          	lui	a5,0x20002
    7df4:	20002cb7          	lui	s9,0x20002
    7df8:	d9078d93          	addi	s11,a5,-624 # 20001d90 <ams>
    7dfc:	200027b7          	lui	a5,0x20002
    7e00:	d68c8c93          	addi	s9,s9,-664 # 20001d68 <_ZL18g_on_use_hi_pwm_us>
    7e04:	a7418d13          	addi	s10,gp,-1420 # 20000404 <_ZL18g_on_use_jam_latch>
    7e08:	9b878513          	addi	a0,a5,-1608 # 200019b8 <MOTOR_CONTROL>
    7e0c:	4c01                	li	s8,0
    7e0e:	a7418b93          	addi	s7,gp,-1420 # 20000404 <_ZL18g_on_use_jam_latch>
    7e12:	a7818813          	addi	a6,gp,-1416 # 20000408 <_ZL18g_on_use_low_latch>
    7e16:	4891                	li	a7,4
    7e18:	018b07b3          	add	a5,s6,s8
    7e1c:	239c                	lbu	a5,0(a5)
    7e1e:	e7b9                	bnez	a5,7e6c <main+0x18fe>
    7e20:	47f2                	lw	a5,28(sp)
    7e22:	eb95                	bnez	a5,7e56 <main+0x18e8>
    7e24:	47e2                	lw	a5,24(sp)
    7e26:	1047c703          	lbu	a4,260(a5)
    7e2a:	0ffc7793          	zext.b	a5,s8
    7e2e:	02f71463          	bne	a4,a5,7e56 <main+0x18e8>
    7e32:	035dc703          	lbu	a4,53(s11)
    7e36:	4785                	li	a5,1
    7e38:	00f71f63          	bne	a4,a5,7e56 <main+0x18e8>
    7e3c:	87d6                	mv	a5,s5
    7e3e:	8726                	mv	a4,s1
    7e40:	06400613          	li	a2,100
    7e44:	4681                	li	a3,0
    7e46:	458d                	li	a1,3
    7e48:	d22a                	sw	a0,36(sp)
    7e4a:	c9bf80ef          	jal	ra,ae4 <_ZN14_MOTOR_CONTROL10set_motionE20filament_motion_enumyy>
    7e4e:	5512                	lw	a0,36(sp)
    7e50:	a7818813          	addi	a6,gp,-1416 # 20000408 <_ZL18g_on_use_low_latch>
    7e54:	4891                	li	a7,4
    7e56:	000d4783          	lbu	a5,0(s10)
    7e5a:	c799                	beqz	a5,7e68 <main+0x18fa>
    7e5c:	010c07b3          	add	a5,s8,a6
    7e60:	00078023          	sb	zero,0(a5)
    7e64:	000d0023          	sb	zero,0(s10)
    7e68:	000ca023          	sw	zero,0(s9)
    7e6c:	0c05                	addi	s8,s8,1
    7e6e:	0c91                	addi	s9,s9,4
    7e70:	0d05                	addi	s10,s10,1
    7e72:	09850513          	addi	a0,a0,152
    7e76:	040d8d93          	addi	s11,s11,64
    7e7a:	f91c1fe3          	bne	s8,a7,7e18 <main+0x18aa>
    7e7e:	47f2                	lw	a5,28(sp)
    7e80:	58079ae3          	bnez	a5,8c14 <main+0x26a6>
    7e84:	47e2                	lw	a5,24(sp)
    7e86:	470d                	li	a4,3
    7e88:	1047c783          	lbu	a5,260(a5)
    7e8c:	02f76c63          	bltu	a4,a5,7ec4 <main+0x1956>
    7e90:	a9018713          	addi	a4,gp,-1392 # 20000420 <filament_channel_inserted>
    7e94:	973e                	add	a4,a4,a5
    7e96:	2318                	lbu	a4,0(a4)
    7e98:	c715                	beqz	a4,7ec4 <main+0x1956>
    7e9a:	00fb8733          	add	a4,s7,a5
    7e9e:	2318                	lbu	a4,0(a4)
    7ea0:	c315                	beqz	a4,7ec4 <main+0x1956>
    7ea2:	4762                	lw	a4,24(sp)
    7ea4:	079a                	slli	a5,a5,0x6
    7ea6:	97ba                	add	a5,a5,a4
    7ea8:	0357c783          	lbu	a5,53(a5)
    7eac:	4705                	li	a4,1
    7eae:	17fd                	addi	a5,a5,-1
    7eb0:	0ff7f793          	zext.b	a5,a5
    7eb4:	00f76863          	bltu	a4,a5,7ec4 <main+0x1956>
    7eb8:	4762                	lw	a4,24(sp)
    7eba:	77fd                	lui	a5,0xfffff
    7ebc:	06f78793          	addi	a5,a5,111 # fffff06f <__freertos_irq_stack_top+0xdfffa06f>
    7ec0:	10f71723          	sh	a5,270(a4)
    7ec4:	001b4783          	lbu	a5,1(s6)
    7ec8:	a841c983          	lbu	s3,-1404(gp) # 20000414 <_ZL17MC_ONLINE_key_stu>
    7ecc:	00f9e9b3          	or	s3,s3,a5
    7ed0:	002b4783          	lbu	a5,2(s6)
    7ed4:	00f9e9b3          	or	s3,s3,a5
    7ed8:	003b4783          	lbu	a5,3(s6)
    7edc:	00f9e9b3          	or	s3,s3,a5
    7ee0:	52099de3          	bnez	s3,8c1a <main+0x26ac>
    7ee4:	20000737          	lui	a4,0x20000
    7ee8:	200007b7          	lui	a5,0x20000
    7eec:	18070d93          	addi	s11,a4,384 # 20000180 <MC_PULL_V_MIN>
    7ef0:	15078d13          	addi	s10,a5,336 # 20000150 <_ZL15MC_PULL_stu_raw>
    7ef4:	4c81                	li	s9,0
    7ef6:	a9018b93          	addi	s7,gp,-1392 # 20000420 <filament_channel_inserted>
    7efa:	82018c13          	addi	s8,gp,-2016 # 200001b0 <MC_PULL_pct>
    7efe:	017c8633          	add	a2,s9,s7
    7f02:	2210                	lbu	a2,0(a2)
    7f04:	ca1d                	beqz	a2,7f3a <main+0x19cc>
    7f06:	000d2783          	lw	a5,0(s10)
    7f0a:	018c8633          	add	a2,s9,s8
    7f0e:	2210                	lbu	a2,0(a2)
    7f10:	d23e                	sw	a5,36(sp)
    7f12:	47bd                	li	a5,15
    7f14:	60c7f4e3          	bgeu	a5,a2,8d1c <main+0x27ae>
    7f18:	55a2                	lw	a1,40(sp)
    7f1a:	5512                	lw	a0,36(sp)
    7f1c:	0dd020ef          	jal	ra,a7f8 <__lesf2>
    7f20:	5ea05ee3          	blez	a0,8d1c <main+0x27ae>
    7f24:	55b2                	lw	a1,44(sp)
    7f26:	000da503          	lw	a0,0(s11)
    7f2a:	188020ef          	jal	ra,a0b2 <__addsf3>
    7f2e:	85aa                	mv	a1,a0
    7f30:	5512                	lw	a0,36(sp)
    7f32:	0c7020ef          	jal	ra,a7f8 <__lesf2>
    7f36:	5ea053e3          	blez	a0,8d1c <main+0x27ae>
    7f3a:	0c85                	addi	s9,s9,1
    7f3c:	4791                	li	a5,4
    7f3e:	0d91                	addi	s11,s11,4
    7f40:	0d11                	addi	s10,s10,4
    7f42:	fafc9ee3          	bne	s9,a5,7efe <main+0x1990>
    7f46:	4d50006f          	j	8c1a <main+0x26ac>
    7f4a:	67a5                	lui	a5,0x9
    7f4c:	65b1                	lui	a1,0xc
    7f4e:	ffea8693          	addi	a3,s5,-2
    7f52:	4601                	li	a2,0
    7f54:	13d78793          	addi	a5,a5,317 # 913d <__udivdi3+0xc7>
    7f58:	c2c58593          	addi	a1,a1,-980 # bc2c <g_crc16_tbl>
    7f5c:	00c90533          	add	a0,s2,a2
    7f60:	2108                	lbu	a0,0(a0)
    7f62:	0087d713          	srli	a4,a5,0x8
    7f66:	07a2                	slli	a5,a5,0x8
    7f68:	8f29                	xor	a4,a4,a0
    7f6a:	0706                	slli	a4,a4,0x1
    7f6c:	972e                	add	a4,a4,a1
    7f6e:	231a                	lhu	a4,0(a4)
    7f70:	07c2                	slli	a5,a5,0x10
    7f72:	83c1                	srli	a5,a5,0x10
    7f74:	0605                	addi	a2,a2,1
    7f76:	8fb9                	xor	a5,a5,a4
    7f78:	fed662e3          	bltu	a2,a3,7f5c <main+0x19ee>
    7f7c:	96ca                	add	a3,a3,s2
    7f7e:	2294                	lbu	a3,0(a3)
    7f80:	0ff7f713          	zext.b	a4,a5
    7f84:	c8e69ee3          	bne	a3,a4,7c20 <main+0x16b2>
    7f88:	01590733          	add	a4,s2,s5
    7f8c:	fff74703          	lbu	a4,-1(a4)
    7f90:	83a1                	srli	a5,a5,0x8
    7f92:	c8f717e3          	bne	a4,a5,7c20 <main+0x16b2>
    7f96:	00194783          	lbu	a5,1(s2)
    7f9a:	0c500713          	li	a4,197
    7f9e:	04e79063          	bne	a5,a4,7fde <main+0x1a70>
    7fa2:	00494783          	lbu	a5,4(s2)
    7fa6:	4721                	li	a4,8
    7fa8:	02f76463          	bltu	a4,a5,7fd0 <main+0x1a62>
    7fac:	4709                	li	a4,2
    7fae:	02f77663          	bgeu	a4,a5,7fda <main+0x1a6c>
    7fb2:	17f1                	addi	a5,a5,-4
    7fb4:	0ff7f793          	zext.b	a5,a5
    7fb8:	4711                	li	a4,4
    7fba:	1af76b63          	bltu	a4,a5,8170 <main+0x1c02>
    7fbe:	672d                	lui	a4,0xb
    7fc0:	078a                	slli	a5,a5,0x2
    7fc2:	64470713          	addi	a4,a4,1604 # b644 <__clzsi2+0x1d2>
    7fc6:	97ba                	add	a5,a5,a4
    7fc8:	439c                	lw	a5,0(a5)
    7fca:	8782                	jr	a5
    7fcc:	4991                	li	s3,4
    7fce:	b991                	j	7c22 <main+0x16b4>
    7fd0:	02000713          	li	a4,32
    7fd4:	49b1                	li	s3,12
    7fd6:	c4e786e3          	beq	a5,a4,7c22 <main+0x16b4>
    7fda:	49b5                	li	s3,13
    7fdc:	b199                	j	7c22 <main+0x16b4>
    7fde:	17f1                	addi	a5,a5,-4
    7fe0:	0ff7f793          	zext.b	a5,a5
    7fe4:	4705                	li	a4,1
    7fe6:	c2f76de3          	bltu	a4,a5,7c20 <main+0x16b2>
    7fea:	47b9                	li	a5,14
    7fec:	c357dae3          	bge	a5,s5,7c20 <main+0x16b2>
    7ff0:	ad818513          	addi	a0,gp,-1320 # 20000468 <printer_data_long>
    7ff4:	462d                	li	a2,11
    7ff6:	00290593          	addi	a1,s2,2
    7ffa:	906f80ef          	jal	ra,100 <memcpy>
    7ffe:	00d90793          	addi	a5,s2,13
    8002:	ad818993          	addi	s3,gp,-1320 # 20000468 <printer_data_long>
    8006:	0087d713          	srli	a4,a5,0x8
    800a:	00f985a3          	sb	a5,11(s3)
    800e:	00e98623          	sb	a4,12(s3)
    8012:	0107d713          	srli	a4,a5,0x10
    8016:	83e1                	srli	a5,a5,0x18
    8018:	00f98723          	sb	a5,14(s3)
    801c:	ff1a8793          	addi	a5,s5,-15
    8020:	00e986a3          	sb	a4,13(s3)
    8024:	01079713          	slli	a4,a5,0x10
    8028:	8341                	srli	a4,a4,0x10
    802a:	00f987a3          	sb	a5,15(s3)
    802e:	00875793          	srli	a5,a4,0x8
    8032:	00f98823          	sb	a5,16(s3)
    8036:	0049a783          	lw	a5,4(s3)
    803a:	70000693          	li	a3,1792
    803e:	ad818a13          	addi	s4,gp,-1320 # 20000468 <printer_data_long>
    8042:	83a1                	srli	a5,a5,0x8
    8044:	07c2                	slli	a5,a5,0x10
    8046:	83c1                	srli	a5,a5,0x10
    8048:	bcd79ce3          	bne	a5,a3,7c20 <main+0x16b2>
    804c:	008a2783          	lw	a5,8(s4)
    8050:	21800693          	li	a3,536
    8054:	83a1                	srli	a5,a5,0x8
    8056:	07c2                	slli	a5,a5,0x10
    8058:	83c1                	srli	a5,a5,0x10
    805a:	0ad78963          	beq	a5,a3,810c <main+0x1b9e>
    805e:	02f6e063          	bltu	a3,a5,807e <main+0x1b10>
    8062:	10300713          	li	a4,259
    8066:	08e78d63          	beq	a5,a4,8100 <main+0x1b92>
    806a:	21100713          	li	a4,529
    806e:	f6e796e3          	bne	a5,a4,7fda <main+0x1a6c>
    8072:	00d94783          	lbu	a5,13(s2)
    8076:	60078663          	beqz	a5,8682 <main+0x2114>
    807a:	49a1                	li	s3,8
    807c:	b65d                	j	7c22 <main+0x16b4>
    807e:	21a00693          	li	a3,538
    8082:	0ad78763          	beq	a5,a3,8130 <main+0x1bc2>
    8086:	40200693          	li	a3,1026
    808a:	f4d798e3          	bne	a5,a3,7fda <main+0x1a6c>
    808e:	02100793          	li	a5,33
    8092:	74e7ef63          	bltu	a5,a4,87f0 <main+0x2282>
    8096:	200027b7          	lui	a5,0x20002
    809a:	ea07c783          	lbu	a5,-352(a5) # 20001ea0 <ams+0x110>
    809e:	74078d63          	beqz	a5,87f8 <main+0x228a>
    80a2:	5782                	lw	a5,32(sp)
    80a4:	06010423          	sb	zero,104(sp)
    80a8:	04010fa3          	sb	zero,95(sp)
    80ac:	06f101a3          	sb	a5,99(sp)
    80b0:	83a1                	srli	a5,a5,0x8
    80b2:	06f10223          	sb	a5,100(sp)
    80b6:	5782                	lw	a5,32(sp)
    80b8:	08a8                	addi	a0,sp,88
    80ba:	83c1                	srli	a5,a5,0x10
    80bc:	06f102a3          	sb	a5,101(sp)
    80c0:	5782                	lw	a5,32(sp)
    80c2:	83e1                	srli	a5,a5,0x18
    80c4:	06f10323          	sb	a5,102(sp)
    80c8:	04200793          	li	a5,66
    80cc:	06f103a3          	sb	a5,103(sp)
    80d0:	000a5783          	lhu	a5,0(s4)
    80d4:	04f11c23          	sh	a5,88(sp)
    80d8:	4789                	li	a5,2
    80da:	06f100a3          	sb	a5,97(sp)
    80de:	4791                	li	a5,4
    80e0:	06f10123          	sb	a5,98(sp)
    80e4:	479d                	li	a5,7
    80e6:	06f10023          	sb	a5,96(sp)
    80ea:	007a4783          	lbu	a5,7(s4)
    80ee:	04f10ea3          	sb	a5,93(sp)
    80f2:	008a4783          	lbu	a5,8(s4)
    80f6:	04f10f23          	sb	a5,94(sp)
    80fa:	d31fc0ef          	jal	ra,4e2a <_Z25bambubus_long_package_getP25bambubus_long_packge_data>
    80fe:	aded                	j	87f8 <main+0x228a>
    8100:	00d94783          	lbu	a5,13(s2)
    8104:	66078d63          	beqz	a5,877e <main+0x2210>
    8108:	49a9                	li	s3,10
    810a:	be21                	j	7c22 <main+0x16b4>
    810c:	42442783          	lw	a5,1060(s0)
    8110:	7a078463          	beqz	a5,88b8 <main+0x234a>
    8114:	00ca2783          	lw	a5,12(s4)
    8118:	00ba4703          	lbu	a4,11(s4)
    811c:	07a2                	slli	a5,a5,0x8
    811e:	8fd9                	or	a5,a5,a4
    8120:	2398                	lbu	a4,0(a5)
    8122:	e709                	bnez	a4,812c <main+0x1bbe>
    8124:	3388                	lbu	a0,1(a5)
    8126:	478d                	li	a5,3
    8128:	0aa7f0e3          	bgeu	a5,a0,89c8 <main+0x245a>
    812c:	49a5                	li	s3,9
    812e:	bcd5                	j	7c22 <main+0x16b4>
    8130:	4c071e63          	bnez	a4,860c <main+0x209e>
    8134:	499d                	li	s3,7
    8136:	b4f5                	j	7c22 <main+0x16b4>
    8138:	00594703          	lbu	a4,5(s2)
    813c:	42442683          	lw	a3,1060(s0)
    8140:	00475793          	srli	a5,a4,0x4
    8144:	00f77993          	andi	s3,a4,15
    8148:	8b31                	andi	a4,a4,12
    814a:	6a068a63          	beqz	a3,87fe <main+0x2290>
    814e:	8fd9                	or	a5,a5,a4
    8150:	74078f63          	beqz	a5,88ae <main+0x2340>
    8154:	4999                	li	s3,6
    8156:	b4f1                	j	7c22 <main+0x16b4>
    8158:	42442783          	lw	a5,1060(s0)
    815c:	40078363          	beqz	a5,8562 <main+0x1ff4>
    8160:	498d                	li	s3,3
    8162:	b4c1                	j	7c22 <main+0x16b4>
    8164:	42442783          	lw	a5,1060(s0)
    8168:	24078763          	beqz	a5,83b6 <main+0x1e48>
    816c:	4989                	li	s3,2
    816e:	bc55                	j	7c22 <main+0x16b4>
    8170:	42442783          	lw	a5,1060(s0)
    8174:	22079063          	bnez	a5,8394 <main+0x1e26>
    8178:	40044783          	lbu	a5,1024(s0)
    817c:	4d32                	lw	s10,12(sp)
    817e:	c789                	beqz	a5,8188 <main+0x1c1a>
    8180:	20001d37          	lui	s10,0x20001
    8184:	9bcd0d13          	addi	s10,s10,-1604 # 200009bc <__global_pointer$+0x2c>
    8188:	00594a83          	lbu	s5,5(s2)
    818c:	00694583          	lbu	a1,6(s2)
    8190:	00794503          	lbu	a0,7(s2)
    8194:	00894603          	lbu	a2,8(s2)
    8198:	1e0a9e63          	bnez	s5,8394 <main+0x1e26>
    819c:	20002a37          	lui	s4,0x20002
    81a0:	d90a0c93          	addi	s9,s4,-624 # 20001d90 <ams>
    81a4:	110cc783          	lbu	a5,272(s9)
    81a8:	1e078663          	beqz	a5,8394 <main+0x1e26>
    81ac:	8e4f90ef          	jal	ra,1290 <_Z10set_motionhhhh.part.0>
    81b0:	1e050263          	beqz	a0,8394 <main+0x1e26>
    81b4:	65b1                	lui	a1,0xc
    81b6:	02c00613          	li	a2,44
    81ba:	ac458593          	addi	a1,a1,-1340 # bac4 <_ZL45_bambubus_ams_motion_package_struct_init_data>
    81be:	856a                	mv	a0,s10
    81c0:	f41f70ef          	jal	ra,100 <memcpy>
    81c4:	9ea1c903          	lbu	s2,-1558(gp) # 2000037a <package_num>
    81c8:	104cc703          	lbu	a4,260(s9)
    81cc:	0ff00613          	li	a2,255
    81d0:	00391793          	slli	a5,s2,0x3
    81d4:	fc07e793          	ori	a5,a5,-64
    81d8:	00dd0893          	addi	a7,s10,13
    81dc:	0ff7f793          	zext.b	a5,a5
    81e0:	04c70263          	beq	a4,a2,8224 <main+0x1cb6>
    81e4:	10ecdc03          	lhu	s8,270(s9)
    81e8:	00fd00a3          	sb	a5,1(s10)
    81ec:	10dcc783          	lbu	a5,269(s9)
    81f0:	05811c23          	sh	s8,88(sp)
    81f4:	00ed0423          	sb	a4,8(s10)
    81f8:	00fd03a3          	sb	a5,7(s10)
    81fc:	02ed0323          	sb	a4,38(s10)
    8200:	478d                	li	a5,3
    8202:	08e7f763          	bgeu	a5,a4,8290 <main+0x1d22>
    8206:	05814783          	lbu	a5,88(sp)
    820a:	d90a0513          	addi	a0,s4,-624
    820e:	00f88023          	sb	a5,0(a7)
    8212:	05914783          	lbu	a5,89(sp)
    8216:	00f880a3          	sb	a5,1(a7)
    821a:	eb1f80ef          	jal	ra,10ca <_Z22get_filament_left_charPK4_ams>
    821e:	00ad0ea3          	sb	a0,29(s10)
    8222:	a83d                	j	8260 <main+0x1cf2>
    8224:	f7400713          	li	a4,-140
    8228:	00fd00a3          	sb	a5,1(s10)
    822c:	57fd                	li	a5,-1
    822e:	00fd0423          	sb	a5,8(s10)
    8232:	02fd0323          	sb	a5,38(s10)
    8236:	00ed06a3          	sb	a4,13(s10)
    823a:	04e11c23          	sh	a4,88(sp)
    823e:	8361                	srli	a4,a4,0x18
    8240:	00e880a3          	sb	a4,1(a7)
    8244:	47a1                	li	a5,8
    8246:	00fd07a3          	sb	a5,15(s10)
    824a:	000d0823          	sb	zero,16(s10)
    824e:	d90a0513          	addi	a0,s4,-624
    8252:	e79f80ef          	jal	ra,10ca <_Z22get_filament_left_charPK4_ams>
    8256:	6841                	lui	a6,0x10
    8258:	00ad0ea3          	sb	a0,29(s10)
    825c:	f7480c13          	addi	s8,a6,-140 # ff74 <MC_PULL_calibration.cpp.a99f3330+0x10b4>
    8260:	57fd                	li	a5,-1
    8262:	80f18623          	sb	a5,-2036(gp) # 2000019c <_ZL30before_on_use_sniff_7f_channel>
    8266:	67bd                	lui	a5,0xf
    8268:	9e0184a3          	sb	zero,-1559(gp) # 20000379 <_ZL29before_on_use_sniff_7f_active>
    826c:	9e018423          	sb	zero,-1560(gp) # 20000378 <_ZL28before_on_use_sniff_7f_index>
    8270:	06f78793          	addi	a5,a5,111 # f06f <MC_PULL_calibration.cpp.a99f3330+0x1af>
    8274:	0efc1f63          	bne	s8,a5,8372 <main+0x1e04>
    8278:	06f00793          	li	a5,111
    827c:	00fd06a3          	sb	a5,13(s10)
    8280:	57c1                	li	a5,-16
    8282:	00fd0723          	sb	a5,14(s10)
    8286:	579d                	li	a5,-25
    8288:	00fd07a3          	sb	a5,15(s10)
    828c:	47f1                	li	a5,28
    828e:	a20d                	j	83b0 <main+0x1e42>
    8290:	00671d93          	slli	s11,a4,0x6
    8294:	03cd8593          	addi	a1,s11,60
    8298:	95e6                	add	a1,a1,s9
    829a:	4611                	li	a2,4
    829c:	009d0513          	addi	a0,s10,9
    82a0:	ce3a                	sw	a4,28(sp)
    82a2:	d246                	sw	a7,36(sp)
    82a4:	e5df70ef          	jal	ra,100 <memcpy>
    82a8:	5892                	lw	a7,36(sp)
    82aa:	05814603          	lbu	a2,88(sp)
    82ae:	d90a0513          	addi	a0,s4,-624
    82b2:	9de6                	add	s11,s11,s9
    82b4:	00c88023          	sb	a2,0(a7)
    82b8:	05914603          	lbu	a2,89(sp)
    82bc:	00c880a3          	sb	a2,1(a7)
    82c0:	e0bf80ef          	jal	ra,10ca <_Z22get_filament_left_charPK4_ams>
    82c4:	035dc583          	lbu	a1,53(s11)
    82c8:	00ad0ea3          	sb	a0,29(s10)
    82cc:	4615                	li	a2,5
    82ce:	4772                	lw	a4,28(sp)
    82d0:	4791                	li	a5,4
    82d2:	f8c597e3          	bne	a1,a2,8260 <main+0x1cf2>
    82d6:	10dcc683          	lbu	a3,269(s9)
    82da:	f8f693e3          	bne	a3,a5,8260 <main+0x1cf2>
    82de:	a251c683          	lbu	a3,-1499(gp) # 200003b5 <_ZL30last_before_on_use_motion_flag>
    82e2:	07f00793          	li	a5,127
    82e6:	f6f69de3          	bne	a3,a5,8260 <main+0x1cf2>
    82ea:	9e91c783          	lbu	a5,-1559(gp) # 20000379 <_ZL29before_on_use_sniff_7f_active>
    82ee:	c789                	beqz	a5,82f8 <main+0x1d8a>
    82f0:	80c1c783          	lbu	a5,-2036(gp) # 2000019c <_ZL30before_on_use_sniff_7f_channel>
    82f4:	00e78963          	beq	a5,a4,8306 <main+0x1d98>
    82f8:	4785                	li	a5,1
    82fa:	9ef184a3          	sb	a5,-1559(gp) # 20000379 <_ZL29before_on_use_sniff_7f_active>
    82fe:	9e018423          	sb	zero,-1560(gp) # 20000378 <_ZL28before_on_use_sniff_7f_index>
    8302:	80e18623          	sb	a4,-2036(gp) # 2000019c <_ZL30before_on_use_sniff_7f_channel>
    8306:	9e81cb83          	lbu	s7,-1560(gp) # 20000378 <_ZL28before_on_use_sniff_7f_index>
    830a:	02c00793          	li	a5,44
    830e:	0977e663          	bltu	a5,s7,839a <main+0x1e2c>
    8312:	4a61                	li	s4,24
    8314:	034b8a33          	mul	s4,s7,s4
    8318:	6b2d                	lui	s6,0xb
    831a:	68cb0b13          	addi	s6,s6,1676 # b68c <_ZL27before_on_use_sniff_7f_rows>
    831e:	4631                	li	a2,12
    8320:	011d0513          	addi	a0,s10,17
    8324:	014b07b3          	add	a5,s6,s4
    8328:	4398                	lw	a4,0(a5)
    832a:	004a0593          	addi	a1,s4,4
    832e:	95da                	add	a1,a1,s6
    8330:	00ed06a3          	sb	a4,13(s10)
    8334:	8321                	srli	a4,a4,0x8
    8336:	00ed0723          	sb	a4,14(s10)
    833a:	23ba                	lhu	a4,2(a5)
    833c:	00ed07a3          	sb	a4,15(s10)
    8340:	8321                	srli	a4,a4,0x8
    8342:	00ed0823          	sb	a4,16(s10)
    8346:	dbbf70ef          	jal	ra,100 <memcpy>
    834a:	010a0593          	addi	a1,s4,16
    834e:	4611                	li	a2,4
    8350:	95da                	add	a1,a1,s6
    8352:	01dd0513          	addi	a0,s10,29
    8356:	dabf70ef          	jal	ra,100 <memcpy>
    835a:	014a0593          	addi	a1,s4,20
    835e:	4611                	li	a2,4
    8360:	95da                	add	a1,a1,s6
    8362:	021d0513          	addi	a0,s10,33
    8366:	d9bf70ef          	jal	ra,100 <memcpy>
    836a:	001b8793          	addi	a5,s7,1
    836e:	9ef18423          	sb	a5,-1560(gp) # 20000378 <_ZL28before_on_use_sniff_7f_index>
    8372:	4799                	li	a5,6
    8374:	0127e563          	bltu	a5,s2,837e <main+0x1e10>
    8378:	0905                	addi	s2,s2,1
    837a:	0ff97a93          	zext.b	s5,s2
    837e:	02c00593          	li	a1,44
    8382:	856a                	mv	a0,s10
    8384:	9f518523          	sb	s5,-1558(gp) # 2000037a <package_num>
    8388:	deff80ef          	jal	ra,1176 <_Z15package_add_crcPhi>
    838c:	02c00793          	li	a5,44
    8390:	42f42223          	sw	a5,1060(s0)
    8394:	4985                	li	s3,1
    8396:	88dff06f          	j	7c22 <main+0x16b4>
    839a:	03400793          	li	a5,52
    839e:	00fd06a3          	sb	a5,13(s10)
    83a2:	47f9                	li	a5,30
    83a4:	00fd0723          	sb	a5,14(s10)
    83a8:	57f5                	li	a5,-3
    83aa:	00fd07a3          	sb	a5,15(s10)
    83ae:	47a9                	li	a5,10
    83b0:	00fd0823          	sb	a5,16(s10)
    83b4:	bf7d                	j	8372 <main+0x1e04>
    83b6:	40044783          	lbu	a5,1024(s0)
    83ba:	4bb2                	lw	s7,12(sp)
    83bc:	c789                	beqz	a5,83c6 <main+0x1e58>
    83be:	20001bb7          	lui	s7,0x20001
    83c2:	9bcb8b93          	addi	s7,s7,-1604 # 200009bc <__global_pointer$+0x2c>
    83c6:	00594983          	lbu	s3,5(s2)
    83ca:	00694583          	lbu	a1,6(s2)
    83ce:	00794603          	lbu	a2,7(s2)
    83d2:	00994b03          	lbu	s6,9(s2)
    83d6:	d8099be3          	bnez	s3,816c <main+0x1bfe>
    83da:	20002a37          	lui	s4,0x20002
    83de:	d90a0793          	addi	a5,s4,-624 # 20001d90 <ams>
    83e2:	1107c783          	lbu	a5,272(a5)
    83e6:	d90a0c13          	addi	s8,s4,-624
    83ea:	d80781e3          	beqz	a5,816c <main+0x1bfe>
    83ee:	d90a0713          	addi	a4,s4,-624
    83f2:	4d01                	li	s10,0
    83f4:	4781                	li	a5,0
    83f6:	4805                	li	a6,1
    83f8:	4511                	li	a0,4
    83fa:	03474683          	lbu	a3,52(a4)
    83fe:	c699                	beqz	a3,840c <main+0x1e9e>
    8400:	00f816b3          	sll	a3,a6,a5
    8404:	00dd66b3          	or	a3,s10,a3
    8408:	0ff6fd13          	zext.b	s10,a3
    840c:	0785                	addi	a5,a5,1
    840e:	04070713          	addi	a4,a4,64
    8412:	fea794e3          	bne	a5,a0,83fa <main+0x1e8c>
    8416:	855a                	mv	a0,s6
    8418:	e79f80ef          	jal	ra,1290 <_Z10set_motionhhhh.part.0>
    841c:	d40508e3          	beqz	a0,816c <main+0x1bfe>
    8420:	65b1                	lui	a1,0xc
    8422:	03c00613          	li	a2,60
    8426:	af058593          	addi	a1,a1,-1296 # baf0 <_ZL49_bambubus_ams_stu_motion_package_struct_init_data>
    842a:	855e                	mv	a0,s7
    842c:	cd5f70ef          	jal	ra,100 <memcpy>
    8430:	0f7c0703          	lb	a4,247(s8)
    8434:	0b7c0783          	lb	a5,183(s8)
    8438:	077c0683          	lb	a3,119(s8)
    843c:	97ba                	add	a5,a5,a4
    843e:	037c0703          	lb	a4,55(s8)
    8442:	9736                	add	a4,a4,a3
    8444:	97ba                	add	a5,a5,a4
    8446:	4729                	li	a4,10
    8448:	02e787b3          	mul	a5,a5,a4
    844c:	01079693          	slli	a3,a5,0x10
    8450:	873e                	mv	a4,a5
    8452:	0006d363          	bgez	a3,8458 <main+0x1eea>
    8456:	4701                	li	a4,0
    8458:	078c4683          	lbu	a3,120(s8)
    845c:	038c4783          	lbu	a5,56(s8)
    8460:	104c4583          	lbu	a1,260(s8)
    8464:	0742                	slli	a4,a4,0x10
    8466:	97b6                	add	a5,a5,a3
    8468:	0b8c4683          	lbu	a3,184(s8)
    846c:	8741                	srai	a4,a4,0x10
    846e:	8709                	srai	a4,a4,0x2
    8470:	97b6                	add	a5,a5,a3
    8472:	0f8c4683          	lbu	a3,248(s8)
    8476:	97b6                	add	a5,a5,a3
    8478:	07c2                	slli	a5,a5,0x10
    847a:	83c1                	srli	a5,a5,0x10
    847c:	0ff00693          	li	a3,255
    8480:	8389                	srli	a5,a5,0x2
    8482:	0ad58963          	beq	a1,a3,8534 <main+0x1fc6>
    8486:	10ec5d83          	lhu	s11,270(s8)
    848a:	9ea1c903          	lbu	s2,-1558(gp) # 2000037a <package_num>
    848e:	00fb8423          	sb	a5,8(s7)
    8492:	05b11c23          	sh	s11,88(sp)
    8496:	00391693          	slli	a3,s2,0x3
    849a:	fc06e693          	ori	a3,a3,-64
    849e:	00db80a3          	sb	a3,1(s7)
    84a2:	00eb9323          	sh	a4,6(s7)
    84a6:	01ab84a3          	sb	s10,9(s7)
    84aa:	01ab8523          	sb	s10,10(s7)
    84ae:	01ab85a3          	sb	s10,11(s7)
    84b2:	016b8623          	sb	s6,12(s7)
    84b6:	0ff00793          	li	a5,255
    84ba:	08f59163          	bne	a1,a5,853c <main+0x1fce>
    84be:	57fd                	li	a5,-1
    84c0:	00fb8a23          	sb	a5,20(s7)
    84c4:	05814783          	lbu	a5,88(sp)
    84c8:	d90a0513          	addi	a0,s4,-624
    84cc:	00fb8ca3          	sb	a5,25(s7)
    84d0:	05914783          	lbu	a5,89(sp)
    84d4:	00fb8d23          	sb	a5,26(s7)
    84d8:	bf3f80ef          	jal	ra,10ca <_Z22get_filament_left_charPK4_ams>
    84dc:	67bd                	lui	a5,0xf
    84de:	02ab84a3          	sb	a0,41(s7)
    84e2:	06f78793          	addi	a5,a5,111 # f06f <MC_PULL_calibration.cpp.a99f3330+0x1af>
    84e6:	00fd9f63          	bne	s11,a5,8504 <main+0x1f96>
    84ea:	06f00793          	li	a5,111
    84ee:	00fb8ca3          	sb	a5,25(s7)
    84f2:	57c1                	li	a5,-16
    84f4:	00fb8d23          	sb	a5,26(s7)
    84f8:	579d                	li	a5,-25
    84fa:	00fb8da3          	sb	a5,27(s7)
    84fe:	47f1                	li	a5,28
    8500:	00fb8e23          	sb	a5,28(s7)
    8504:	03c00593          	li	a1,60
    8508:	855e                	mv	a0,s7
    850a:	c6df80ef          	jal	ra,1176 <_Z15package_add_crcPhi>
    850e:	4799                	li	a5,6
    8510:	0127e563          	bltu	a5,s2,851a <main+0x1fac>
    8514:	0905                	addi	s2,s2,1
    8516:	0ff97993          	zext.b	s3,s2
    851a:	200007b7          	lui	a5,0x20000
    851e:	6705                	lui	a4,0x1
    8520:	4bc78793          	addi	a5,a5,1212 # 200004bc <bus_port_to_host>
    8524:	97ba                	add	a5,a5,a4
    8526:	03c00713          	li	a4,60
    852a:	9f318523          	sb	s3,-1558(gp) # 2000037a <package_num>
    852e:	42e7a223          	sw	a4,1060(a5)
    8532:	b92d                	j	816c <main+0x1bfe>
    8534:	6dc1                	lui	s11,0x10
    8536:	f74d8d93          	addi	s11,s11,-140 # ff74 <MC_PULL_calibration.cpp.a99f3330+0x10b4>
    853a:	bf81                	j	848a <main+0x1f1c>
    853c:	10dc4783          	lbu	a5,269(s8)
    8540:	00bb8a23          	sb	a1,20(s7)
    8544:	00fb89a3          	sb	a5,19(s7)
    8548:	478d                	li	a5,3
    854a:	f6b7ede3          	bltu	a5,a1,84c4 <main+0x1f56>
    854e:	059a                	slli	a1,a1,0x6
    8550:	03c58593          	addi	a1,a1,60
    8554:	4611                	li	a2,4
    8556:	95e2                	add	a1,a1,s8
    8558:	015b8513          	addi	a0,s7,21
    855c:	ba5f70ef          	jal	ra,100 <memcpy>
    8560:	b795                	j	84c4 <main+0x1f56>
    8562:	200027b7          	lui	a5,0x20002
    8566:	ea07c783          	lbu	a5,-352(a5) # 20001ea0 <ams+0x110>
    856a:	eb89                	bnez	a5,857c <main+0x200e>
    856c:	9e018623          	sb	zero,-1556(gp) # 2000037c <_ZL15have_registered>
    8570:	47b1                	li	a5,12
    8572:	80f186a3          	sb	a5,-2035(gp) # 2000019d <_ZL24online_detect_prefix_now>
    8576:	9e0185a3          	sb	zero,-1557(gp) # 2000037b <_ZL19online_detect_phase>
    857a:	b6dd                	j	8160 <main+0x1bf2>
    857c:	00594983          	lbu	s3,5(s2)
    8580:	04099863          	bnez	s3,85d0 <main+0x2062>
    8584:	9ec1c783          	lbu	a5,-1556(gp) # 2000037c <_ZL15have_registered>
    8588:	bc079ce3          	bnez	a5,8160 <main+0x1bf2>
    858c:	9eb1c783          	lbu	a5,-1557(gp) # 2000037b <_ZL19online_detect_phase>
    8590:	cf8d                	beqz	a5,85ca <main+0x205c>
    8592:	4729                	li	a4,10
    8594:	4789                	li	a5,2
    8596:	80e186a3          	sb	a4,-2035(gp) # 2000019d <_ZL24online_detect_prefix_now>
    859a:	4501                	li	a0,0
    859c:	9ef185a3          	sb	a5,-1557(gp) # 2000037b <_ZL19online_detect_phase>
    85a0:	92dfc0ef          	jal	ra,4ecc <_ZL26online_detect_build_packethh.constprop.0>
    85a4:	40044783          	lbu	a5,1024(s0)
    85a8:	4532                	lw	a0,12(sp)
    85aa:	c789                	beqz	a5,85b4 <main+0x2046>
    85ac:	20001537          	lui	a0,0x20001
    85b0:	9bc50513          	addi	a0,a0,-1604 # 200009bc <__global_pointer$+0x2c>
    85b4:	200005b7          	lui	a1,0x20000
    85b8:	4675                	li	a2,29
    85ba:	02058593          	addi	a1,a1,32 # 20000020 <online_detect_res>
    85be:	b43f70ef          	jal	ra,100 <memcpy>
    85c2:	47f5                	li	a5,29
    85c4:	42f42223          	sw	a5,1060(s0)
    85c8:	be61                	j	8160 <main+0x1bf2>
    85ca:	4731                	li	a4,12
    85cc:	4785                	li	a5,1
    85ce:	b7e1                	j	8596 <main+0x2028>
    85d0:	4785                	li	a5,1
    85d2:	b8f997e3          	bne	s3,a5,8160 <main+0x1bf2>
    85d6:	00694783          	lbu	a5,6(s2)
    85da:	b80793e3          	bnez	a5,8160 <main+0x1bf2>
    85de:	47a9                	li	a5,10
    85e0:	4505                	li	a0,1
    85e2:	80f186a3          	sb	a5,-2035(gp) # 2000019d <_ZL24online_detect_prefix_now>
    85e6:	8e7fc0ef          	jal	ra,4ecc <_ZL26online_detect_build_packethh.constprop.0>
    85ea:	20000537          	lui	a0,0x20000
    85ee:	4645                	li	a2,17
    85f0:	00790593          	addi	a1,s2,7
    85f4:	02750513          	addi	a0,a0,39 # 20000027 <online_detect_res+0x7>
    85f8:	1f5000ef          	jal	ra,8fec <memcmp>
    85fc:	b60512e3          	bnez	a0,8160 <main+0x1bf2>
    8600:	9f318623          	sb	s3,-1556(gp) # 2000037c <_ZL15have_registered>
    8604:	478d                	li	a5,3
    8606:	9ef185a3          	sb	a5,-1557(gp) # 2000037b <_ZL19online_detect_phase>
    860a:	bf69                	j	85a4 <main+0x2036>
    860c:	200027b7          	lui	a5,0x20002
    8610:	ea07c783          	lbu	a5,-352(a5) # 20001ea0 <ams+0x110>
    8614:	b20780e3          	beqz	a5,8134 <main+0x1bc6>
    8618:	00d94783          	lbu	a5,13(s2)
    861c:	b0079ce3          	bnez	a5,8134 <main+0x1bc6>
    8620:	183c                	addi	a5,sp,56
    8622:	06f101a3          	sb	a5,99(sp)
    8626:	83a1                	srli	a5,a5,0x8
    8628:	06f10223          	sb	a5,100(sp)
    862c:	183c                	addi	a5,sp,56
    862e:	83c1                	srli	a5,a5,0x10
    8630:	06f102a3          	sb	a5,101(sp)
    8634:	183c                	addi	a5,sp,56
    8636:	83e1                	srli	a5,a5,0x18
    8638:	06f10323          	sb	a5,102(sp)
    863c:	4799                	li	a5,6
    863e:	06f103a3          	sb	a5,103(sp)
    8642:	000a5783          	lhu	a5,0(s4)
    8646:	dc02                	sw	zero,56(sp)
    8648:	02011e23          	sh	zero,60(sp)
    864c:	04f11c23          	sh	a5,88(sp)
    8650:	47e9                	li	a5,26
    8652:	06f100a3          	sb	a5,97(sp)
    8656:	4789                	li	a5,2
    8658:	06f10123          	sb	a5,98(sp)
    865c:	479d                	li	a5,7
    865e:	06010423          	sb	zero,104(sp)
    8662:	04010fa3          	sb	zero,95(sp)
    8666:	06f10023          	sb	a5,96(sp)
    866a:	007a4783          	lbu	a5,7(s4)
    866e:	08a8                	addi	a0,sp,88
    8670:	04f10ea3          	sb	a5,93(sp)
    8674:	008a4783          	lbu	a5,8(s4)
    8678:	04f10f23          	sb	a5,94(sp)
    867c:	faefc0ef          	jal	ra,4e2a <_Z25bambubus_long_package_getP25bambubus_long_packge_data>
    8680:	bc55                	j	8134 <main+0x1bc6>
    8682:	00e94903          	lbu	s2,14(s2)
    8686:	478d                	li	a5,3
    8688:	9f27e9e3          	bltu	a5,s2,807a <main+0x1b0c>
    868c:	20002ab7          	lui	s5,0x20002
    8690:	d90a8a93          	addi	s5,s5,-624 # 20001d90 <ams>
    8694:	110ac783          	lbu	a5,272(s5)
    8698:	9e0781e3          	beqz	a5,807a <main+0x1b0c>
    869c:	200009b7          	lui	s3,0x20000
    86a0:	04098993          	addi	s3,s3,64 # 20000040 <long_packge_filament>
    86a4:	012980a3          	sb	s2,1(s3)
    86a8:	091a                	slli	s2,s2,0x6
    86aa:	00490593          	addi	a1,s2,4
    86ae:	20000537          	lui	a0,0x20000
    86b2:	95d6                	add	a1,a1,s5
    86b4:	4621                	li	a2,8
    86b6:	05350513          	addi	a0,a0,83 # 20000053 <long_packge_filament+0x13>
    86ba:	00098023          	sb	zero,0(s3)
    86be:	a43f70ef          	jal	ra,100 <memcpy>
    86c2:	01490593          	addi	a1,s2,20
    86c6:	20000537          	lui	a0,0x20000
    86ca:	4651                	li	a2,20
    86cc:	95d6                	add	a1,a1,s5
    86ce:	05b50513          	addi	a0,a0,91 # 2000005b <long_packge_filament+0x1b>
    86d2:	a2ff70ef          	jal	ra,100 <memcpy>
    86d6:	012a87b3          	add	a5,s5,s2
    86da:	27d8                	lbu	a4,12(a5)
    86dc:	073101a3          	sb	s3,99(sp)
    86e0:	06010423          	sb	zero,104(sp)
    86e4:	02e98da3          	sb	a4,59(s3)
    86e8:	37d8                	lbu	a4,13(a5)
    86ea:	04010fa3          	sb	zero,95(sp)
    86ee:	08a8                	addi	a0,sp,88
    86f0:	02e98e23          	sb	a4,60(s3)
    86f4:	27f8                	lbu	a4,14(a5)
    86f6:	37fc                	lbu	a5,15(a5)
    86f8:	02e98ea3          	sb	a4,61(s3)
    86fc:	01290713          	addi	a4,s2,18
    8700:	9756                	add	a4,a4,s5
    8702:	2314                	lbu	a3,0(a4)
    8704:	3318                	lbu	a4,1(a4)
    8706:	02f98f23          	sb	a5,62(s3)
    870a:	0941                	addi	s2,s2,16
    870c:	200007b7          	lui	a5,0x20000
    8710:	08f78793          	addi	a5,a5,143 # 2000008f <long_packge_filament+0x4f>
    8714:	9956                	add	s2,s2,s5
    8716:	b398                	sb	a4,1(a5)
    8718:	00094703          	lbu	a4,0(s2)
    871c:	a394                	sb	a3,0(a5)
    871e:	200007b7          	lui	a5,0x20000
    8722:	09178793          	addi	a5,a5,145 # 20000091 <long_packge_filament+0x51>
    8726:	a398                	sb	a4,0(a5)
    8728:	00194703          	lbu	a4,1(s2)
    872c:	b398                	sb	a4,1(a5)
    872e:	0089d793          	srli	a5,s3,0x8
    8732:	06f10223          	sb	a5,100(sp)
    8736:	0109d793          	srli	a5,s3,0x10
    873a:	06f102a3          	sb	a5,101(sp)
    873e:	f8300793          	li	a5,-125
    8742:	06f103a3          	sb	a5,103(sp)
    8746:	000a5783          	lhu	a5,0(s4)
    874a:	0189d993          	srli	s3,s3,0x18
    874e:	07310323          	sb	s3,102(sp)
    8752:	04f11c23          	sh	a5,88(sp)
    8756:	47c5                	li	a5,17
    8758:	06f100a3          	sb	a5,97(sp)
    875c:	4789                	li	a5,2
    875e:	06f10123          	sb	a5,98(sp)
    8762:	479d                	li	a5,7
    8764:	06f10023          	sb	a5,96(sp)
    8768:	007a4783          	lbu	a5,7(s4)
    876c:	04f10ea3          	sb	a5,93(sp)
    8770:	008a4783          	lbu	a5,8(s4)
    8774:	04f10f23          	sb	a5,94(sp)
    8778:	eb2fc0ef          	jal	ra,4e2a <_Z25bambubus_long_package_getP25bambubus_long_packge_data>
    877c:	b8fd                	j	807a <main+0x1b0c>
    877e:	200027b7          	lui	a5,0x20002
    8782:	ea07c783          	lbu	a5,-352(a5) # 20001ea0 <ams+0x110>
    8786:	980781e3          	beqz	a5,8108 <main+0x1b9a>
    878a:	200007b7          	lui	a5,0x20000
    878e:	0c478793          	addi	a5,a5,196 # 200000c4 <long_packge_version_version_and_name_AMS08>
    8792:	0087d713          	srli	a4,a5,0x8
    8796:	06f101a3          	sb	a5,99(sp)
    879a:	06e10223          	sb	a4,100(sp)
    879e:	00078a23          	sb	zero,20(a5)
    87a2:	0107d713          	srli	a4,a5,0x10
    87a6:	83e1                	srli	a5,a5,0x18
    87a8:	06f10323          	sb	a5,102(sp)
    87ac:	47d5                	li	a5,21
    87ae:	06f103a3          	sb	a5,103(sp)
    87b2:	000a5783          	lhu	a5,0(s4)
    87b6:	06e102a3          	sb	a4,101(sp)
    87ba:	06010423          	sb	zero,104(sp)
    87be:	04f11c23          	sh	a5,88(sp)
    87c2:	478d                	li	a5,3
    87c4:	06f100a3          	sb	a5,97(sp)
    87c8:	4785                	li	a5,1
    87ca:	06f10123          	sb	a5,98(sp)
    87ce:	479d                	li	a5,7
    87d0:	04010fa3          	sb	zero,95(sp)
    87d4:	06f10023          	sb	a5,96(sp)
    87d8:	007a4783          	lbu	a5,7(s4)
    87dc:	08a8                	addi	a0,sp,88
    87de:	04f10ea3          	sb	a5,93(sp)
    87e2:	008a4783          	lbu	a5,8(s4)
    87e6:	04f10f23          	sb	a5,94(sp)
    87ea:	e40fc0ef          	jal	ra,4e2a <_Z25bambubus_long_package_getP25bambubus_long_packge_data>
    87ee:	ba29                	j	8108 <main+0x1b9a>
    87f0:	02e94783          	lbu	a5,46(s2)
    87f4:	8a0781e3          	beqz	a5,8096 <main+0x1b28>
    87f8:	49ad                	li	s3,11
    87fa:	c28ff06f          	j	7c22 <main+0x16b4>
    87fe:	40044683          	lbu	a3,1024(s0)
    8802:	4a32                	lw	s4,12(sp)
    8804:	c689                	beqz	a3,880e <main+0x22a0>
    8806:	20001a37          	lui	s4,0x20001
    880a:	9bca0a13          	addi	s4,s4,-1604 # 200009bc <__global_pointer$+0x2c>
    880e:	8fd9                	or	a5,a5,a4
    8810:	940792e3          	bnez	a5,8154 <main+0x1be6>
    8814:	20002ab7          	lui	s5,0x20002
    8818:	d90a8a93          	addi	s5,s5,-624 # 20001d90 <ams>
    881c:	110ac783          	lbu	a5,272(s5)
    8820:	c7d9                	beqz	a5,88ae <main+0x2340>
    8822:	00699b13          	slli	s6,s3,0x6
    8826:	004b0513          	addi	a0,s6,4
    882a:	4621                	li	a2,8
    882c:	00790593          	addi	a1,s2,7
    8830:	9556                	add	a0,a0,s5
    8832:	8cff70ef          	jal	ra,100 <memcpy>
    8836:	00f94783          	lbu	a5,15(s2)
    883a:	016a8bb3          	add	s7,s5,s6
    883e:	014b0513          	addi	a0,s6,20
    8842:	00fb8623          	sb	a5,12(s7)
    8846:	01094783          	lbu	a5,16(s2)
    884a:	4651                	li	a2,20
    884c:	01790593          	addi	a1,s2,23
    8850:	00fb86a3          	sb	a5,13(s7)
    8854:	01194783          	lbu	a5,17(s2)
    8858:	9556                	add	a0,a0,s5
    885a:	00fb8723          	sb	a5,14(s7)
    885e:	01294783          	lbu	a5,18(s2)
    8862:	00fb87a3          	sb	a5,15(s7)
    8866:	01394703          	lbu	a4,19(s2)
    886a:	010b0793          	addi	a5,s6,16
    886e:	97d6                	add	a5,a5,s5
    8870:	a398                	sb	a4,0(a5)
    8872:	01494703          	lbu	a4,20(s2)
    8876:	b398                	sb	a4,1(a5)
    8878:	01594703          	lbu	a4,21(s2)
    887c:	012b0793          	addi	a5,s6,18
    8880:	97d6                	add	a5,a5,s5
    8882:	a398                	sb	a4,0(a5)
    8884:	01694703          	lbu	a4,22(s2)
    8888:	b398                	sb	a4,1(a5)
    888a:	877f70ef          	jal	ra,100 <memcpy>
    888e:	b208c7b7          	lui	a5,0xb208c
    8892:	03d78793          	addi	a5,a5,61 # b208c03d <__freertos_irq_stack_top+0x9208703d>
    8896:	00fa2023          	sw	a5,0(s4)
    889a:	04b467b7          	lui	a5,0x4b46
    889e:	07a1                	addi	a5,a5,8 # 4b46008 <ch32v20x_wwdg.c.f78e58f2+0x4b28d0d>
    88a0:	00fa2223          	sw	a5,4(s4)
    88a4:	47a1                	li	a5,8
    88a6:	020b83a3          	sb	zero,39(s7)
    88aa:	42f42223          	sw	a5,1060(s0)
    88ae:	854e                	mv	a0,s3
    88b0:	9a5f80ef          	jal	ra,1254 <_Z35ams_datas_set_need_to_save_filamenth>
    88b4:	8a1ff06f          	j	8154 <main+0x1be6>
    88b8:	00d94783          	lbu	a5,13(s2)
    88bc:	84079ce3          	bnez	a5,8114 <main+0x1ba6>
    88c0:	00e94b03          	lbu	s6,14(s2)
    88c4:	4a8d                	li	s5,3
    88c6:	856ae7e3          	bltu	s5,s6,8114 <main+0x1ba6>
    88ca:	20002c37          	lui	s8,0x20002
    88ce:	d90c0c13          	addi	s8,s8,-624 # 20001d90 <ams>
    88d2:	110c4783          	lbu	a5,272(s8)
    88d6:	82078fe3          	beqz	a5,8114 <main+0x1ba6>
    88da:	006b1993          	slli	s3,s6,0x6
    88de:	00498513          	addi	a0,s3,4
    88e2:	00f90593          	addi	a1,s2,15
    88e6:	4621                	li	a2,8
    88e8:	9562                	add	a0,a0,s8
    88ea:	817f70ef          	jal	ra,100 <memcpy>
    88ee:	01794783          	lbu	a5,23(s2)
    88f2:	013c0bb3          	add	s7,s8,s3
    88f6:	01498513          	addi	a0,s3,20
    88fa:	00fb8623          	sb	a5,12(s7)
    88fe:	01894783          	lbu	a5,24(s2)
    8902:	9562                	add	a0,a0,s8
    8904:	4641                	li	a2,16
    8906:	00fb86a3          	sb	a5,13(s7)
    890a:	01994783          	lbu	a5,25(s2)
    890e:	01f90593          	addi	a1,s2,31
    8912:	00fb8723          	sb	a5,14(s7)
    8916:	01a94783          	lbu	a5,26(s2)
    891a:	00fb87a3          	sb	a5,15(s7)
    891e:	01b94703          	lbu	a4,27(s2)
    8922:	01098793          	addi	a5,s3,16
    8926:	97e2                	add	a5,a5,s8
    8928:	a398                	sb	a4,0(a5)
    892a:	01c94703          	lbu	a4,28(s2)
    892e:	b398                	sb	a4,1(a5)
    8930:	01d94703          	lbu	a4,29(s2)
    8934:	01298793          	addi	a5,s3,18
    8938:	97e2                	add	a5,a5,s8
    893a:	a398                	sb	a4,0(a5)
    893c:	01e94703          	lbu	a4,30(s2)
    8940:	b398                	sb	a4,1(a5)
    8942:	00052023          	sw	zero,0(a0)
    8946:	00052223          	sw	zero,4(a0)
    894a:	00052423          	sw	zero,8(a0)
    894e:	00052623          	sw	zero,12(a0)
    8952:	00052823          	sw	zero,16(a0)
    8956:	faaf70ef          	jal	ra,100 <memcpy>
    895a:	9e018823          	sb	zero,-1552(gp) # 20000380 <set_filament_res_type2>
    895e:	9f018793          	addi	a5,gp,-1552 # 20000380 <set_filament_res_type2>
    8962:	0087d713          	srli	a4,a5,0x8
    8966:	016780a3          	sb	s6,1(a5)
    896a:	06f101a3          	sb	a5,99(sp)
    896e:	06e10223          	sb	a4,100(sp)
    8972:	00078123          	sb	zero,2(a5)
    8976:	0107d713          	srli	a4,a5,0x10
    897a:	83e1                	srli	a5,a5,0x18
    897c:	06f10323          	sb	a5,102(sp)
    8980:	000a5783          	lhu	a5,0(s4)
    8984:	020b83a3          	sb	zero,39(s7)
    8988:	06e102a3          	sb	a4,101(sp)
    898c:	04f11c23          	sh	a5,88(sp)
    8990:	47e1                	li	a5,24
    8992:	06f100a3          	sb	a5,97(sp)
    8996:	4789                	li	a5,2
    8998:	06f10123          	sb	a5,98(sp)
    899c:	479d                	li	a5,7
    899e:	075103a3          	sb	s5,103(sp)
    89a2:	06010423          	sb	zero,104(sp)
    89a6:	04010fa3          	sb	zero,95(sp)
    89aa:	06f10023          	sb	a5,96(sp)
    89ae:	007a4783          	lbu	a5,7(s4)
    89b2:	08a8                	addi	a0,sp,88
    89b4:	04f10ea3          	sb	a5,93(sp)
    89b8:	008a4783          	lbu	a5,8(s4)
    89bc:	04f10f23          	sb	a5,94(sp)
    89c0:	c6afc0ef          	jal	ra,4e2a <_Z25bambubus_long_package_getP25bambubus_long_packge_data>
    89c4:	f50ff06f          	j	8114 <main+0x1ba6>
    89c8:	88df80ef          	jal	ra,1254 <_Z35ams_datas_set_need_to_save_filamenth>
    89cc:	f60ff06f          	j	812c <main+0x1bbe>
    89d0:	4995                	li	s3,5
    89d2:	a50ff06f          	j	7c22 <main+0x16b4>
    89d6:	57fd                	li	a5,-1
    89d8:	e000f737          	lui	a4,0xe000f
    89dc:	4714                	lw	a3,8(a4)
    89de:	e000f637          	lui	a2,0xe000f
    89e2:	4618                	lw	a4,8(a2)
    89e4:	8f15                	sub	a4,a4,a3
    89e6:	a4f77d63          	bgeu	a4,a5,7c40 <main+0x16d2>
    89ea:	0001                	nop
    89ec:	bfdd                	j	89e2 <main+0x2474>
    89ee:	4ff00793          	li	a5,1279
    89f2:	02e7fe63          	bgeu	a5,a4,8a2e <main+0x24c0>
    89f6:	4791                	li	a5,4
    89f8:	00f49463          	bne	s1,a5,8a00 <main+0x2492>
    89fc:	b6098863          	beqz	s3,7d6c <main+0x17fe>
    8a00:	a001ac23          	sw	zero,-1512(gp) # 200003a8 <_ZZ4mainE5error>
    8a04:	47b1                	li	a5,12
    8a06:	aaf99263          	bne	s3,a5,7caa <main+0x173c>
    8a0a:	aec18793          	addi	a5,gp,-1300 # 2000047c <SYS_RGB>
    8a0e:	23f8                	lbu	a4,6(a5)
    8a10:	a8070d63          	beqz	a4,7caa <main+0x173c>
    8a14:	4794                	lw	a3,8(a5)
    8a16:	00354737          	lui	a4,0x354
    8a1a:	83270713          	addi	a4,a4,-1998 # 353832 <ch32v20x_wwdg.c.f78e58f2+0x336537>
    8a1e:	a8e68663          	beq	a3,a4,7caa <main+0x173c>
    8a22:	c798                	sw	a4,8(a5)
    8a24:	4705                	li	a4,1
    8a26:	02e78623          	sb	a4,44(a5)
    8a2a:	a80ff06f          	j	7caa <main+0x173c>
    8a2e:	42944783          	lbu	a5,1065(s0)
    8a32:	d3f1                	beqz	a5,89f6 <main+0x2488>
    8a34:	40044783          	lbu	a5,1024(s0)
    8a38:	e79d                	bnez	a5,8a66 <main+0x24f8>
    8a3a:	4532                	lw	a0,12(sp)
    8a3c:	0017c793          	xori	a5,a5,1
    8a40:	40f40023          	sb	a5,1024(s0)
    8a44:	41842783          	lw	a5,1048(s0)
    8a48:	05c2                	slli	a1,a1,0x10
    8a4a:	81c1                	srli	a1,a1,0x10
    8a4c:	9782                	jalr	a5
    8a4e:	4791                	li	a5,4
    8a50:	42042223          	sw	zero,1060(s0)
    8a54:	faf484e3          	beq	s1,a5,89fc <main+0x248e>
    8a58:	4795                	li	a5,5
    8a5a:	faf493e3          	bne	s1,a5,8a00 <main+0x2492>
    8a5e:	57fd                	li	a5,-1
    8a60:	00f98b63          	beq	s3,a5,8a76 <main+0x2508>
    8a64:	bf71                	j	8a00 <main+0x2492>
    8a66:	20001537          	lui	a0,0x20001
    8a6a:	9bc50513          	addi	a0,a0,-1604 # 200009bc <__global_pointer$+0x2c>
    8a6e:	b7f9                	j	8a3c <main+0x24ce>
    8a70:	4795                	li	a5,5
    8a72:	a2f49a63          	bne	s1,a5,7ca6 <main+0x1738>
    8a76:	57fd                	li	a5,-1
    8a78:	a0f1ac23          	sw	a5,-1512(gp) # 200003a8 <_ZZ4mainE5error>
    8a7c:	aec18793          	addi	a5,gp,-1300 # 2000047c <SYS_RGB>
    8a80:	23f8                	lbu	a4,6(a5)
    8a82:	ae070563          	beqz	a4,7d6c <main+0x17fe>
    8a86:	4794                	lw	a3,8(a5)
    8a88:	6705                	lui	a4,0x1
    8a8a:	aee68163          	beq	a3,a4,7d6c <main+0x17fe>
    8a8e:	c798                	sw	a4,8(a5)
    8a90:	4705                	li	a4,1
    8a92:	02e78623          	sb	a4,44(a5)
    8a96:	ad6ff06f          	j	7d6c <main+0x17fe>
    8a9a:	4c01                	li	s8,0
    8a9c:	200027b7          	lui	a5,0x20002
    8aa0:	006c1713          	slli	a4,s8,0x6
    8aa4:	d9478793          	addi	a5,a5,-620 # 20001d94 <ams+0x4>
    8aa8:	97ba                	add	a5,a5,a4
    8aaa:	4394                	lw	a3,0(a5)
    8aac:	43dc                	lw	a5,4(a5)
    8aae:	200025b7          	lui	a1,0x20002
    8ab2:	dc36                	sw	a3,56(sp)
    8ab4:	de3e                	sw	a5,60(sp)
    8ab6:	47e2                	lw	a5,24(sp)
    8ab8:	da458593          	addi	a1,a1,-604 # 20001da4 <ams+0x14>
    8abc:	4641                	li	a2,16
    8abe:	97ba                	add	a5,a5,a4
    8ac0:	47d4                	lw	a3,12(a5)
    8ac2:	95ba                	add	a1,a1,a4
    8ac4:	00a8                	addi	a0,sp,72
    8ac6:	c0b6                	sw	a3,64(sp)
    8ac8:	4b9c                	lw	a5,16(a5)
    8aca:	c2be                	sw	a5,68(sp)
    8acc:	e34f70ef          	jal	ra,100 <memcpy>
    8ad0:	aa018793          	addi	a5,gp,-1376 # 20000430 <_ZL10g_fil_have>
    8ad4:	97e2                	add	a5,a5,s8
    8ad6:	239c                	lbu	a5,0(a5)
    8ad8:	aa018b13          	addi	s6,gp,-1376 # 20000430 <_ZL10g_fil_have>
    8adc:	cf91                	beqz	a5,8af8 <main+0x258a>
    8ade:	200027b7          	lui	a5,0x20002
    8ae2:	005c1513          	slli	a0,s8,0x5
    8ae6:	2d078793          	addi	a5,a5,720 # 200022d0 <_ZL10g_fil_last>
    8aea:	02000613          	li	a2,32
    8aee:	182c                	addi	a1,sp,56
    8af0:	953e                	add	a0,a0,a5
    8af2:	4fa000ef          	jal	ra,8fec <memcmp>
    8af6:	c941                	beqz	a0,8b86 <main+0x2618>
    8af8:	a9c18793          	addi	a5,gp,-1380 # 2000042c <_ZL17g_fil_first_empty>
    8afc:	97e2                	add	a5,a5,s8
    8afe:	0007ca83          	lbu	s5,0(a5)
    8b02:	000809b7          	lui	s3,0x80
    8b06:	0f298993          	addi	s3,s3,242 # 800f2 <ch32v20x_wwdg.c.f78e58f2+0x62df7>
    8b0a:	99e2                	add	s3,s3,s8
    8b0c:	4795                	li	a5,5
    8b0e:	09a2                	slli	s3,s3,0x8
    8b10:	a9c18a13          	addi	s4,gp,-1380 # 2000042c <_ZL17g_fil_first_empty>
    8b14:	0157f863          	bgeu	a5,s5,8b24 <main+0x25b6>
    8b18:	854e                	mv	a0,s3
    8b1a:	f49f80ef          	jal	ra,1a62 <_ZL14flash256_erasem.part.0>
    8b1e:	4a81                	li	s5,0
    8b20:	9a050b63          	beqz	a0,7cd6 <main+0x1768>
    8b24:	314c57b7          	lui	a5,0x314c5
    8b28:	94678793          	addi	a5,a5,-1722 # 314c4946 <__freertos_irq_stack_top+0x114bf946>
    8b2c:	02000613          	li	a2,32
    8b30:	182c                	addi	a1,sp,56
    8b32:	08e8                	addi	a0,sp,92
    8b34:	ccbe                	sw	a5,88(sp)
    8b36:	dcaf70ef          	jal	ra,100 <memcpy>
    8b3a:	02400593          	li	a1,36
    8b3e:	08a8                	addi	a0,sp,88
    8b40:	8fbf70ef          	jal	ra,43a <_ZL14crc32_hw_wordsPKvm>
    8b44:	deaa                	sw	a0,124(sp)
    8b46:	02800513          	li	a0,40
    8b4a:	02aa8533          	mul	a0,s5,a0
    8b4e:	4629                	li	a2,10
    8b50:	08ac                	addi	a1,sp,88
    8b52:	954e                	add	a0,a0,s3
    8b54:	e05f80ef          	jal	ra,1958 <_ZL16flash_prog_wordsmPKmm>
    8b58:	e119                	bnez	a0,8b5e <main+0x25f0>
    8b5a:	97cff06f          	j	7cd6 <main+0x1768>
    8b5e:	200027b7          	lui	a5,0x20002
    8b62:	2d078793          	addi	a5,a5,720 # 200022d0 <_ZL10g_fil_last>
    8b66:	005c1513          	slli	a0,s8,0x5
    8b6a:	953e                	add	a0,a0,a5
    8b6c:	02000613          	li	a2,32
    8b70:	182c                	addi	a1,sp,56
    8b72:	d8ef70ef          	jal	ra,100 <memcpy>
    8b76:	9b62                	add	s6,s6,s8
    8b78:	4785                	li	a5,1
    8b7a:	9a62                	add	s4,s4,s8
    8b7c:	0a85                	addi	s5,s5,1
    8b7e:	00fb0023          	sb	a5,0(s6)
    8b82:	015a0023          	sb	s5,0(s4)
    8b86:	4785                	li	a5,1
    8b88:	018797b3          	sll	a5,a5,s8
    8b8c:	fff7c793          	not	a5,a5
    8b90:	8cfd                	and	s1,s1,a5
    8b92:	a0918e23          	sb	s1,-1508(gp) # 200003ac <_ZL11g_fil_dirty>
    8b96:	940ff06f          	j	7cd6 <main+0x1768>
    8b9a:	4c05                	li	s8,1
    8b9c:	b701                	j	8a9c <main+0x252e>
    8b9e:	4c09                	li	s8,2
    8ba0:	bdf5                	j	8a9c <main+0x252e>
    8ba2:	a081a783          	lw	a5,-1528(gp) # 20000398 <_ZL19g_time_last_ticks64>
    8ba6:	a0c1a683          	lw	a3,-1524(gp) # 2000039c <_ZL19g_time_last_ticks64+0x4>
    8baa:	a121a423          	sw	s2,-1528(gp) # 20000398 <_ZL19g_time_last_ticks64>
    8bae:	40f907b3          	sub	a5,s2,a5
    8bb2:	00f93633          	sltu	a2,s2,a5
    8bb6:	40d586b3          	sub	a3,a1,a3
    8bba:	a0b1a623          	sw	a1,-1524(gp) # 2000039c <_ZL19g_time_last_ticks64+0x4>
    8bbe:	9ec69863          	bne	a3,a2,7dae <main+0x1840>
    8bc2:	9fc1a703          	lw	a4,-1540(gp) # 2000038c <_ZL18g_time_rem_ticks32>
    8bc6:	97ba                	add	a5,a5,a4
    8bc8:	9ee7e363          	bltu	a5,a4,7dae <main+0x1840>
    8bcc:	46d2                	lw	a3,20(sp)
    8bce:	4705                	li	a4,1
    8bd0:	a001a483          	lw	s1,-1536(gp) # 20000390 <_ZL11g_time_ms64>
    8bd4:	a041aa83          	lw	s5,-1532(gp) # 20000394 <_ZL11g_time_ms64+0x4>
    8bd8:	00d76e63          	bltu	a4,a3,8bf4 <main+0x2686>
    8bdc:	94be                	add	s1,s1,a5
    8bde:	00f4b7b3          	sltu	a5,s1,a5
    8be2:	9abe                	add	s5,s5,a5
    8be4:	a091a023          	sw	s1,-1536(gp) # 20000390 <_ZL11g_time_ms64>
    8be8:	a151a223          	sw	s5,-1532(gp) # 20000394 <_ZL11g_time_ms64+0x4>
    8bec:	9e01ae23          	sw	zero,-1540(gp) # 2000038c <_ZL18g_time_rem_ticks32>
    8bf0:	9e0ff06f          	j	7dd0 <main+0x1862>
    8bf4:	0347f733          	remu	a4,a5,s4
    8bf8:	0347d7b3          	divu	a5,a5,s4
    8bfc:	9ee1ae23          	sw	a4,-1540(gp) # 2000038c <_ZL18g_time_rem_ticks32>
    8c00:	94be                	add	s1,s1,a5
    8c02:	00f4b7b3          	sltu	a5,s1,a5
    8c06:	9abe                	add	s5,s5,a5
    8c08:	a091a023          	sw	s1,-1536(gp) # 20000390 <_ZL11g_time_ms64>
    8c0c:	a151a223          	sw	s5,-1532(gp) # 20000394 <_ZL11g_time_ms64+0x4>
    8c10:	9c0ff06f          	j	7dd0 <main+0x1862>
    8c14:	47f2                	lw	a5,28(sp)
    8c16:	aaf05763          	blez	a5,7ec4 <main+0x1956>
    8c1a:	577d                	li	a4,-1
    8c1c:	80e1a823          	sw	a4,-2032(gp) # 200001a0 <_ZL9g_hold_ch>
    8c20:	9e01ac23          	sw	zero,-1544(gp) # 20000388 <_ZL15g_hold_t0_ticks>
    8c24:	854a                	mv	a0,s2
    8c26:	a9efd0ef          	jal	ra,5ec4 <_Z22AS5600_distance_updatam>
    8c2a:	200027b7          	lui	a5,0x20002
    8c2e:	c1878693          	addi	a3,a5,-1000 # 20001c18 <_ZL21filament_now_position>
    8c32:	200027b7          	lui	a5,0x20002
    8c36:	d9078613          	addi	a2,a5,-624 # 20001d90 <ams>
    8c3a:	4701                	li	a4,0
    8c3c:	4591                	li	a1,4
    8c3e:	00eb07b3          	add	a5,s6,a4
    8c42:	2388                	lbu	a0,0(a5)
    8c44:	4785                	li	a5,1
    8c46:	e509                	bnez	a0,8c50 <main+0x26e2>
    8c48:	429c                	lw	a5,0(a3)
    8c4a:	17f1                	addi	a5,a5,-4
    8c4c:	0027b793          	sltiu	a5,a5,2
    8c50:	02f60a23          	sb	a5,52(a2) # e000f034 <__freertos_irq_stack_top+0xc000a034>
    8c54:	0705                	addi	a4,a4,1 # 1001 <_ZN14_MOTOR_CONTROL10set_motionE20filament_motion_enumyy+0x51d>
    8c56:	04060613          	addi	a2,a2,64
    8c5a:	0691                	addi	a3,a3,4
    8c5c:	feb711e3          	bne	a4,a1,8c3e <main+0x26d0>
    8c60:	4572                	lw	a0,28(sp)
    8c62:	86ca                	mv	a3,s2
    8c64:	85a6                	mv	a1,s1
    8c66:	8656                	mv	a2,s5
    8c68:	879f90ef          	jal	ra,24e0 <_ZL16motor_motion_runiym>
    8c6c:	200027b7          	lui	a5,0x20002
    8c70:	ca878793          	addi	a5,a5,-856 # 20001ca8 <MC_AS5600>
    8c74:	4388                	lw	a0,0(a5)
    8c76:	0047a803          	lw	a6,4(a5)
    8c7a:	66c1                	lui	a3,0x10
    8c7c:	200027b7          	lui	a5,0x20002
    8c80:	21078793          	addi	a5,a5,528 # 20002210 <RGBOUT>
    8c84:	4701                	li	a4,0
    8c86:	f0068693          	addi	a3,a3,-256 # ff00 <MC_PULL_calibration.cpp.a99f3330+0x1040>
    8c8a:	4885                	li	a7,1
    8c8c:	537d                	li	t1,-1
    8c8e:	4591                	li	a1,4
    8c90:	00e50633          	add	a2,a0,a4
    8c94:	2210                	lbu	a2,0(a2)
    8c96:	c619                	beqz	a2,8ca4 <main+0x2736>
    8c98:	00271613          	slli	a2,a4,0x2
    8c9c:	9642                	add	a2,a2,a6
    8c9e:	4210                	lw	a2,0(a2)
    8ca0:	00661a63          	bne	a2,t1,8cb4 <main+0x2746>
    8ca4:	23f0                	lbu	a2,6(a5)
    8ca6:	c619                	beqz	a2,8cb4 <main+0x2746>
    8ca8:	4790                	lw	a2,8(a5)
    8caa:	00d60563          	beq	a2,a3,8cb4 <main+0x2746>
    8cae:	c794                	sw	a3,8(a5)
    8cb0:	03178623          	sb	a7,44(a5)
    8cb4:	0705                	addi	a4,a4,1
    8cb6:	03078793          	addi	a5,a5,48
    8cba:	fcb71be3          	bne	a4,a1,8c90 <main+0x2722>
    8cbe:	bcff80ef          	jal	ra,188c <_Z10RGB_updatev>
    8cc2:	90ffe06f          	j	75d0 <main+0x1062>
    8cc6:	8191a823          	sw	s9,-2032(gp) # 200001a0 <_ZL9g_hold_ch>
    8cca:	9f21ac23          	sw	s2,-1544(gp) # 20000388 <_ZL15g_hold_t0_ticks>
    8cce:	bf99                	j	8c24 <main+0x26b6>
    8cd0:	008ba683          	lw	a3,8(s7)
    8cd4:	47d2                	lw	a5,20(sp)
    8cd6:	414686b3          	sub	a3,a3,s4
    8cda:	02f6d6b3          	divu	a3,a3,a5
    8cde:	200027b7          	lui	a5,0x20002
    8ce2:	21078d13          	addi	s10,a5,528 # 20002210 <RGBOUT>
    8ce6:	0386d6b3          	divu	a3,a3,s8
    8cea:	fff6c693          	not	a3,a3
    8cee:	8a85                	andi	a3,a3,1
    8cf0:	00469c93          	slli	s9,a3,0x4
    8cf4:	856a                	mv	a0,s10
    8cf6:	86e6                	mv	a3,s9
    8cf8:	4601                	li	a2,0
    8cfa:	4581                	li	a1,0
    8cfc:	f66f90ef          	jal	ra,2462 <_ZN12WS2812_class14set_RGB_onlineEhhhhb.constprop.0>
    8d00:	200027b7          	lui	a5,0x20002
    8d04:	030d0d13          	addi	s10,s10,48
    8d08:	2d078793          	addi	a5,a5,720 # 200022d0 <_ZL10g_fil_last>
    8d0c:	ffa794e3          	bne	a5,s10,8cf4 <main+0x2786>
    8d10:	b7df80ef          	jal	ra,188c <_Z10RGB_updatev>
    8d14:	4551                	li	a0,20
    8d16:	cc2f80ef          	jal	ra,11d8 <delay.part.0>
    8d1a:	a881                	j	8d6a <main+0x27fc>
    8d1c:	8101a703          	lw	a4,-2032(gp) # 200001a0 <_ZL9g_hold_ch>
    8d20:	faec93e3          	bne	s9,a4,8cc6 <main+0x2758>
    8d24:	9f81a703          	lw	a4,-1544(gp) # 20000388 <_ZL15g_hold_t0_ticks>
    8d28:	6785                	lui	a5,0x1
    8d2a:	38878793          	addi	a5,a5,904 # 1388 <_Z10set_motionhhhh.part.0+0xf8>
    8d2e:	02fa07b3          	mul	a5,s4,a5
    8d32:	40e90733          	sub	a4,s2,a4
    8d36:	eef767e3          	bltu	a4,a5,8c24 <main+0x26b6>
    8d3a:	4a11                	li	s4,4
    8d3c:	854e                	mv	a0,s3
    8d3e:	0985                	addi	s3,s3,1
    8d40:	4581                	li	a1,0
    8d42:	0ff9f993          	zext.b	s3,s3
    8d46:	acef80ef          	jal	ra,1014 <_Z22Motion_control_set_PWMhi>
    8d4a:	ff4999e3          	bne	s3,s4,8d3c <main+0x27ce>
    8d4e:	e000f7b7          	lui	a5,0xe000f
    8d52:	0087aa03          	lw	s4,8(a5) # e000f008 <__freertos_irq_stack_top+0xc000a008>
    8d56:	47d2                	lw	a5,20(sp)
    8d58:	6985                	lui	s3,0x1
    8d5a:	bb898993          	addi	s3,s3,-1096 # bb8 <_ZN14_MOTOR_CONTROL10set_motionE20filament_motion_enumyy+0xd4>
    8d5e:	033789b3          	mul	s3,a5,s3
    8d62:	e000fbb7          	lui	s7,0xe000f
    8d66:	09600c13          	li	s8,150
    8d6a:	008ba783          	lw	a5,8(s7) # e000f008 <__freertos_irq_stack_top+0xc000a008>
    8d6e:	414787b3          	sub	a5,a5,s4
    8d72:	f537efe3          	bltu	a5,s3,8cd0 <main+0x2762>
    8d76:	200027b7          	lui	a5,0x20002
    8d7a:	21078993          	addi	s3,a5,528 # 20002210 <RGBOUT>
    8d7e:	854e                	mv	a0,s3
    8d80:	4681                	li	a3,0
    8d82:	4601                	li	a2,0
    8d84:	4581                	li	a1,0
    8d86:	edcf90ef          	jal	ra,2462 <_ZN12WS2812_class14set_RGB_onlineEhhhhb.constprop.0>
    8d8a:	200027b7          	lui	a5,0x20002
    8d8e:	03098993          	addi	s3,s3,48
    8d92:	2d078793          	addi	a5,a5,720 # 200022d0 <_ZL10g_fil_last>
    8d96:	ff3794e3          	bne	a5,s3,8d7e <main+0x2810>
    8d9a:	af3f80ef          	jal	ra,188c <_Z10RGB_updatev>
    8d9e:	ef1fb0ef          	jal	ra,4c8e <_Z20Flash_NVM_full_clearv>
    8da2:	beef07b7          	lui	a5,0xbeef0
    8da6:	e000e737          	lui	a4,0xe000e
    8daa:	08078793          	addi	a5,a5,128 # beef0080 <__freertos_irq_stack_top+0x9eeeb080>
    8dae:	c73c                	sw	a5,72(a4)
    8db0:	bd95                	j	8c24 <main+0x26b6>

00008db2 <_sub_I_65535_0.0>:
    8db2:	b8af72ef          	jal	t0,13c <__riscv_save_4>
    8db6:	20002437          	lui	s0,0x20002
    8dba:	d9040413          	addi	s0,s0,-624 # 20001d90 <ams>
    8dbe:	64ad                	lui	s1,0xb
    8dc0:	45040993          	addi	s3,s0,1104
    8dc4:	4ec48493          	addi	s1,s1,1260 # b4ec <__clzsi2+0x7a>
    8dc8:	597d                	li	s2,-1
    8dca:	00040023          	sb	zero,0(s0)
    8dce:	00440513          	addi	a0,s0,4
    8dd2:	10000613          	li	a2,256
    8dd6:	85a6                	mv	a1,s1
    8dd8:	b28f70ef          	jal	ra,100 <memcpy>
    8ddc:	11440413          	addi	s0,s0,276
    8de0:	ff240823          	sb	s2,-16(s0)
    8de4:	fe040ca3          	sb	zero,-7(s0)
    8de8:	ff241d23          	sh	s2,-6(s0)
    8dec:	fe040e23          	sb	zero,-4(s0)
    8df0:	fd341de3          	bne	s0,s3,8dca <_sub_I_65535_0.0+0x18>
    8df4:	200017b7          	lui	a5,0x20001
    8df8:	4bc78793          	addi	a5,a5,1212 # 200014bc <__global_pointer$+0xb2c>
    8dfc:	3e700713          	li	a4,999
    8e00:	40e7a423          	sw	a4,1032(a5)
    8e04:	20001737          	lui	a4,0x20001
    8e08:	ebc70713          	addi	a4,a4,-324 # 20000ebc <__global_pointer$+0x52c>
    8e0c:	40e7ae23          	sw	a4,1052(a5)
    8e10:	4207a023          	sw	zero,1056(a5)
    8e14:	4207a223          	sw	zero,1060(a5)
    8e18:	40e7a823          	sw	a4,1040(a5)
    8e1c:	42078423          	sb	zero,1064(a5)
    8e20:	4705                	li	a4,1
    8e22:	42e784a3          	sb	a4,1065(a5)
    8e26:	40078023          	sb	zero,1024(a5)
    8e2a:	4007a223          	sw	zero,1028(a5)
    8e2e:	40079623          	sh	zero,1036(a5)
    8e32:	40078723          	sb	zero,1038(a5)
    8e36:	4007aa23          	sw	zero,1044(a5)
    8e3a:	20002537          	lui	a0,0x20002
    8e3e:	200027b7          	lui	a5,0x20002
    8e42:	ca878793          	addi	a5,a5,-856 # 20001ca8 <MC_AS5600>
    8e46:	20002437          	lui	s0,0x20002
    8e4a:	cc050693          	addi	a3,a0,-832 # 20001cc0 <MC_AS5600+0x18>
    8e4e:	c3d4                	sw	a3,4(a5)
    8e50:	cd040693          	addi	a3,s0,-816 # 20001cd0 <MC_AS5600+0x28>
    8e54:	c794                	sw	a3,8(a5)
    8e56:	200026b7          	lui	a3,0x20002
    8e5a:	cd868693          	addi	a3,a3,-808 # 20001cd8 <MC_AS5600+0x30>
    8e5e:	c7d4                	sw	a3,12(a5)
    8e60:	200026b7          	lui	a3,0x20002
    8e64:	ce068693          	addi	a3,a3,-800 # 20001ce0 <MC_AS5600+0x38>
    8e68:	dfb4                	sw	a3,120(a5)
    8e6a:	200026b7          	lui	a3,0x20002
    8e6e:	cf068693          	addi	a3,a3,-784 # 20001cf0 <MC_AS5600+0x48>
    8e72:	20002737          	lui	a4,0x20002
    8e76:	cbc70713          	addi	a4,a4,-836 # 20001cbc <MC_AS5600+0x14>
    8e7a:	dff4                	sw	a3,124(a5)
    8e7c:	200026b7          	lui	a3,0x20002
    8e80:	c398                	sw	a4,0(a5)
    8e82:	0007a823          	sw	zero,16(a5)
    8e86:	d0068693          	addi	a3,a3,-768 # 20001d00 <MC_AS5600+0x58>
    8e8a:	08078793          	addi	a5,a5,128
    8e8e:	c394                	sw	a3,0(a5)
    8e90:	200026b7          	lui	a3,0x20002
    8e94:	d1068693          	addi	a3,a3,-752 # 20001d10 <MC_AS5600+0x68>
    8e98:	c3d4                	sw	a3,4(a5)
    8e9a:	200026b7          	lui	a3,0x20002
    8e9e:	d1868693          	addi	a3,a3,-744 # 20001d18 <MC_AS5600+0x70>
    8ea2:	4641                	li	a2,16
    8ea4:	0ff00593          	li	a1,255
    8ea8:	cc050513          	addi	a0,a0,-832
    8eac:	c794                	sw	a3,8(a5)
    8eae:	00072023          	sw	zero,0(a4)
    8eb2:	a64f70ef          	jal	ra,116 <memset>
    8eb6:	05000613          	li	a2,80
    8eba:	4581                	li	a1,0
    8ebc:	cd040513          	addi	a0,s0,-816
    8ec0:	a56f70ef          	jal	ra,116 <memset>
    8ec4:	20002537          	lui	a0,0x20002
    8ec8:	4581                	li	a1,0
    8eca:	9b850513          	addi	a0,a0,-1608 # 200019b8 <MOTOR_CONTROL>
    8ece:	b93f70ef          	jal	ra,a60 <_ZN14_MOTOR_CONTROLC1Ei>
    8ed2:	20002537          	lui	a0,0x20002
    8ed6:	4585                	li	a1,1
    8ed8:	a5050513          	addi	a0,a0,-1456 # 20001a50 <MOTOR_CONTROL+0x98>
    8edc:	b85f70ef          	jal	ra,a60 <_ZN14_MOTOR_CONTROLC1Ei>
    8ee0:	20002537          	lui	a0,0x20002
    8ee4:	4589                	li	a1,2
    8ee6:	ae850513          	addi	a0,a0,-1304 # 20001ae8 <MOTOR_CONTROL+0x130>
    8eea:	b77f70ef          	jal	ra,a60 <_ZN14_MOTOR_CONTROLC1Ei>
    8eee:	20002537          	lui	a0,0x20002
    8ef2:	458d                	li	a1,3
    8ef4:	b8050513          	addi	a0,a0,-1152 # 20001b80 <MOTOR_CONTROL+0x1c8>
    8ef8:	b69f70ef          	jal	ra,a60 <_ZN14_MOTOR_CONTROLC1Ei>
    8efc:	a74f706f          	j	170 <__riscv_restore_4>

00008f00 <ADC1_2_IRQHandler>:
    8f00:	a001                	j	8f00 <ADC1_2_IRQHandler>

00008f02 <handle_reset>:
    8f02:	1fff8197          	auipc	gp,0x1fff8
    8f06:	a8e18193          	addi	gp,gp,-1394 # 20000990 <__global_pointer$>
    8f0a:	1fffc117          	auipc	sp,0x1fffc
    8f0e:	0f610113          	addi	sp,sp,246 # 20005000 <__freertos_irq_stack_top>
    8f12:	00003517          	auipc	a0,0x3
    8f16:	10650513          	addi	a0,a0,262 # c018 <_data_lma>
    8f1a:	1fff7597          	auipc	a1,0x1fff7
    8f1e:	0e658593          	addi	a1,a1,230 # 20000000 <AHBPrescTable>
    8f22:	9d818613          	addi	a2,gp,-1576 # 20000368 <MCU_Version>
    8f26:	00c5fa63          	bgeu	a1,a2,8f3a <handle_reset+0x38>
    8f2a:	00052283          	lw	t0,0(a0)
    8f2e:	0055a023          	sw	t0,0(a1)
    8f32:	0511                	addi	a0,a0,4
    8f34:	0591                	addi	a1,a1,4
    8f36:	fec5eae3          	bltu	a1,a2,8f2a <handle_reset+0x28>
    8f3a:	9d818513          	addi	a0,gp,-1576 # 20000368 <MCU_Version>
    8f3e:	1fffa597          	auipc	a1,0x1fffa
    8f42:	cf258593          	addi	a1,a1,-782 # 20002c30 <_ebss>
    8f46:	00b57763          	bgeu	a0,a1,8f54 <handle_reset+0x52>
    8f4a:	00052023          	sw	zero,0(a0)
    8f4e:	0511                	addi	a0,a0,4
    8f50:	feb56de3          	bltu	a0,a1,8f4a <handle_reset+0x48>
    8f54:	42fd                	li	t0,31
    8f56:	bc029073          	csrw	0xbc0,t0
    8f5a:	428d                	li	t0,3
    8f5c:	80429073          	csrw	0x804,t0
    8f60:	08800293          	li	t0,136
    8f64:	30029073          	csrw	mstatus,t0
    8f68:	ffff7297          	auipc	t0,0xffff7
    8f6c:	09c28293          	addi	t0,t0,156 # 4 <_einit>
    8f70:	0032e293          	ori	t0,t0,3
    8f74:	30529073          	csrw	mtvec,t0
    8f78:	2819                	jal	8f8e <__libc_init_array>
    8f7a:	afcfd0ef          	jal	ra,6276 <SystemInit>
    8f7e:	ffffd297          	auipc	t0,0xffffd
    8f82:	5f028293          	addi	t0,t0,1520 # 656e <main>
    8f86:	34129073          	csrw	mepc,t0
    8f8a:	30200073          	mret

00008f8e <__libc_init_array>:
    8f8e:	1141                	addi	sp,sp,-16
    8f90:	c422                	sw	s0,8(sp)
    8f92:	c226                	sw	s1,4(sp)
    8f94:	00003417          	auipc	s0,0x3
    8f98:	08040413          	addi	s0,s0,128 # c014 <__fsymtab_end>
    8f9c:	00003497          	auipc	s1,0x3
    8fa0:	07848493          	addi	s1,s1,120 # c014 <__fsymtab_end>
    8fa4:	8c81                	sub	s1,s1,s0
    8fa6:	c04a                	sw	s2,0(sp)
    8fa8:	c606                	sw	ra,12(sp)
    8faa:	8489                	srai	s1,s1,0x2
    8fac:	4901                	li	s2,0
    8fae:	02991563          	bne	s2,s1,8fd8 <__libc_init_array+0x4a>
    8fb2:	00003417          	auipc	s0,0x3
    8fb6:	06240413          	addi	s0,s0,98 # c014 <__fsymtab_end>
    8fba:	00003497          	auipc	s1,0x3
    8fbe:	05e48493          	addi	s1,s1,94 # c018 <_data_lma>
    8fc2:	8c81                	sub	s1,s1,s0
    8fc4:	8489                	srai	s1,s1,0x2
    8fc6:	4901                	li	s2,0
    8fc8:	00991d63          	bne	s2,s1,8fe2 <__libc_init_array+0x54>
    8fcc:	40b2                	lw	ra,12(sp)
    8fce:	4422                	lw	s0,8(sp)
    8fd0:	4492                	lw	s1,4(sp)
    8fd2:	4902                	lw	s2,0(sp)
    8fd4:	0141                	addi	sp,sp,16
    8fd6:	8082                	ret
    8fd8:	401c                	lw	a5,0(s0)
    8fda:	0905                	addi	s2,s2,1
    8fdc:	0411                	addi	s0,s0,4
    8fde:	9782                	jalr	a5
    8fe0:	b7f9                	j	8fae <__libc_init_array+0x20>
    8fe2:	401c                	lw	a5,0(s0)
    8fe4:	0905                	addi	s2,s2,1
    8fe6:	0411                	addi	s0,s0,4
    8fe8:	9782                	jalr	a5
    8fea:	bff9                	j	8fc8 <__libc_init_array+0x3a>

00008fec <memcmp>:
    8fec:	4701                	li	a4,0
    8fee:	00e61463          	bne	a2,a4,8ff6 <memcmp+0xa>
    8ff2:	4501                	li	a0,0
    8ff4:	8082                	ret
    8ff6:	00e507b3          	add	a5,a0,a4
    8ffa:	0705                	addi	a4,a4,1
    8ffc:	00e586b3          	add	a3,a1,a4
    9000:	239c                	lbu	a5,0(a5)
    9002:	fff6c683          	lbu	a3,-1(a3)
    9006:	fed784e3          	beq	a5,a3,8fee <memcmp+0x2>
    900a:	40d78533          	sub	a0,a5,a3
    900e:	8082                	ret

00009010 <__ctzsi2>:
    9010:	40a007b3          	neg	a5,a0
    9014:	8fe9                	and	a5,a5,a0
    9016:	6741                	lui	a4,0x10
    9018:	02e7f363          	bgeu	a5,a4,903e <__ctzsi2+0x2e>
    901c:	1007b713          	sltiu	a4,a5,256
    9020:	00174713          	xori	a4,a4,1
    9024:	070e                	slli	a4,a4,0x3
    9026:	fff70693          	addi	a3,a4,-1 # ffff <MC_PULL_calibration.cpp.a99f3330+0x113f>
    902a:	00e7d7b3          	srl	a5,a5,a4
    902e:	00003717          	auipc	a4,0x3
    9032:	ee670713          	addi	a4,a4,-282 # bf14 <__clz_tab>
    9036:	97ba                	add	a5,a5,a4
    9038:	2388                	lbu	a0,0(a5)
    903a:	9536                	add	a0,a0,a3
    903c:	8082                	ret
    903e:	01000737          	lui	a4,0x1000
    9042:	00e7fe63          	bgeu	a5,a4,905e <__ctzsi2+0x4e>
    9046:	4741                	li	a4,16
    9048:	00e7d7b3          	srl	a5,a5,a4
    904c:	00003717          	auipc	a4,0x3
    9050:	ec870713          	addi	a4,a4,-312 # bf14 <__clz_tab>
    9054:	97ba                	add	a5,a5,a4
    9056:	2388                	lbu	a0,0(a5)
    9058:	46bd                	li	a3,15
    905a:	9536                	add	a0,a0,a3
    905c:	8082                	ret
    905e:	4761                	li	a4,24
    9060:	00e7d7b3          	srl	a5,a5,a4
    9064:	00003717          	auipc	a4,0x3
    9068:	eb070713          	addi	a4,a4,-336 # bf14 <__clz_tab>
    906c:	97ba                	add	a5,a5,a4
    906e:	2388                	lbu	a0,0(a5)
    9070:	46dd                	li	a3,23
    9072:	9536                	add	a0,a0,a3
    9074:	8082                	ret

00009076 <__udivdi3>:
    9076:	8832                	mv	a6,a2
    9078:	88aa                	mv	a7,a0
    907a:	872e                	mv	a4,a1
    907c:	eadd                	bnez	a3,9132 <__udivdi3+0xbc>
    907e:	10c5f163          	bgeu	a1,a2,9180 <__udivdi3+0x10a>
    9082:	67c1                	lui	a5,0x10
    9084:	18f66d63          	bltu	a2,a5,921e <__udivdi3+0x1a8>
    9088:	010007b7          	lui	a5,0x1000
    908c:	00f637b3          	sltu	a5,a2,a5
    9090:	40f007b3          	neg	a5,a5
    9094:	9be1                	andi	a5,a5,-8
    9096:	07e1                	addi	a5,a5,24 # 1000018 <ch32v20x_wwdg.c.f78e58f2+0xfe2d1d>
    9098:	00f65333          	srl	t1,a2,a5
    909c:	00003697          	auipc	a3,0x3
    90a0:	e7868693          	addi	a3,a3,-392 # bf14 <__clz_tab>
    90a4:	969a                	add	a3,a3,t1
    90a6:	2294                	lbu	a3,0(a3)
    90a8:	02000313          	li	t1,32
    90ac:	97b6                	add	a5,a5,a3
    90ae:	40f306b3          	sub	a3,t1,a5
    90b2:	00f30b63          	beq	t1,a5,90c8 <__udivdi3+0x52>
    90b6:	00d59733          	sll	a4,a1,a3
    90ba:	00f557b3          	srl	a5,a0,a5
    90be:	00d61833          	sll	a6,a2,a3
    90c2:	8f5d                	or	a4,a4,a5
    90c4:	00d518b3          	sll	a7,a0,a3
    90c8:	01085613          	srli	a2,a6,0x10
    90cc:	02c75533          	divu	a0,a4,a2
    90d0:	01081693          	slli	a3,a6,0x10
    90d4:	82c1                	srli	a3,a3,0x10
    90d6:	0108d793          	srli	a5,a7,0x10
    90da:	02c77733          	remu	a4,a4,a2
    90de:	02a685b3          	mul	a1,a3,a0
    90e2:	0742                	slli	a4,a4,0x10
    90e4:	8fd9                	or	a5,a5,a4
    90e6:	00b7fa63          	bgeu	a5,a1,90fa <__udivdi3+0x84>
    90ea:	97c2                	add	a5,a5,a6
    90ec:	fff50713          	addi	a4,a0,-1
    90f0:	0107e463          	bltu	a5,a6,90f8 <__udivdi3+0x82>
    90f4:	30b7ed63          	bltu	a5,a1,940e <__udivdi3+0x398>
    90f8:	853a                	mv	a0,a4
    90fa:	8f8d                	sub	a5,a5,a1
    90fc:	02c7d733          	divu	a4,a5,a2
    9100:	08c2                	slli	a7,a7,0x10
    9102:	0108d893          	srli	a7,a7,0x10
    9106:	02c7f7b3          	remu	a5,a5,a2
    910a:	02e686b3          	mul	a3,a3,a4
    910e:	07c2                	slli	a5,a5,0x10
    9110:	00f8e8b3          	or	a7,a7,a5
    9114:	00d8fb63          	bgeu	a7,a3,912a <__udivdi3+0xb4>
    9118:	98c2                	add	a7,a7,a6
    911a:	fff70793          	addi	a5,a4,-1
    911e:	0108e563          	bltu	a7,a6,9128 <__udivdi3+0xb2>
    9122:	1779                	addi	a4,a4,-2
    9124:	00d8e363          	bltu	a7,a3,912a <__udivdi3+0xb4>
    9128:	873e                	mv	a4,a5
    912a:	0542                	slli	a0,a0,0x10
    912c:	8d59                	or	a0,a0,a4
    912e:	4581                	li	a1,0
    9130:	8082                	ret
    9132:	00d5f563          	bgeu	a1,a3,913c <__udivdi3+0xc6>
    9136:	4581                	li	a1,0
    9138:	4501                	li	a0,0
    913a:	8082                	ret
    913c:	67c1                	lui	a5,0x10
    913e:	18f6e763          	bltu	a3,a5,92cc <__udivdi3+0x256>
    9142:	010007b7          	lui	a5,0x1000
    9146:	00f6b7b3          	sltu	a5,a3,a5
    914a:	40f007b3          	neg	a5,a5
    914e:	9be1                	andi	a5,a5,-8
    9150:	07e1                	addi	a5,a5,24 # 1000018 <ch32v20x_wwdg.c.f78e58f2+0xfe2d1d>
    9152:	00f6d833          	srl	a6,a3,a5
    9156:	00003717          	auipc	a4,0x3
    915a:	dbe70713          	addi	a4,a4,-578 # bf14 <__clz_tab>
    915e:	9742                	add	a4,a4,a6
    9160:	2318                	lbu	a4,0(a4)
    9162:	02000893          	li	a7,32
    9166:	973e                	add	a4,a4,a5
    9168:	40e88833          	sub	a6,a7,a4
    916c:	18e89463          	bne	a7,a4,92f4 <__udivdi3+0x27e>
    9170:	28b6e163          	bltu	a3,a1,93f2 <__udivdi3+0x37c>
    9174:	00c53533          	sltu	a0,a0,a2
    9178:	00154513          	xori	a0,a0,1
    917c:	4581                	li	a1,0
    917e:	8082                	ret
    9180:	c64d                	beqz	a2,922a <__udivdi3+0x1b4>
    9182:	67c1                	lui	a5,0x10
    9184:	24f67f63          	bgeu	a2,a5,93e2 <__udivdi3+0x36c>
    9188:	10063713          	sltiu	a4,a2,256
    918c:	00174713          	xori	a4,a4,1
    9190:	070e                	slli	a4,a4,0x3
    9192:	00e656b3          	srl	a3,a2,a4
    9196:	00003797          	auipc	a5,0x3
    919a:	d7e78793          	addi	a5,a5,-642 # bf14 <__clz_tab>
    919e:	97b6                	add	a5,a5,a3
    91a0:	239c                	lbu	a5,0(a5)
    91a2:	02000693          	li	a3,32
    91a6:	97ba                	add	a5,a5,a4
    91a8:	40f68eb3          	sub	t4,a3,a5
    91ac:	08f69e63          	bne	a3,a5,9248 <__udivdi3+0x1d2>
    91b0:	40c587b3          	sub	a5,a1,a2
    91b4:	01065693          	srli	a3,a2,0x10
    91b8:	0642                	slli	a2,a2,0x10
    91ba:	8241                	srli	a2,a2,0x10
    91bc:	4585                	li	a1,1
    91be:	02d7d533          	divu	a0,a5,a3
    91c2:	0108d713          	srli	a4,a7,0x10
    91c6:	02d7f7b3          	remu	a5,a5,a3
    91ca:	02c50333          	mul	t1,a0,a2
    91ce:	07c2                	slli	a5,a5,0x10
    91d0:	8fd9                	or	a5,a5,a4
    91d2:	0067fa63          	bgeu	a5,t1,91e6 <__udivdi3+0x170>
    91d6:	97c2                	add	a5,a5,a6
    91d8:	fff50713          	addi	a4,a0,-1
    91dc:	0107e463          	bltu	a5,a6,91e4 <__udivdi3+0x16e>
    91e0:	2267e463          	bltu	a5,t1,9408 <__udivdi3+0x392>
    91e4:	853a                	mv	a0,a4
    91e6:	406787b3          	sub	a5,a5,t1
    91ea:	02d7d733          	divu	a4,a5,a3
    91ee:	08c2                	slli	a7,a7,0x10
    91f0:	0108d893          	srli	a7,a7,0x10
    91f4:	02d7f7b3          	remu	a5,a5,a3
    91f8:	02c70633          	mul	a2,a4,a2
    91fc:	07c2                	slli	a5,a5,0x10
    91fe:	00f8e8b3          	or	a7,a7,a5
    9202:	00c8fb63          	bgeu	a7,a2,9218 <__udivdi3+0x1a2>
    9206:	98c2                	add	a7,a7,a6
    9208:	fff70793          	addi	a5,a4,-1
    920c:	0108e563          	bltu	a7,a6,9216 <__udivdi3+0x1a0>
    9210:	1779                	addi	a4,a4,-2
    9212:	00c8e363          	bltu	a7,a2,9218 <__udivdi3+0x1a2>
    9216:	873e                	mv	a4,a5
    9218:	0542                	slli	a0,a0,0x10
    921a:	8d59                	or	a0,a0,a4
    921c:	8082                	ret
    921e:	10063793          	sltiu	a5,a2,256
    9222:	0017c793          	xori	a5,a5,1
    9226:	078e                	slli	a5,a5,0x3
    9228:	bd85                	j	9098 <__udivdi3+0x22>
    922a:	4681                	li	a3,0
    922c:	00003797          	auipc	a5,0x3
    9230:	ce878793          	addi	a5,a5,-792 # bf14 <__clz_tab>
    9234:	97b6                	add	a5,a5,a3
    9236:	239c                	lbu	a5,0(a5)
    9238:	4701                	li	a4,0
    923a:	02000693          	li	a3,32
    923e:	97ba                	add	a5,a5,a4
    9240:	40f68eb3          	sub	t4,a3,a5
    9244:	f6f686e3          	beq	a3,a5,91b0 <__udivdi3+0x13a>
    9248:	01d61833          	sll	a6,a2,t4
    924c:	00f5d333          	srl	t1,a1,a5
    9250:	01085693          	srli	a3,a6,0x10
    9254:	02d35e33          	divu	t3,t1,a3
    9258:	01081613          	slli	a2,a6,0x10
    925c:	01d595b3          	sll	a1,a1,t4
    9260:	8241                	srli	a2,a2,0x10
    9262:	00f557b3          	srl	a5,a0,a5
    9266:	8fcd                	or	a5,a5,a1
    9268:	0107d713          	srli	a4,a5,0x10
    926c:	01d518b3          	sll	a7,a0,t4
    9270:	02d37333          	remu	t1,t1,a3
    9274:	03c605b3          	mul	a1,a2,t3
    9278:	0342                	slli	t1,t1,0x10
    927a:	00676733          	or	a4,a4,t1
    927e:	00b77b63          	bgeu	a4,a1,9294 <__udivdi3+0x21e>
    9282:	9742                	add	a4,a4,a6
    9284:	fffe0513          	addi	a0,t3,-1
    9288:	17076c63          	bltu	a4,a6,9400 <__udivdi3+0x38a>
    928c:	16b77a63          	bgeu	a4,a1,9400 <__udivdi3+0x38a>
    9290:	1e79                	addi	t3,t3,-2
    9292:	9742                	add	a4,a4,a6
    9294:	8f0d                	sub	a4,a4,a1
    9296:	02d75533          	divu	a0,a4,a3
    929a:	07c2                	slli	a5,a5,0x10
    929c:	83c1                	srli	a5,a5,0x10
    929e:	02d77733          	remu	a4,a4,a3
    92a2:	02a60333          	mul	t1,a2,a0
    92a6:	0742                	slli	a4,a4,0x10
    92a8:	8fd9                	or	a5,a5,a4
    92aa:	0067fb63          	bgeu	a5,t1,92c0 <__udivdi3+0x24a>
    92ae:	97c2                	add	a5,a5,a6
    92b0:	fff50713          	addi	a4,a0,-1
    92b4:	1507e263          	bltu	a5,a6,93f8 <__udivdi3+0x382>
    92b8:	1467f063          	bgeu	a5,t1,93f8 <__udivdi3+0x382>
    92bc:	1579                	addi	a0,a0,-2
    92be:	97c2                	add	a5,a5,a6
    92c0:	010e1593          	slli	a1,t3,0x10
    92c4:	406787b3          	sub	a5,a5,t1
    92c8:	8dc9                	or	a1,a1,a0
    92ca:	bdd5                	j	91be <__udivdi3+0x148>
    92cc:	1006b793          	sltiu	a5,a3,256
    92d0:	0017c793          	xori	a5,a5,1
    92d4:	078e                	slli	a5,a5,0x3
    92d6:	00f6d833          	srl	a6,a3,a5
    92da:	00003717          	auipc	a4,0x3
    92de:	c3a70713          	addi	a4,a4,-966 # bf14 <__clz_tab>
    92e2:	9742                	add	a4,a4,a6
    92e4:	2318                	lbu	a4,0(a4)
    92e6:	02000893          	li	a7,32
    92ea:	973e                	add	a4,a4,a5
    92ec:	40e88833          	sub	a6,a7,a4
    92f0:	e8e880e3          	beq	a7,a4,9170 <__udivdi3+0xfa>
    92f4:	00e65e33          	srl	t3,a2,a4
    92f8:	010696b3          	sll	a3,a3,a6
    92fc:	00de6e33          	or	t3,t3,a3
    9300:	00e5d8b3          	srl	a7,a1,a4
    9304:	010e5e93          	srli	t4,t3,0x10
    9308:	03d8d7b3          	divu	a5,a7,t4
    930c:	010e1313          	slli	t1,t3,0x10
    9310:	010595b3          	sll	a1,a1,a6
    9314:	01035313          	srli	t1,t1,0x10
    9318:	00e55733          	srl	a4,a0,a4
    931c:	8f4d                	or	a4,a4,a1
    931e:	01075693          	srli	a3,a4,0x10
    9322:	01061633          	sll	a2,a2,a6
    9326:	03d8f8b3          	remu	a7,a7,t4
    932a:	02f305b3          	mul	a1,t1,a5
    932e:	08c2                	slli	a7,a7,0x10
    9330:	0116e6b3          	or	a3,a3,a7
    9334:	00b6fb63          	bgeu	a3,a1,934a <__udivdi3+0x2d4>
    9338:	96f2                	add	a3,a3,t3
    933a:	fff78893          	addi	a7,a5,-1
    933e:	0dc6e363          	bltu	a3,t3,9404 <__udivdi3+0x38e>
    9342:	0cb6f163          	bgeu	a3,a1,9404 <__udivdi3+0x38e>
    9346:	17f9                	addi	a5,a5,-2
    9348:	96f2                	add	a3,a3,t3
    934a:	8e8d                	sub	a3,a3,a1
    934c:	03d6d5b3          	divu	a1,a3,t4
    9350:	0742                	slli	a4,a4,0x10
    9352:	8341                	srli	a4,a4,0x10
    9354:	03d6f6b3          	remu	a3,a3,t4
    9358:	02b308b3          	mul	a7,t1,a1
    935c:	06c2                	slli	a3,a3,0x10
    935e:	8f55                	or	a4,a4,a3
    9360:	01177b63          	bgeu	a4,a7,9376 <__udivdi3+0x300>
    9364:	9772                	add	a4,a4,t3
    9366:	fff58693          	addi	a3,a1,-1
    936a:	09c76963          	bltu	a4,t3,93fc <__udivdi3+0x386>
    936e:	09177763          	bgeu	a4,a7,93fc <__udivdi3+0x386>
    9372:	15f9                	addi	a1,a1,-2
    9374:	9772                	add	a4,a4,t3
    9376:	07c2                	slli	a5,a5,0x10
    9378:	6ec1                	lui	t4,0x10
    937a:	8fcd                	or	a5,a5,a1
    937c:	fffe8693          	addi	a3,t4,-1 # ffff <MC_PULL_calibration.cpp.a99f3330+0x113f>
    9380:	00d7f5b3          	and	a1,a5,a3
    9384:	0107d313          	srli	t1,a5,0x10
    9388:	8ef1                	and	a3,a3,a2
    938a:	8241                	srli	a2,a2,0x10
    938c:	02d58e33          	mul	t3,a1,a3
    9390:	41170733          	sub	a4,a4,a7
    9394:	02d306b3          	mul	a3,t1,a3
    9398:	010e5893          	srli	a7,t3,0x10
    939c:	02c585b3          	mul	a1,a1,a2
    93a0:	95b6                	add	a1,a1,a3
    93a2:	95c6                	add	a1,a1,a7
    93a4:	02c30333          	mul	t1,t1,a2
    93a8:	00d5f363          	bgeu	a1,a3,93ae <__udivdi3+0x338>
    93ac:	9376                	add	t1,t1,t4
    93ae:	0105d693          	srli	a3,a1,0x10
    93b2:	969a                	add	a3,a3,t1
    93b4:	02d76363          	bltu	a4,a3,93da <__udivdi3+0x364>
    93b8:	00d70563          	beq	a4,a3,93c2 <__udivdi3+0x34c>
    93bc:	853e                	mv	a0,a5
    93be:	4581                	li	a1,0
    93c0:	8082                	ret
    93c2:	66c1                	lui	a3,0x10
    93c4:	16fd                	addi	a3,a3,-1 # ffff <MC_PULL_calibration.cpp.a99f3330+0x113f>
    93c6:	00d5f733          	and	a4,a1,a3
    93ca:	0742                	slli	a4,a4,0x10
    93cc:	00de7e33          	and	t3,t3,a3
    93d0:	01051533          	sll	a0,a0,a6
    93d4:	9772                	add	a4,a4,t3
    93d6:	fee573e3          	bgeu	a0,a4,93bc <__udivdi3+0x346>
    93da:	fff78513          	addi	a0,a5,-1
    93de:	4581                	li	a1,0
    93e0:	8082                	ret
    93e2:	010007b7          	lui	a5,0x1000
    93e6:	02f67763          	bgeu	a2,a5,9414 <__udivdi3+0x39e>
    93ea:	01065693          	srli	a3,a2,0x10
    93ee:	4741                	li	a4,16
    93f0:	b35d                	j	9196 <__udivdi3+0x120>
    93f2:	4581                	li	a1,0
    93f4:	4505                	li	a0,1
    93f6:	8082                	ret
    93f8:	853a                	mv	a0,a4
    93fa:	b5d9                	j	92c0 <__udivdi3+0x24a>
    93fc:	85b6                	mv	a1,a3
    93fe:	bfa5                	j	9376 <__udivdi3+0x300>
    9400:	8e2a                	mv	t3,a0
    9402:	bd49                	j	9294 <__udivdi3+0x21e>
    9404:	87c6                	mv	a5,a7
    9406:	b791                	j	934a <__udivdi3+0x2d4>
    9408:	1579                	addi	a0,a0,-2
    940a:	97c2                	add	a5,a5,a6
    940c:	bbe9                	j	91e6 <__udivdi3+0x170>
    940e:	1579                	addi	a0,a0,-2
    9410:	97c2                	add	a5,a5,a6
    9412:	b1e5                	j	90fa <__udivdi3+0x84>
    9414:	01865693          	srli	a3,a2,0x18
    9418:	4761                	li	a4,24
    941a:	bbb5                	j	9196 <__udivdi3+0x120>

0000941c <__adddf3>:
    941c:	001007b7          	lui	a5,0x100
    9420:	1101                	addi	sp,sp,-32
    9422:	17fd                	addi	a5,a5,-1 # fffff <ch32v20x_wwdg.c.f78e58f2+0xe2d04>
    9424:	00b7f833          	and	a6,a5,a1
    9428:	0146d893          	srli	a7,a3,0x14
    942c:	8ff5                	and	a5,a5,a3
    942e:	cc22                	sw	s0,24(sp)
    9430:	0145d413          	srli	s0,a1,0x14
    9434:	00379713          	slli	a4,a5,0x3
    9438:	080e                	slli	a6,a6,0x3
    943a:	c84a                	sw	s2,16(sp)
    943c:	c64e                	sw	s3,12(sp)
    943e:	01d65793          	srli	a5,a2,0x1d
    9442:	01d55993          	srli	s3,a0,0x1d
    9446:	01f5d913          	srli	s2,a1,0x1f
    944a:	7ff47413          	andi	s0,s0,2047
    944e:	7ff8f893          	andi	a7,a7,2047
    9452:	ce06                	sw	ra,28(sp)
    9454:	ca26                	sw	s1,20(sp)
    9456:	82fd                	srli	a3,a3,0x1f
    9458:	0109e9b3          	or	s3,s3,a6
    945c:	8fd9                	or	a5,a5,a4
    945e:	00351593          	slli	a1,a0,0x3
    9462:	00361813          	slli	a6,a2,0x3
    9466:	41140733          	sub	a4,s0,a7
    946a:	18d90463          	beq	s2,a3,95f2 <__adddf3+0x1d6>
    946e:	10e05e63          	blez	a4,958a <__adddf3+0x16e>
    9472:	20088863          	beqz	a7,9682 <__adddf3+0x266>
    9476:	7ff00693          	li	a3,2047
    947a:	52d40663          	beq	s0,a3,99a6 <__adddf3+0x58a>
    947e:	03800693          	li	a3,56
    9482:	4485                	li	s1,1
    9484:	02e6c963          	blt	a3,a4,94b6 <__adddf3+0x9a>
    9488:	008006b7          	lui	a3,0x800
    948c:	8fd5                	or	a5,a5,a3
    948e:	46fd                	li	a3,31
    9490:	42e6c763          	blt	a3,a4,98be <__adddf3+0x4a2>
    9494:	02000693          	li	a3,32
    9498:	8e99                	sub	a3,a3,a4
    949a:	00d794b3          	sll	s1,a5,a3
    949e:	00e85633          	srl	a2,a6,a4
    94a2:	00d816b3          	sll	a3,a6,a3
    94a6:	8cd1                	or	s1,s1,a2
    94a8:	00d036b3          	snez	a3,a3
    94ac:	00e7d733          	srl	a4,a5,a4
    94b0:	8cd5                	or	s1,s1,a3
    94b2:	40e989b3          	sub	s3,s3,a4
    94b6:	409584b3          	sub	s1,a1,s1
    94ba:	0095b7b3          	sltu	a5,a1,s1
    94be:	40f989b3          	sub	s3,s3,a5
    94c2:	008007b7          	lui	a5,0x800
    94c6:	00f9f733          	and	a4,s3,a5
    94ca:	24070863          	beqz	a4,971a <__adddf3+0x2fe>
    94ce:	17fd                	addi	a5,a5,-1 # 7fffff <ch32v20x_wwdg.c.f78e58f2+0x7e2d04>
    94d0:	00f9f9b3          	and	s3,s3,a5
    94d4:	2a098663          	beqz	s3,9780 <__adddf3+0x364>
    94d8:	854e                	mv	a0,s3
    94da:	799010ef          	jal	ra,b472 <__clzsi2>
    94de:	ff850713          	addi	a4,a0,-8
    94e2:	02000693          	li	a3,32
    94e6:	40e687b3          	sub	a5,a3,a4
    94ea:	00f4d7b3          	srl	a5,s1,a5
    94ee:	00e999b3          	sll	s3,s3,a4
    94f2:	0137e7b3          	or	a5,a5,s3
    94f6:	00e494b3          	sll	s1,s1,a4
    94fa:	32874563          	blt	a4,s0,9824 <__adddf3+0x408>
    94fe:	8f01                	sub	a4,a4,s0
    9500:	0705                	addi	a4,a4,1
    9502:	8e99                	sub	a3,a3,a4
    9504:	00d49633          	sll	a2,s1,a3
    9508:	00e4d9b3          	srl	s3,s1,a4
    950c:	00c03633          	snez	a2,a2
    9510:	01366633          	or	a2,a2,s3
    9514:	00d796b3          	sll	a3,a5,a3
    9518:	00c6e4b3          	or	s1,a3,a2
    951c:	00e7d9b3          	srl	s3,a5,a4
    9520:	4401                	li	s0,0
    9522:	0074f793          	andi	a5,s1,7
    9526:	cf81                	beqz	a5,953e <__adddf3+0x122>
    9528:	00f4f793          	andi	a5,s1,15
    952c:	4711                	li	a4,4
    952e:	00e78863          	beq	a5,a4,953e <__adddf3+0x122>
    9532:	00448793          	addi	a5,s1,4
    9536:	0097b4b3          	sltu	s1,a5,s1
    953a:	99a6                	add	s3,s3,s1
    953c:	84be                	mv	s1,a5
    953e:	008007b7          	lui	a5,0x800
    9542:	00f9f7b3          	and	a5,s3,a5
    9546:	28078763          	beqz	a5,97d4 <__adddf3+0x3b8>
    954a:	0405                	addi	s0,s0,1
    954c:	7ff00793          	li	a5,2047
    9550:	1cf40063          	beq	s0,a5,9710 <__adddf3+0x2f4>
    9554:	ff8007b7          	lui	a5,0xff800
    9558:	17fd                	addi	a5,a5,-1 # ff7fffff <__freertos_irq_stack_top+0xdf7fafff>
    955a:	00f9f7b3          	and	a5,s3,a5
    955e:	01d79713          	slli	a4,a5,0x1d
    9562:	808d                	srli	s1,s1,0x3
    9564:	07a6                	slli	a5,a5,0x9
    9566:	8f45                	or	a4,a4,s1
    9568:	83b1                	srli	a5,a5,0xc
    956a:	7ff47413          	andi	s0,s0,2047
    956e:	0452                	slli	s0,s0,0x14
    9570:	097e                	slli	s2,s2,0x1f
    9572:	8c5d                	or	s0,s0,a5
    9574:	01246433          	or	s0,s0,s2
    9578:	40f2                	lw	ra,28(sp)
    957a:	85a2                	mv	a1,s0
    957c:	4462                	lw	s0,24(sp)
    957e:	44d2                	lw	s1,20(sp)
    9580:	4942                	lw	s2,16(sp)
    9582:	49b2                	lw	s3,12(sp)
    9584:	853a                	mv	a0,a4
    9586:	6105                	addi	sp,sp,32
    9588:	8082                	ret
    958a:	10070f63          	beqz	a4,96a8 <__adddf3+0x28c>
    958e:	40888733          	sub	a4,a7,s0
    9592:	30041863          	bnez	s0,98a2 <__adddf3+0x486>
    9596:	00b9e533          	or	a0,s3,a1
    959a:	26050e63          	beqz	a0,9816 <__adddf3+0x3fa>
    959e:	fff70513          	addi	a0,a4,-1
    95a2:	48050e63          	beqz	a0,9a3e <__adddf3+0x622>
    95a6:	7ff00313          	li	t1,2047
    95aa:	42670a63          	beq	a4,t1,99de <__adddf3+0x5c2>
    95ae:	03800713          	li	a4,56
    95b2:	4485                	li	s1,1
    95b4:	02a74663          	blt	a4,a0,95e0 <__adddf3+0x1c4>
    95b8:	872a                	mv	a4,a0
    95ba:	467d                	li	a2,31
    95bc:	44e64063          	blt	a2,a4,99fc <__adddf3+0x5e0>
    95c0:	02000613          	li	a2,32
    95c4:	8e19                	sub	a2,a2,a4
    95c6:	00c994b3          	sll	s1,s3,a2
    95ca:	00e5d533          	srl	a0,a1,a4
    95ce:	00c59633          	sll	a2,a1,a2
    95d2:	8cc9                	or	s1,s1,a0
    95d4:	00c03633          	snez	a2,a2
    95d8:	00e9d733          	srl	a4,s3,a4
    95dc:	8cd1                	or	s1,s1,a2
    95de:	8f99                	sub	a5,a5,a4
    95e0:	409804b3          	sub	s1,a6,s1
    95e4:	00983833          	sltu	a6,a6,s1
    95e8:	410789b3          	sub	s3,a5,a6
    95ec:	8446                	mv	s0,a7
    95ee:	8936                	mv	s2,a3
    95f0:	bdc9                	j	94c2 <__adddf3+0xa6>
    95f2:	12e05963          	blez	a4,9724 <__adddf3+0x308>
    95f6:	10089063          	bnez	a7,96f6 <__adddf3+0x2da>
    95fa:	0107e6b3          	or	a3,a5,a6
    95fe:	20068f63          	beqz	a3,981c <__adddf3+0x400>
    9602:	fff70613          	addi	a2,a4,-1
    9606:	36060563          	beqz	a2,9970 <__adddf3+0x554>
    960a:	7ff00693          	li	a3,2047
    960e:	44d70e63          	beq	a4,a3,9a6a <__adddf3+0x64e>
    9612:	03800713          	li	a4,56
    9616:	4685                	li	a3,1
    9618:	02c74663          	blt	a4,a2,9644 <__adddf3+0x228>
    961c:	8732                	mv	a4,a2
    961e:	46fd                	li	a3,31
    9620:	38e6cb63          	blt	a3,a4,99b6 <__adddf3+0x59a>
    9624:	02000613          	li	a2,32
    9628:	8e19                	sub	a2,a2,a4
    962a:	00c796b3          	sll	a3,a5,a2
    962e:	00e85533          	srl	a0,a6,a4
    9632:	00c81633          	sll	a2,a6,a2
    9636:	8ec9                	or	a3,a3,a0
    9638:	00c03633          	snez	a2,a2
    963c:	00e7d733          	srl	a4,a5,a4
    9640:	8ed1                	or	a3,a3,a2
    9642:	99ba                	add	s3,s3,a4
    9644:	00b687b3          	add	a5,a3,a1
    9648:	00d7b6b3          	sltu	a3,a5,a3
    964c:	84be                	mv	s1,a5
    964e:	99b6                	add	s3,s3,a3
    9650:	008007b7          	lui	a5,0x800
    9654:	00f9f7b3          	and	a5,s3,a5
    9658:	c3e9                	beqz	a5,971a <__adddf3+0x2fe>
    965a:	0405                	addi	s0,s0,1
    965c:	7ff00793          	li	a5,2047
    9660:	0af40863          	beq	s0,a5,9710 <__adddf3+0x2f4>
    9664:	ff8007b7          	lui	a5,0xff800
    9668:	17fd                	addi	a5,a5,-1 # ff7fffff <__freertos_irq_stack_top+0xdf7fafff>
    966a:	00f9f7b3          	and	a5,s3,a5
    966e:	0014d713          	srli	a4,s1,0x1
    9672:	8885                	andi	s1,s1,1
    9674:	8f45                	or	a4,a4,s1
    9676:	01f79493          	slli	s1,a5,0x1f
    967a:	8cd9                	or	s1,s1,a4
    967c:	0017d993          	srli	s3,a5,0x1
    9680:	b54d                	j	9522 <__adddf3+0x106>
    9682:	0107e6b3          	or	a3,a5,a6
    9686:	18068b63          	beqz	a3,981c <__adddf3+0x400>
    968a:	fff70693          	addi	a3,a4,-1
    968e:	30068163          	beqz	a3,9990 <__adddf3+0x574>
    9692:	7ff00613          	li	a2,2047
    9696:	14c70f63          	beq	a4,a2,97f4 <__adddf3+0x3d8>
    969a:	03800713          	li	a4,56
    969e:	4485                	li	s1,1
    96a0:	e0d74be3          	blt	a4,a3,94b6 <__adddf3+0x9a>
    96a4:	8736                	mv	a4,a3
    96a6:	b3e5                	j	948e <__adddf3+0x72>
    96a8:	00140713          	addi	a4,s0,1
    96ac:	7fe77713          	andi	a4,a4,2046
    96b0:	1c071563          	bnez	a4,987a <__adddf3+0x45e>
    96b4:	00b9e8b3          	or	a7,s3,a1
    96b8:	0107e733          	or	a4,a5,a6
    96bc:	2a041063          	bnez	s0,995c <__adddf3+0x540>
    96c0:	38088b63          	beqz	a7,9a56 <__adddf3+0x63a>
    96c4:	3a070c63          	beqz	a4,9a7c <__adddf3+0x660>
    96c8:	410584b3          	sub	s1,a1,a6
    96cc:	0095b733          	sltu	a4,a1,s1
    96d0:	40f98633          	sub	a2,s3,a5
    96d4:	8e19                	sub	a2,a2,a4
    96d6:	00800737          	lui	a4,0x800
    96da:	8f71                	and	a4,a4,a2
    96dc:	40070163          	beqz	a4,9ade <__adddf3+0x6c2>
    96e0:	40b805b3          	sub	a1,a6,a1
    96e4:	413787b3          	sub	a5,a5,s3
    96e8:	00b83833          	sltu	a6,a6,a1
    96ec:	84ae                	mv	s1,a1
    96ee:	410789b3          	sub	s3,a5,a6
    96f2:	8936                	mv	s2,a3
    96f4:	b53d                	j	9522 <__adddf3+0x106>
    96f6:	7ff00693          	li	a3,2047
    96fa:	0ed40d63          	beq	s0,a3,97f4 <__adddf3+0x3d8>
    96fe:	03800613          	li	a2,56
    9702:	4685                	li	a3,1
    9704:	f4e640e3          	blt	a2,a4,9644 <__adddf3+0x228>
    9708:	008006b7          	lui	a3,0x800
    970c:	8fd5                	or	a5,a5,a3
    970e:	bf01                	j	961e <__adddf3+0x202>
    9710:	7ff00413          	li	s0,2047
    9714:	4781                	li	a5,0
    9716:	4701                	li	a4,0
    9718:	bd99                	j	956e <__adddf3+0x152>
    971a:	0074f713          	andi	a4,s1,7
    971e:	e00715e3          	bnez	a4,9528 <__adddf3+0x10c>
    9722:	aa89                	j	9874 <__adddf3+0x458>
    9724:	10070763          	beqz	a4,9832 <__adddf3+0x416>
    9728:	40888733          	sub	a4,a7,s0
    972c:	1a040d63          	beqz	s0,98e6 <__adddf3+0x4ca>
    9730:	7ff00693          	li	a3,2047
    9734:	2ad88d63          	beq	a7,a3,99ee <__adddf3+0x5d2>
    9738:	03800613          	li	a2,56
    973c:	4685                	li	a3,1
    973e:	02e64963          	blt	a2,a4,9770 <__adddf3+0x354>
    9742:	008006b7          	lui	a3,0x800
    9746:	00d9e9b3          	or	s3,s3,a3
    974a:	46fd                	li	a3,31
    974c:	36e6c663          	blt	a3,a4,9ab8 <__adddf3+0x69c>
    9750:	02000613          	li	a2,32
    9754:	8e19                	sub	a2,a2,a4
    9756:	00c996b3          	sll	a3,s3,a2
    975a:	00e5d533          	srl	a0,a1,a4
    975e:	00c59633          	sll	a2,a1,a2
    9762:	8ec9                	or	a3,a3,a0
    9764:	00c03633          	snez	a2,a2
    9768:	00e9d733          	srl	a4,s3,a4
    976c:	8ed1                	or	a3,a3,a2
    976e:	97ba                	add	a5,a5,a4
    9770:	9836                	add	a6,a6,a3
    9772:	00d836b3          	sltu	a3,a6,a3
    9776:	84c2                	mv	s1,a6
    9778:	00f689b3          	add	s3,a3,a5
    977c:	8446                	mv	s0,a7
    977e:	bdc9                	j	9650 <__adddf3+0x234>
    9780:	8526                	mv	a0,s1
    9782:	4f1010ef          	jal	ra,b472 <__clzsi2>
    9786:	01850713          	addi	a4,a0,24
    978a:	46fd                	li	a3,31
    978c:	d4e6dbe3          	bge	a3,a4,94e2 <__adddf3+0xc6>
    9790:	ff850793          	addi	a5,a0,-8
    9794:	00f497b3          	sll	a5,s1,a5
    9798:	16874963          	blt	a4,s0,990a <__adddf3+0x4ee>
    979c:	408704b3          	sub	s1,a4,s0
    97a0:	00148713          	addi	a4,s1,1
    97a4:	34e6db63          	bge	a3,a4,9afa <__adddf3+0x6de>
    97a8:	1485                	addi	s1,s1,-31
    97aa:	02000693          	li	a3,32
    97ae:	0097d4b3          	srl	s1,a5,s1
    97b2:	00d70b63          	beq	a4,a3,97c8 <__adddf3+0x3ac>
    97b6:	04000693          	li	a3,64
    97ba:	40e68733          	sub	a4,a3,a4
    97be:	00e797b3          	sll	a5,a5,a4
    97c2:	00f037b3          	snez	a5,a5
    97c6:	8cdd                	or	s1,s1,a5
    97c8:	0074f713          	andi	a4,s1,7
    97cc:	4401                	li	s0,0
    97ce:	d4071de3          	bnez	a4,9528 <__adddf3+0x10c>
    97d2:	a04d                	j	9874 <__adddf3+0x458>
    97d4:	0034d793          	srli	a5,s1,0x3
    97d8:	01d99713          	slli	a4,s3,0x1d
    97dc:	7ff00693          	li	a3,2047
    97e0:	8f5d                	or	a4,a4,a5
    97e2:	0039d793          	srli	a5,s3,0x3
    97e6:	00d40f63          	beq	s0,a3,9804 <__adddf3+0x3e8>
    97ea:	07b2                	slli	a5,a5,0xc
    97ec:	83b1                	srli	a5,a5,0xc
    97ee:	7ff47413          	andi	s0,s0,2047
    97f2:	bbb5                	j	956e <__adddf3+0x152>
    97f4:	050e                	slli	a0,a0,0x3
    97f6:	01d99793          	slli	a5,s3,0x1d
    97fa:	00355713          	srli	a4,a0,0x3
    97fe:	8f5d                	or	a4,a4,a5
    9800:	0039d793          	srli	a5,s3,0x3
    9804:	8f5d                	or	a4,a4,a5
    9806:	d709                	beqz	a4,9710 <__adddf3+0x2f4>
    9808:	4901                	li	s2,0
    980a:	7ff00413          	li	s0,2047
    980e:	000807b7          	lui	a5,0x80
    9812:	4701                	li	a4,0
    9814:	bba9                	j	956e <__adddf3+0x152>
    9816:	85c2                	mv	a1,a6
    9818:	89be                	mv	s3,a5
    981a:	8936                	mv	s2,a3
    981c:	0035d793          	srli	a5,a1,0x3
    9820:	843a                	mv	s0,a4
    9822:	bf5d                	j	97d8 <__adddf3+0x3bc>
    9824:	ff8009b7          	lui	s3,0xff800
    9828:	19fd                	addi	s3,s3,-1 # ff7fffff <__freertos_irq_stack_top+0xdf7fafff>
    982a:	8c19                	sub	s0,s0,a4
    982c:	0137f9b3          	and	s3,a5,s3
    9830:	b9cd                	j	9522 <__adddf3+0x106>
    9832:	00140693          	addi	a3,s0,1
    9836:	7fe6f713          	andi	a4,a3,2046
    983a:	e36d                	bnez	a4,991c <__adddf3+0x500>
    983c:	00b9e733          	or	a4,s3,a1
    9840:	1e041163          	bnez	s0,9a22 <__adddf3+0x606>
    9844:	24070a63          	beqz	a4,9a98 <__adddf3+0x67c>
    9848:	0107e733          	or	a4,a5,a6
    984c:	24070d63          	beqz	a4,9aa6 <__adddf3+0x68a>
    9850:	982e                	add	a6,a6,a1
    9852:	97ce                	add	a5,a5,s3
    9854:	00b835b3          	sltu	a1,a6,a1
    9858:	00b789b3          	add	s3,a5,a1
    985c:	00800737          	lui	a4,0x800
    9860:	00e9f733          	and	a4,s3,a4
    9864:	84c2                	mv	s1,a6
    9866:	c719                	beqz	a4,9874 <__adddf3+0x458>
    9868:	ff8007b7          	lui	a5,0xff800
    986c:	17fd                	addi	a5,a5,-1 # ff7fffff <__freertos_irq_stack_top+0xdf7fafff>
    986e:	00f9f9b3          	and	s3,s3,a5
    9872:	4405                	li	s0,1
    9874:	85a6                	mv	a1,s1
    9876:	8722                	mv	a4,s0
    9878:	b755                	j	981c <__adddf3+0x400>
    987a:	410584b3          	sub	s1,a1,a6
    987e:	0095b733          	sltu	a4,a1,s1
    9882:	40f98633          	sub	a2,s3,a5
    9886:	8e19                	sub	a2,a2,a4
    9888:	00800737          	lui	a4,0x800
    988c:	8f71                	and	a4,a4,a2
    988e:	ef45                	bnez	a4,9946 <__adddf3+0x52a>
    9890:	00c4e733          	or	a4,s1,a2
    9894:	89b2                	mv	s3,a2
    9896:	c2071fe3          	bnez	a4,94d4 <__adddf3+0xb8>
    989a:	4901                	li	s2,0
    989c:	4401                	li	s0,0
    989e:	4781                	li	a5,0
    98a0:	b1f9                	j	956e <__adddf3+0x152>
    98a2:	7ff00513          	li	a0,2047
    98a6:	12a88c63          	beq	a7,a0,99de <__adddf3+0x5c2>
    98aa:	03800613          	li	a2,56
    98ae:	4485                	li	s1,1
    98b0:	d2e648e3          	blt	a2,a4,95e0 <__adddf3+0x1c4>
    98b4:	00800637          	lui	a2,0x800
    98b8:	00c9e9b3          	or	s3,s3,a2
    98bc:	b9fd                	j	95ba <__adddf3+0x19e>
    98be:	fe070693          	addi	a3,a4,-32 # 7fffe0 <ch32v20x_wwdg.c.f78e58f2+0x7e2ce5>
    98c2:	02000613          	li	a2,32
    98c6:	00d7d6b3          	srl	a3,a5,a3
    98ca:	00c70a63          	beq	a4,a2,98de <__adddf3+0x4c2>
    98ce:	04000613          	li	a2,64
    98d2:	40e60733          	sub	a4,a2,a4
    98d6:	00e797b3          	sll	a5,a5,a4
    98da:	00f86833          	or	a6,a6,a5
    98de:	010034b3          	snez	s1,a6
    98e2:	8cd5                	or	s1,s1,a3
    98e4:	bec9                	j	94b6 <__adddf3+0x9a>
    98e6:	00b9e6b3          	or	a3,s3,a1
    98ea:	1a068263          	beqz	a3,9a8e <__adddf3+0x672>
    98ee:	fff70513          	addi	a0,a4,-1
    98f2:	cd3d                	beqz	a0,9970 <__adddf3+0x554>
    98f4:	7ff00693          	li	a3,2047
    98f8:	0ed70b63          	beq	a4,a3,99ee <__adddf3+0x5d2>
    98fc:	03800713          	li	a4,56
    9900:	4685                	li	a3,1
    9902:	e6a747e3          	blt	a4,a0,9770 <__adddf3+0x354>
    9906:	872a                	mv	a4,a0
    9908:	b589                	j	974a <__adddf3+0x32e>
    990a:	ff8006b7          	lui	a3,0xff800
    990e:	16fd                	addi	a3,a3,-1 # ff7fffff <__freertos_irq_stack_top+0xdf7fafff>
    9910:	8ff5                	and	a5,a5,a3
    9912:	8c19                	sub	s0,s0,a4
    9914:	01d79713          	slli	a4,a5,0x1d
    9918:	838d                	srli	a5,a5,0x3
    991a:	bdc1                	j	97ea <__adddf3+0x3ce>
    991c:	7ff00713          	li	a4,2047
    9920:	dee688e3          	beq	a3,a4,9710 <__adddf3+0x2f4>
    9924:	01058733          	add	a4,a1,a6
    9928:	97ce                	add	a5,a5,s3
    992a:	00b735b3          	sltu	a1,a4,a1
    992e:	97ae                	add	a5,a5,a1
    9930:	8305                	srli	a4,a4,0x1
    9932:	01f79493          	slli	s1,a5,0x1f
    9936:	8cd9                	or	s1,s1,a4
    9938:	8b1d                	andi	a4,a4,7
    993a:	0017d993          	srli	s3,a5,0x1
    993e:	8436                	mv	s0,a3
    9940:	be0714e3          	bnez	a4,9528 <__adddf3+0x10c>
    9944:	bf05                	j	9874 <__adddf3+0x458>
    9946:	40b805b3          	sub	a1,a6,a1
    994a:	413787b3          	sub	a5,a5,s3
    994e:	00b83833          	sltu	a6,a6,a1
    9952:	84ae                	mv	s1,a1
    9954:	410789b3          	sub	s3,a5,a6
    9958:	8936                	mv	s2,a3
    995a:	bead                	j	94d4 <__adddf3+0xb8>
    995c:	12089c63          	bnez	a7,9a94 <__adddf3+0x678>
    9960:	18071563          	bnez	a4,9aea <__adddf3+0x6ce>
    9964:	4901                	li	s2,0
    9966:	7ff00413          	li	s0,2047
    996a:	000807b7          	lui	a5,0x80
    996e:	b101                	j	956e <__adddf3+0x152>
    9970:	982e                	add	a6,a6,a1
    9972:	97ce                	add	a5,a5,s3
    9974:	00b835b3          	sltu	a1,a6,a1
    9978:	00b789b3          	add	s3,a5,a1
    997c:	008007b7          	lui	a5,0x800
    9980:	00f9f7b3          	and	a5,s3,a5
    9984:	84c2                	mv	s1,a6
    9986:	4405                	li	s0,1
    9988:	d80789e3          	beqz	a5,971a <__adddf3+0x2fe>
    998c:	4409                	li	s0,2
    998e:	b9d9                	j	9664 <__adddf3+0x248>
    9990:	41058833          	sub	a6,a1,a6
    9994:	40f987b3          	sub	a5,s3,a5
    9998:	0105b5b3          	sltu	a1,a1,a6
    999c:	84c2                	mv	s1,a6
    999e:	40b789b3          	sub	s3,a5,a1
    99a2:	4405                	li	s0,1
    99a4:	be39                	j	94c2 <__adddf3+0xa6>
    99a6:	050e                	slli	a0,a0,0x3
    99a8:	810d                	srli	a0,a0,0x3
    99aa:	01d99713          	slli	a4,s3,0x1d
    99ae:	8f49                	or	a4,a4,a0
    99b0:	0039d793          	srli	a5,s3,0x3
    99b4:	bd81                	j	9804 <__adddf3+0x3e8>
    99b6:	fe070613          	addi	a2,a4,-32
    99ba:	02000693          	li	a3,32
    99be:	00c7d633          	srl	a2,a5,a2
    99c2:	00d70a63          	beq	a4,a3,99d6 <__adddf3+0x5ba>
    99c6:	04000693          	li	a3,64
    99ca:	40e68733          	sub	a4,a3,a4
    99ce:	00e797b3          	sll	a5,a5,a4
    99d2:	00f86833          	or	a6,a6,a5
    99d6:	010036b3          	snez	a3,a6
    99da:	8ed1                	or	a3,a3,a2
    99dc:	b1a5                	j	9644 <__adddf3+0x228>
    99de:	060e                	slli	a2,a2,0x3
    99e0:	01d79713          	slli	a4,a5,0x1d
    99e4:	820d                	srli	a2,a2,0x3
    99e6:	8f51                	or	a4,a4,a2
    99e8:	838d                	srli	a5,a5,0x3
    99ea:	8936                	mv	s2,a3
    99ec:	bd21                	j	9804 <__adddf3+0x3e8>
    99ee:	060e                	slli	a2,a2,0x3
    99f0:	01d79713          	slli	a4,a5,0x1d
    99f4:	820d                	srli	a2,a2,0x3
    99f6:	8f51                	or	a4,a4,a2
    99f8:	838d                	srli	a5,a5,0x3
    99fa:	b529                	j	9804 <__adddf3+0x3e8>
    99fc:	fe070613          	addi	a2,a4,-32
    9a00:	02000513          	li	a0,32
    9a04:	00c9d633          	srl	a2,s3,a2
    9a08:	00a70963          	beq	a4,a0,9a1a <__adddf3+0x5fe>
    9a0c:	04000513          	li	a0,64
    9a10:	40e50733          	sub	a4,a0,a4
    9a14:	00e99733          	sll	a4,s3,a4
    9a18:	8dd9                	or	a1,a1,a4
    9a1a:	00b034b3          	snez	s1,a1
    9a1e:	8cd1                	or	s1,s1,a2
    9a20:	b6c1                	j	95e0 <__adddf3+0x1c4>
    9a22:	d771                	beqz	a4,99ee <__adddf3+0x5d2>
    9a24:	0107e833          	or	a6,a5,a6
    9a28:	de0810e3          	bnez	a6,9808 <__adddf3+0x3ec>
    9a2c:	050e                	slli	a0,a0,0x3
    9a2e:	01d99793          	slli	a5,s3,0x1d
    9a32:	810d                	srli	a0,a0,0x3
    9a34:	00f56733          	or	a4,a0,a5
    9a38:	0039d793          	srli	a5,s3,0x3
    9a3c:	b3e1                	j	9804 <__adddf3+0x3e8>
    9a3e:	40b805b3          	sub	a1,a6,a1
    9a42:	413787b3          	sub	a5,a5,s3
    9a46:	00b83833          	sltu	a6,a6,a1
    9a4a:	84ae                	mv	s1,a1
    9a4c:	410789b3          	sub	s3,a5,a6
    9a50:	8936                	mv	s2,a3
    9a52:	4405                	li	s0,1
    9a54:	b4bd                	j	94c2 <__adddf3+0xa6>
    9a56:	e40702e3          	beqz	a4,989a <__adddf3+0x47e>
    9a5a:	060e                	slli	a2,a2,0x3
    9a5c:	01d79713          	slli	a4,a5,0x1d
    9a60:	820d                	srli	a2,a2,0x3
    9a62:	8f51                	or	a4,a4,a2
    9a64:	838d                	srli	a5,a5,0x3
    9a66:	8936                	mv	s2,a3
    9a68:	b349                	j	97ea <__adddf3+0x3ce>
    9a6a:	00351793          	slli	a5,a0,0x3
    9a6e:	838d                	srli	a5,a5,0x3
    9a70:	01d99713          	slli	a4,s3,0x1d
    9a74:	8f5d                	or	a4,a4,a5
    9a76:	0039d793          	srli	a5,s3,0x3
    9a7a:	b369                	j	9804 <__adddf3+0x3e8>
    9a7c:	00351793          	slli	a5,a0,0x3
    9a80:	838d                	srli	a5,a5,0x3
    9a82:	01d99713          	slli	a4,s3,0x1d
    9a86:	8f5d                	or	a4,a4,a5
    9a88:	0039d793          	srli	a5,s3,0x3
    9a8c:	bbb9                	j	97ea <__adddf3+0x3ce>
    9a8e:	85c2                	mv	a1,a6
    9a90:	89be                	mv	s3,a5
    9a92:	b369                	j	981c <__adddf3+0x400>
    9a94:	df41                	beqz	a4,9a2c <__adddf3+0x610>
    9a96:	bb8d                	j	9808 <__adddf3+0x3ec>
    9a98:	060e                	slli	a2,a2,0x3
    9a9a:	01d79713          	slli	a4,a5,0x1d
    9a9e:	820d                	srli	a2,a2,0x3
    9aa0:	8f51                	or	a4,a4,a2
    9aa2:	838d                	srli	a5,a5,0x3
    9aa4:	b399                	j	97ea <__adddf3+0x3ce>
    9aa6:	050e                	slli	a0,a0,0x3
    9aa8:	01d99793          	slli	a5,s3,0x1d
    9aac:	810d                	srli	a0,a0,0x3
    9aae:	00f56733          	or	a4,a0,a5
    9ab2:	0039d793          	srli	a5,s3,0x3
    9ab6:	bb15                	j	97ea <__adddf3+0x3ce>
    9ab8:	fe070613          	addi	a2,a4,-32
    9abc:	02000693          	li	a3,32
    9ac0:	00c9d633          	srl	a2,s3,a2
    9ac4:	00d70963          	beq	a4,a3,9ad6 <__adddf3+0x6ba>
    9ac8:	04000693          	li	a3,64
    9acc:	40e68733          	sub	a4,a3,a4
    9ad0:	00e99733          	sll	a4,s3,a4
    9ad4:	8dd9                	or	a1,a1,a4
    9ad6:	00b036b3          	snez	a3,a1
    9ada:	8ed1                	or	a3,a3,a2
    9adc:	b951                	j	9770 <__adddf3+0x354>
    9ade:	00c4e733          	or	a4,s1,a2
    9ae2:	89b2                	mv	s3,a2
    9ae4:	d80718e3          	bnez	a4,9874 <__adddf3+0x458>
    9ae8:	bb4d                	j	989a <__adddf3+0x47e>
    9aea:	060e                	slli	a2,a2,0x3
    9aec:	01d79713          	slli	a4,a5,0x1d
    9af0:	820d                	srli	a2,a2,0x3
    9af2:	8f51                	or	a4,a4,a2
    9af4:	838d                	srli	a5,a5,0x3
    9af6:	8936                	mv	s2,a3
    9af8:	b331                	j	9804 <__adddf3+0x3e8>
    9afa:	02000693          	li	a3,32
    9afe:	8e99                	sub	a3,a3,a4
    9b00:	4601                	li	a2,0
    9b02:	b439                	j	9510 <__adddf3+0xf4>

00009b04 <__divdf3>:
    9b04:	7179                	addi	sp,sp,-48
    9b06:	0145d793          	srli	a5,a1,0x14
    9b0a:	d422                	sw	s0,40(sp)
    9b0c:	d226                	sw	s1,36(sp)
    9b0e:	d04a                	sw	s2,32(sp)
    9b10:	ca56                	sw	s5,20(sp)
    9b12:	c65e                	sw	s7,12(sp)
    9b14:	00c59493          	slli	s1,a1,0xc
    9b18:	d606                	sw	ra,44(sp)
    9b1a:	ce4e                	sw	s3,28(sp)
    9b1c:	cc52                	sw	s4,24(sp)
    9b1e:	c85a                	sw	s6,16(sp)
    9b20:	c462                	sw	s8,8(sp)
    9b22:	7ff7f793          	andi	a5,a5,2047
    9b26:	842a                	mv	s0,a0
    9b28:	8bb2                	mv	s7,a2
    9b2a:	8936                	mv	s2,a3
    9b2c:	80b1                	srli	s1,s1,0xc
    9b2e:	01f5da93          	srli	s5,a1,0x1f
    9b32:	10078c63          	beqz	a5,9c4a <__divdf3+0x146>
    9b36:	7ff00713          	li	a4,2047
    9b3a:	14e78763          	beq	a5,a4,9c88 <__divdf3+0x184>
    9b3e:	048e                	slli	s1,s1,0x3
    9b40:	01d55b13          	srli	s6,a0,0x1d
    9b44:	009b6b33          	or	s6,s6,s1
    9b48:	00800737          	lui	a4,0x800
    9b4c:	00eb6b33          	or	s6,s6,a4
    9b50:	00351a13          	slli	s4,a0,0x3
    9b54:	c0178993          	addi	s3,a5,-1023 # 7ffc01 <ch32v20x_wwdg.c.f78e58f2+0x7e2906>
    9b58:	4481                	li	s1,0
    9b5a:	4c01                	li	s8,0
    9b5c:	01495793          	srli	a5,s2,0x14
    9b60:	00c91413          	slli	s0,s2,0xc
    9b64:	7ff7f793          	andi	a5,a5,2047
    9b68:	8031                	srli	s0,s0,0xc
    9b6a:	01f95913          	srli	s2,s2,0x1f
    9b6e:	c3d5                	beqz	a5,9c12 <__divdf3+0x10e>
    9b70:	7ff00713          	li	a4,2047
    9b74:	08e78463          	beq	a5,a4,9bfc <__divdf3+0xf8>
    9b78:	040e                	slli	s0,s0,0x3
    9b7a:	01dbd713          	srli	a4,s7,0x1d
    9b7e:	8f41                	or	a4,a4,s0
    9b80:	c0178793          	addi	a5,a5,-1023
    9b84:	00800437          	lui	s0,0x800
    9b88:	8c59                	or	s0,s0,a4
    9b8a:	003b9893          	slli	a7,s7,0x3
    9b8e:	40f989b3          	sub	s3,s3,a5
    9b92:	4601                	li	a2,0
    9b94:	473d                	li	a4,15
    9b96:	012ac6b3          	xor	a3,s5,s2
    9b9a:	18976863          	bltu	a4,s1,9d2a <__divdf3+0x226>
    9b9e:	00002717          	auipc	a4,0x2
    9ba2:	28e70713          	addi	a4,a4,654 # be2c <g_crc16_tbl+0x200>
    9ba6:	048a                	slli	s1,s1,0x2
    9ba8:	94ba                	add	s1,s1,a4
    9baa:	409c                	lw	a5,0(s1)
    9bac:	97ba                	add	a5,a5,a4
    9bae:	8782                	jr	a5
    9bb0:	8f1d                	sub	a4,a4,a5
    9bb2:	03800613          	li	a2,56
    9bb6:	40e65c63          	bge	a2,a4,9fce <__divdf3+0x4ca>
    9bba:	4781                	li	a5,0
    9bbc:	4601                	li	a2,0
    9bbe:	4701                	li	a4,0
    9bc0:	50b2                	lw	ra,44(sp)
    9bc2:	5422                	lw	s0,40(sp)
    9bc4:	07d2                	slli	a5,a5,0x14
    9bc6:	8fd1                	or	a5,a5,a2
    9bc8:	06fe                	slli	a3,a3,0x1f
    9bca:	8fd5                	or	a5,a5,a3
    9bcc:	5492                	lw	s1,36(sp)
    9bce:	5902                	lw	s2,32(sp)
    9bd0:	49f2                	lw	s3,28(sp)
    9bd2:	4a62                	lw	s4,24(sp)
    9bd4:	4ad2                	lw	s5,20(sp)
    9bd6:	4b42                	lw	s6,16(sp)
    9bd8:	4bb2                	lw	s7,12(sp)
    9bda:	4c22                	lw	s8,8(sp)
    9bdc:	853a                	mv	a0,a4
    9bde:	85be                	mv	a1,a5
    9be0:	6145                	addi	sp,sp,48
    9be2:	8082                	ret
    9be4:	7ff00793          	li	a5,2047
    9be8:	4601                	li	a2,0
    9bea:	4701                	li	a4,0
    9bec:	bfd1                	j	9bc0 <__divdf3+0xbc>
    9bee:	4681                	li	a3,0
    9bf0:	7ff00793          	li	a5,2047
    9bf4:	00080637          	lui	a2,0x80
    9bf8:	4701                	li	a4,0
    9bfa:	b7d9                	j	9bc0 <__divdf3+0xbc>
    9bfc:	017468b3          	or	a7,s0,s7
    9c00:	80198993          	addi	s3,s3,-2047
    9c04:	10089963          	bnez	a7,9d16 <__divdf3+0x212>
    9c08:	0024e493          	ori	s1,s1,2
    9c0c:	4401                	li	s0,0
    9c0e:	4609                	li	a2,2
    9c10:	b751                	j	9b94 <__divdf3+0x90>
    9c12:	017468b3          	or	a7,s0,s7
    9c16:	0e088b63          	beqz	a7,9d0c <__divdf3+0x208>
    9c1a:	36040663          	beqz	s0,9f86 <__divdf3+0x482>
    9c1e:	8522                	mv	a0,s0
    9c20:	053010ef          	jal	ra,b472 <__clzsi2>
    9c24:	87aa                	mv	a5,a0
    9c26:	ff550693          	addi	a3,a0,-11
    9c2a:	4775                	li	a4,29
    9c2c:	ff878893          	addi	a7,a5,-8
    9c30:	8f15                	sub	a4,a4,a3
    9c32:	01141433          	sll	s0,s0,a7
    9c36:	00ebd733          	srl	a4,s7,a4
    9c3a:	8c59                	or	s0,s0,a4
    9c3c:	011b98b3          	sll	a7,s7,a7
    9c40:	97ce                	add	a5,a5,s3
    9c42:	3f378993          	addi	s3,a5,1011
    9c46:	4601                	li	a2,0
    9c48:	b7b1                	j	9b94 <__divdf3+0x90>
    9c4a:	00a4eb33          	or	s6,s1,a0
    9c4e:	0c0b0963          	beqz	s6,9d20 <__divdf3+0x21c>
    9c52:	30048b63          	beqz	s1,9f68 <__divdf3+0x464>
    9c56:	8526                	mv	a0,s1
    9c58:	01b010ef          	jal	ra,b472 <__clzsi2>
    9c5c:	872a                	mv	a4,a0
    9c5e:	ff550693          	addi	a3,a0,-11
    9c62:	47f5                	li	a5,29
    9c64:	ff870a13          	addi	s4,a4,-8
    9c68:	8f95                	sub	a5,a5,a3
    9c6a:	014494b3          	sll	s1,s1,s4
    9c6e:	00f457b3          	srl	a5,s0,a5
    9c72:	0097eb33          	or	s6,a5,s1
    9c76:	01441a33          	sll	s4,s0,s4
    9c7a:	c0d00793          	li	a5,-1011
    9c7e:	40e789b3          	sub	s3,a5,a4
    9c82:	4481                	li	s1,0
    9c84:	4c01                	li	s8,0
    9c86:	bdd9                	j	9b5c <__divdf3+0x58>
    9c88:	00a4eb33          	or	s6,s1,a0
    9c8c:	060b1963          	bnez	s6,9cfe <__divdf3+0x1fa>
    9c90:	4a01                	li	s4,0
    9c92:	44a1                	li	s1,8
    9c94:	7ff00993          	li	s3,2047
    9c98:	4c09                	li	s8,2
    9c9a:	b5c9                	j	9b5c <__divdf3+0x58>
    9c9c:	8c32                	mv	s8,a2
    9c9e:	4789                	li	a5,2
    9ca0:	3efc0263          	beq	s8,a5,a084 <__divdf3+0x580>
    9ca4:	478d                	li	a5,3
    9ca6:	f4fc04e3          	beq	s8,a5,9bee <__divdf3+0xea>
    9caa:	4785                	li	a5,1
    9cac:	86ca                	mv	a3,s2
    9cae:	f0fc06e3          	beq	s8,a5,9bba <__divdf3+0xb6>
    9cb2:	3ff98793          	addi	a5,s3,1023
    9cb6:	22f05063          	blez	a5,9ed6 <__divdf3+0x3d2>
    9cba:	0078f713          	andi	a4,a7,7
    9cbe:	3a071963          	bnez	a4,a070 <__divdf3+0x56c>
    9cc2:	01000737          	lui	a4,0x1000
    9cc6:	8f61                	and	a4,a4,s0
    9cc8:	c719                	beqz	a4,9cd6 <__divdf3+0x1d2>
    9cca:	ff0007b7          	lui	a5,0xff000
    9cce:	17fd                	addi	a5,a5,-1 # feffffff <__freertos_irq_stack_top+0xdeffafff>
    9cd0:	8c7d                	and	s0,s0,a5
    9cd2:	40098793          	addi	a5,s3,1024
    9cd6:	7fe00713          	li	a4,2046
    9cda:	f0f745e3          	blt	a4,a5,9be4 <__divdf3+0xe0>
    9cde:	0038d893          	srli	a7,a7,0x3
    9ce2:	01d41713          	slli	a4,s0,0x1d
    9ce6:	00941613          	slli	a2,s0,0x9
    9cea:	01176733          	or	a4,a4,a7
    9cee:	8231                	srli	a2,a2,0xc
    9cf0:	7ff7f793          	andi	a5,a5,2047
    9cf4:	b5f1                	j	9bc0 <__divdf3+0xbc>
    9cf6:	8956                	mv	s2,s5
    9cf8:	845a                	mv	s0,s6
    9cfa:	88d2                	mv	a7,s4
    9cfc:	b74d                	j	9c9e <__divdf3+0x19a>
    9cfe:	8b26                	mv	s6,s1
    9d00:	8a2a                	mv	s4,a0
    9d02:	44b1                	li	s1,12
    9d04:	7ff00993          	li	s3,2047
    9d08:	4c0d                	li	s8,3
    9d0a:	bd89                	j	9b5c <__divdf3+0x58>
    9d0c:	0014e493          	ori	s1,s1,1
    9d10:	4401                	li	s0,0
    9d12:	4605                	li	a2,1
    9d14:	b541                	j	9b94 <__divdf3+0x90>
    9d16:	0034e493          	ori	s1,s1,3
    9d1a:	88de                	mv	a7,s7
    9d1c:	460d                	li	a2,3
    9d1e:	bd9d                	j	9b94 <__divdf3+0x90>
    9d20:	4a01                	li	s4,0
    9d22:	4491                	li	s1,4
    9d24:	4981                	li	s3,0
    9d26:	4c05                	li	s8,1
    9d28:	bd15                	j	9b5c <__divdf3+0x58>
    9d2a:	23646563          	bltu	s0,s6,9f54 <__divdf3+0x450>
    9d2e:	228b0163          	beq	s6,s0,9f50 <__divdf3+0x44c>
    9d32:	8352                	mv	t1,s4
    9d34:	19fd                	addi	s3,s3,-1
    9d36:	87da                	mv	a5,s6
    9d38:	4a01                	li	s4,0
    9d3a:	00841713          	slli	a4,s0,0x8
    9d3e:	01075513          	srli	a0,a4,0x10
    9d42:	02a7d433          	divu	s0,a5,a0
    9d46:	0188d613          	srli	a2,a7,0x18
    9d4a:	8e59                	or	a2,a2,a4
    9d4c:	01061813          	slli	a6,a2,0x10
    9d50:	01085813          	srli	a6,a6,0x10
    9d54:	00889593          	slli	a1,a7,0x8
    9d58:	01035713          	srli	a4,t1,0x10
    9d5c:	02a7f7b3          	remu	a5,a5,a0
    9d60:	028808b3          	mul	a7,a6,s0
    9d64:	07c2                	slli	a5,a5,0x10
    9d66:	8fd9                	or	a5,a5,a4
    9d68:	0117f863          	bgeu	a5,a7,9d78 <__divdf3+0x274>
    9d6c:	97b2                	add	a5,a5,a2
    9d6e:	fff40713          	addi	a4,s0,-1 # 7fffff <ch32v20x_wwdg.c.f78e58f2+0x7e2d04>
    9d72:	24c7f963          	bgeu	a5,a2,9fc4 <__divdf3+0x4c0>
    9d76:	843a                	mv	s0,a4
    9d78:	411787b3          	sub	a5,a5,a7
    9d7c:	02a7d8b3          	divu	a7,a5,a0
    9d80:	01031713          	slli	a4,t1,0x10
    9d84:	8341                	srli	a4,a4,0x10
    9d86:	02a7f7b3          	remu	a5,a5,a0
    9d8a:	03180fb3          	mul	t6,a6,a7
    9d8e:	07c2                	slli	a5,a5,0x10
    9d90:	8f5d                	or	a4,a4,a5
    9d92:	01f77863          	bgeu	a4,t6,9da2 <__divdf3+0x29e>
    9d96:	9732                	add	a4,a4,a2
    9d98:	fff88793          	addi	a5,a7,-1
    9d9c:	20c77f63          	bgeu	a4,a2,9fba <__divdf3+0x4b6>
    9da0:	88be                	mv	a7,a5
    9da2:	0442                	slli	s0,s0,0x10
    9da4:	62c1                	lui	t0,0x10
    9da6:	01146433          	or	s0,s0,a7
    9daa:	fff28313          	addi	t1,t0,-1 # ffff <MC_PULL_calibration.cpp.a99f3330+0x113f>
    9dae:	006478b3          	and	a7,s0,t1
    9db2:	01045e93          	srli	t4,s0,0x10
    9db6:	0105de13          	srli	t3,a1,0x10
    9dba:	0065f333          	and	t1,a1,t1
    9dbe:	03130f33          	mul	t5,t1,a7
    9dc2:	41f70733          	sub	a4,a4,t6
    9dc6:	031e08b3          	mul	a7,t3,a7
    9dca:	010f5793          	srli	a5,t5,0x10
    9dce:	026e8fb3          	mul	t6,t4,t1
    9dd2:	98fe                	add	a7,a7,t6
    9dd4:	97c6                	add	a5,a5,a7
    9dd6:	03ce8eb3          	mul	t4,t4,t3
    9dda:	01f7f363          	bgeu	a5,t6,9de0 <__divdf3+0x2dc>
    9dde:	9e96                	add	t4,t4,t0
    9de0:	6fc1                	lui	t6,0x10
    9de2:	1ffd                	addi	t6,t6,-1 # ffff <MC_PULL_calibration.cpp.a99f3330+0x113f>
    9de4:	0107d893          	srli	a7,a5,0x10
    9de8:	01f7f7b3          	and	a5,a5,t6
    9dec:	07c2                	slli	a5,a5,0x10
    9dee:	01ff7f33          	and	t5,t5,t6
    9df2:	98f6                	add	a7,a7,t4
    9df4:	97fa                	add	a5,a5,t5
    9df6:	13176b63          	bltu	a4,a7,9f2c <__divdf3+0x428>
    9dfa:	13170763          	beq	a4,a7,9f28 <__divdf3+0x424>
    9dfe:	40fa07b3          	sub	a5,s4,a5
    9e02:	41170733          	sub	a4,a4,a7
    9e06:	00fa3a33          	sltu	s4,s4,a5
    9e0a:	41470733          	sub	a4,a4,s4
    9e0e:	24e60363          	beq	a2,a4,a054 <__divdf3+0x550>
    9e12:	02a758b3          	divu	a7,a4,a0
    9e16:	0107de93          	srli	t4,a5,0x10
    9e1a:	02a77733          	remu	a4,a4,a0
    9e1e:	03180f33          	mul	t5,a6,a7
    9e22:	0742                	slli	a4,a4,0x10
    9e24:	00eee733          	or	a4,t4,a4
    9e28:	01e77b63          	bgeu	a4,t5,9e3e <__divdf3+0x33a>
    9e2c:	9732                	add	a4,a4,a2
    9e2e:	fff88e93          	addi	t4,a7,-1
    9e32:	24c76763          	bltu	a4,a2,a080 <__divdf3+0x57c>
    9e36:	25e77563          	bgeu	a4,t5,a080 <__divdf3+0x57c>
    9e3a:	18f9                	addi	a7,a7,-2
    9e3c:	9732                	add	a4,a4,a2
    9e3e:	41e70733          	sub	a4,a4,t5
    9e42:	02a75eb3          	divu	t4,a4,a0
    9e46:	07c2                	slli	a5,a5,0x10
    9e48:	83c1                	srli	a5,a5,0x10
    9e4a:	02a77733          	remu	a4,a4,a0
    9e4e:	03d80833          	mul	a6,a6,t4
    9e52:	0742                	slli	a4,a4,0x10
    9e54:	8fd9                	or	a5,a5,a4
    9e56:	0107fb63          	bgeu	a5,a6,9e6c <__divdf3+0x368>
    9e5a:	97b2                	add	a5,a5,a2
    9e5c:	fffe8713          	addi	a4,t4,-1
    9e60:	20c7ee63          	bltu	a5,a2,a07c <__divdf3+0x578>
    9e64:	2107fc63          	bgeu	a5,a6,a07c <__divdf3+0x578>
    9e68:	1ef9                	addi	t4,t4,-2
    9e6a:	97b2                	add	a5,a5,a2
    9e6c:	08c2                	slli	a7,a7,0x10
    9e6e:	01d8e8b3          	or	a7,a7,t4
    9e72:	01089513          	slli	a0,a7,0x10
    9e76:	0108df13          	srli	t5,a7,0x10
    9e7a:	8141                	srli	a0,a0,0x10
    9e7c:	02650eb3          	mul	t4,a0,t1
    9e80:	410787b3          	sub	a5,a5,a6
    9e84:	02ae0533          	mul	a0,t3,a0
    9e88:	010ed713          	srli	a4,t4,0x10
    9e8c:	026f0333          	mul	t1,t5,t1
    9e90:	951a                	add	a0,a0,t1
    9e92:	972a                	add	a4,a4,a0
    9e94:	03ee0e33          	mul	t3,t3,t5
    9e98:	00677463          	bgeu	a4,t1,9ea0 <__divdf3+0x39c>
    9e9c:	6541                	lui	a0,0x10
    9e9e:	9e2a                	add	t3,t3,a0
    9ea0:	6841                	lui	a6,0x10
    9ea2:	187d                	addi	a6,a6,-1 # ffff <MC_PULL_calibration.cpp.a99f3330+0x113f>
    9ea4:	01075513          	srli	a0,a4,0x10
    9ea8:	01077733          	and	a4,a4,a6
    9eac:	0742                	slli	a4,a4,0x10
    9eae:	010efeb3          	and	t4,t4,a6
    9eb2:	9572                	add	a0,a0,t3
    9eb4:	9776                	add	a4,a4,t4
    9eb6:	0ea7f763          	bgeu	a5,a0,9fa4 <__divdf3+0x4a0>
    9eba:	97b2                	add	a5,a5,a2
    9ebc:	fff88313          	addi	t1,a7,-1
    9ec0:	883e                	mv	a6,a5
    9ec2:	16c7e763          	bltu	a5,a2,a030 <__divdf3+0x52c>
    9ec6:	1ca7e563          	bltu	a5,a0,a090 <__divdf3+0x58c>
    9eca:	1ca78e63          	beq	a5,a0,a0a6 <__divdf3+0x5a2>
    9ece:	889a                	mv	a7,t1
    9ed0:	0018e893          	ori	a7,a7,1
    9ed4:	bbf9                	j	9cb2 <__divdf3+0x1ae>
    9ed6:	4705                	li	a4,1
    9ed8:	cc079ce3          	bnez	a5,9bb0 <__divdf3+0xac>
    9edc:	41e98793          	addi	a5,s3,1054
    9ee0:	00f89633          	sll	a2,a7,a5
    9ee4:	00c03633          	snez	a2,a2
    9ee8:	00f417b3          	sll	a5,s0,a5
    9eec:	8fd1                	or	a5,a5,a2
    9eee:	00e8d8b3          	srl	a7,a7,a4
    9ef2:	00f8e8b3          	or	a7,a7,a5
    9ef6:	0078f793          	andi	a5,a7,7
    9efa:	00e45433          	srl	s0,s0,a4
    9efe:	cf81                	beqz	a5,9f16 <__divdf3+0x412>
    9f00:	00f8f793          	andi	a5,a7,15
    9f04:	4711                	li	a4,4
    9f06:	00e78863          	beq	a5,a4,9f16 <__divdf3+0x412>
    9f0a:	00488793          	addi	a5,a7,4
    9f0e:	0117b8b3          	sltu	a7,a5,a7
    9f12:	9446                	add	s0,s0,a7
    9f14:	88be                	mv	a7,a5
    9f16:	008005b7          	lui	a1,0x800
    9f1a:	8de1                	and	a1,a1,s0
    9f1c:	4785                	li	a5,1
    9f1e:	4601                	li	a2,0
    9f20:	4701                	li	a4,0
    9f22:	c8059fe3          	bnez	a1,9bc0 <__divdf3+0xbc>
    9f26:	a8d5                	j	a01a <__divdf3+0x516>
    9f28:	ecfa7be3          	bgeu	s4,a5,9dfe <__divdf3+0x2fa>
    9f2c:	00ba0eb3          	add	t4,s4,a1
    9f30:	014ebf33          	sltu	t5,t4,s4
    9f34:	00cf0fb3          	add	t6,t5,a2
    9f38:	977e                	add	a4,a4,t6
    9f3a:	8a76                	mv	s4,t4
    9f3c:	fff40f93          	addi	t6,s0,-1
    9f40:	06e67763          	bgeu	a2,a4,9fae <__divdf3+0x4aa>
    9f44:	11176063          	bltu	a4,a7,a044 <__divdf3+0x540>
    9f48:	0ee88c63          	beq	a7,a4,a040 <__divdf3+0x53c>
    9f4c:	847e                	mv	s0,t6
    9f4e:	bd45                	j	9dfe <__divdf3+0x2fa>
    9f50:	df1a61e3          	bltu	s4,a7,9d32 <__divdf3+0x22e>
    9f54:	001a5713          	srli	a4,s4,0x1
    9f58:	01fb1313          	slli	t1,s6,0x1f
    9f5c:	001b5793          	srli	a5,s6,0x1
    9f60:	00e36333          	or	t1,t1,a4
    9f64:	0a7e                	slli	s4,s4,0x1f
    9f66:	bbd1                	j	9d3a <__divdf3+0x236>
    9f68:	50a010ef          	jal	ra,b472 <__clzsi2>
    9f6c:	01550693          	addi	a3,a0,21 # 10015 <MC_PULL_calibration.cpp.a99f3330+0x1155>
    9f70:	47f1                	li	a5,28
    9f72:	02050713          	addi	a4,a0,32
    9f76:	ced7d6e3          	bge	a5,a3,9c62 <__divdf3+0x15e>
    9f7a:	ff850793          	addi	a5,a0,-8
    9f7e:	00f41b33          	sll	s6,s0,a5
    9f82:	4a01                	li	s4,0
    9f84:	b9dd                	j	9c7a <__divdf3+0x176>
    9f86:	855e                	mv	a0,s7
    9f88:	4ea010ef          	jal	ra,b472 <__clzsi2>
    9f8c:	01550693          	addi	a3,a0,21
    9f90:	4771                	li	a4,28
    9f92:	02050793          	addi	a5,a0,32
    9f96:	c8d75ae3          	bge	a4,a3,9c2a <__divdf3+0x126>
    9f9a:	1561                	addi	a0,a0,-8
    9f9c:	4881                	li	a7,0
    9f9e:	00ab9433          	sll	s0,s7,a0
    9fa2:	b979                	j	9c40 <__divdf3+0x13c>
    9fa4:	f2a796e3          	bne	a5,a0,9ed0 <__divdf3+0x3cc>
    9fa8:	d00705e3          	beqz	a4,9cb2 <__divdf3+0x1ae>
    9fac:	b739                	j	9eba <__divdf3+0x3b6>
    9fae:	f8e61fe3          	bne	a2,a4,9f4c <__divdf3+0x448>
    9fb2:	f80f09e3          	beqz	t5,9f44 <__divdf3+0x440>
    9fb6:	847e                	mv	s0,t6
    9fb8:	b599                	j	9dfe <__divdf3+0x2fa>
    9fba:	dff773e3          	bgeu	a4,t6,9da0 <__divdf3+0x29c>
    9fbe:	18f9                	addi	a7,a7,-2
    9fc0:	9732                	add	a4,a4,a2
    9fc2:	b3c5                	j	9da2 <__divdf3+0x29e>
    9fc4:	db17f9e3          	bgeu	a5,a7,9d76 <__divdf3+0x272>
    9fc8:	1479                	addi	s0,s0,-2
    9fca:	97b2                	add	a5,a5,a2
    9fcc:	b375                	j	9d78 <__divdf3+0x274>
    9fce:	467d                	li	a2,31
    9fd0:	f0e656e3          	bge	a2,a4,9edc <__divdf3+0x3d8>
    9fd4:	5605                	li	a2,-31
    9fd6:	8e1d                	sub	a2,a2,a5
    9fd8:	02000793          	li	a5,32
    9fdc:	00c45633          	srl	a2,s0,a2
    9fe0:	00f70863          	beq	a4,a5,9ff0 <__divdf3+0x4ec>
    9fe4:	43e98793          	addi	a5,s3,1086
    9fe8:	00f417b3          	sll	a5,s0,a5
    9fec:	00f8e8b3          	or	a7,a7,a5
    9ff0:	011038b3          	snez	a7,a7
    9ff4:	00c8e8b3          	or	a7,a7,a2
    9ff8:	0078f713          	andi	a4,a7,7
    9ffc:	4601                	li	a2,0
    9ffe:	c31d                	beqz	a4,a024 <__divdf3+0x520>
    a000:	00f8f793          	andi	a5,a7,15
    a004:	4711                	li	a4,4
    a006:	4401                	li	s0,0
    a008:	00e78963          	beq	a5,a4,a01a <__divdf3+0x516>
    a00c:	00488793          	addi	a5,a7,4
    a010:	0117b8b3          	sltu	a7,a5,a7
    a014:	01103433          	snez	s0,a7
    a018:	88be                	mv	a7,a5
    a01a:	00941613          	slli	a2,s0,0x9
    a01e:	01d41713          	slli	a4,s0,0x1d
    a022:	8231                	srli	a2,a2,0xc
    a024:	0038d893          	srli	a7,a7,0x3
    a028:	00e8e733          	or	a4,a7,a4
    a02c:	4781                	li	a5,0
    a02e:	be49                	j	9bc0 <__divdf3+0xbc>
    a030:	889a                	mv	a7,t1
    a032:	e8a81fe3          	bne	a6,a0,9ed0 <__divdf3+0x3cc>
    a036:	c6b70ee3          	beq	a4,a1,9cb2 <__divdf3+0x1ae>
    a03a:	0018e893          	ori	a7,a7,1
    a03e:	b995                	j	9cb2 <__divdf3+0x1ae>
    a040:	f0fef6e3          	bgeu	t4,a5,9f4c <__divdf3+0x448>
    a044:	9eae                	add	t4,t4,a1
    a046:	00bebf33          	sltu	t5,t4,a1
    a04a:	9f32                	add	t5,t5,a2
    a04c:	1479                	addi	s0,s0,-2
    a04e:	8a76                	mv	s4,t4
    a050:	977a                	add	a4,a4,t5
    a052:	b375                	j	9dfe <__divdf3+0x2fa>
    a054:	c0200713          	li	a4,-1022
    a058:	3ff98793          	addi	a5,s3,1023
    a05c:	58fd                	li	a7,-1
    a05e:	e6e9cce3          	blt	s3,a4,9ed6 <__divdf3+0x3d2>
    a062:	00488713          	addi	a4,a7,4
    a066:	011738b3          	sltu	a7,a4,a7
    a06a:	9446                	add	s0,s0,a7
    a06c:	88ba                	mv	a7,a4
    a06e:	b991                	j	9cc2 <__divdf3+0x1be>
    a070:	00f8f713          	andi	a4,a7,15
    a074:	4611                	li	a2,4
    a076:	c4c706e3          	beq	a4,a2,9cc2 <__divdf3+0x1be>
    a07a:	b7e5                	j	a062 <__divdf3+0x55e>
    a07c:	8eba                	mv	t4,a4
    a07e:	b3fd                	j	9e6c <__divdf3+0x368>
    a080:	88f6                	mv	a7,t4
    a082:	bb75                	j	9e3e <__divdf3+0x33a>
    a084:	86ca                	mv	a3,s2
    a086:	7ff00793          	li	a5,2047
    a08a:	4601                	li	a2,0
    a08c:	4701                	li	a4,0
    a08e:	be0d                	j	9bc0 <__divdf3+0xbc>
    a090:	00159313          	slli	t1,a1,0x1
    a094:	00b33833          	sltu	a6,t1,a1
    a098:	9832                	add	a6,a6,a2
    a09a:	983e                	add	a6,a6,a5
    a09c:	18f9                	addi	a7,a7,-2
    a09e:	859a                	mv	a1,t1
    a0a0:	f8a80be3          	beq	a6,a0,a036 <__divdf3+0x532>
    a0a4:	b535                	j	9ed0 <__divdf3+0x3cc>
    a0a6:	fee5e5e3          	bltu	a1,a4,a090 <__divdf3+0x58c>
    a0aa:	889a                	mv	a7,t1
    a0ac:	f8b717e3          	bne	a4,a1,a03a <__divdf3+0x536>
    a0b0:	b109                	j	9cb2 <__divdf3+0x1ae>

0000a0b2 <__addsf3>:
    a0b2:	00800737          	lui	a4,0x800
    a0b6:	1141                	addi	sp,sp,-16
    a0b8:	177d                	addi	a4,a4,-1 # 7fffff <ch32v20x_wwdg.c.f78e58f2+0x7e2d04>
    a0ba:	01755693          	srli	a3,a0,0x17
    a0be:	0175d613          	srli	a2,a1,0x17
    a0c2:	00a777b3          	and	a5,a4,a0
    a0c6:	c226                	sw	s1,4(sp)
    a0c8:	8f6d                	and	a4,a4,a1
    a0ca:	c04a                	sw	s2,0(sp)
    a0cc:	0ff67613          	zext.b	a2,a2
    a0d0:	0ff6f913          	zext.b	s2,a3
    a0d4:	c606                	sw	ra,12(sp)
    a0d6:	c422                	sw	s0,8(sp)
    a0d8:	01f55493          	srli	s1,a0,0x1f
    a0dc:	81fd                	srli	a1,a1,0x1f
    a0de:	078e                	slli	a5,a5,0x3
    a0e0:	070e                	slli	a4,a4,0x3
    a0e2:	40c906b3          	sub	a3,s2,a2
    a0e6:	04b48163          	beq	s1,a1,a128 <__addsf3+0x76>
    a0ea:	00d05f63          	blez	a3,a108 <__addsf3+0x56>
    a0ee:	ee31                	bnez	a2,a14a <__addsf3+0x98>
    a0f0:	12070163          	beqz	a4,a212 <__addsf3+0x160>
    a0f4:	fff68613          	addi	a2,a3,-1
    a0f8:	2a060e63          	beqz	a2,a3b4 <__addsf3+0x302>
    a0fc:	0ff00593          	li	a1,255
    a100:	16b68b63          	beq	a3,a1,a276 <__addsf3+0x1c4>
    a104:	86b2                	mv	a3,a2
    a106:	a889                	j	a158 <__addsf3+0xa6>
    a108:	c2f1                	beqz	a3,a1cc <__addsf3+0x11a>
    a10a:	412606b3          	sub	a3,a2,s2
    a10e:	1c091c63          	bnez	s2,a2e6 <__addsf3+0x234>
    a112:	cff5                	beqz	a5,a20e <__addsf3+0x15c>
    a114:	fff68513          	addi	a0,a3,-1
    a118:	2c050963          	beqz	a0,a3ea <__addsf3+0x338>
    a11c:	0ff00813          	li	a6,255
    a120:	15068963          	beq	a3,a6,a272 <__addsf3+0x1c0>
    a124:	86aa                	mv	a3,a0
    a126:	a2f9                	j	a2f4 <__addsf3+0x242>
    a128:	8826                	mv	a6,s1
    a12a:	14d05863          	blez	a3,a27a <__addsf3+0x1c8>
    a12e:	c669                	beqz	a2,a1f8 <__addsf3+0x146>
    a130:	0ff00613          	li	a2,255
    a134:	14c90163          	beq	s2,a2,a276 <__addsf3+0x1c4>
    a138:	04000637          	lui	a2,0x4000
    a13c:	8f51                	or	a4,a4,a2
    a13e:	466d                	li	a2,27
    a140:	1ed65963          	bge	a2,a3,a332 <__addsf3+0x280>
    a144:	0785                	addi	a5,a5,1
    a146:	86ca                	mv	a3,s2
    a148:	a089                	j	a18a <__addsf3+0xd8>
    a14a:	0ff00613          	li	a2,255
    a14e:	12c90463          	beq	s2,a2,a276 <__addsf3+0x1c4>
    a152:	04000637          	lui	a2,0x4000
    a156:	8f51                	or	a4,a4,a2
    a158:	45ed                	li	a1,27
    a15a:	4605                	li	a2,1
    a15c:	00d5cd63          	blt	a1,a3,a176 <__addsf3+0xc4>
    a160:	02000613          	li	a2,32
    a164:	8e15                	sub	a2,a2,a3
    a166:	00c71633          	sll	a2,a4,a2
    a16a:	00d756b3          	srl	a3,a4,a3
    a16e:	00c03733          	snez	a4,a2
    a172:	00e6e633          	or	a2,a3,a4
    a176:	8f91                	sub	a5,a5,a2
    a178:	04000737          	lui	a4,0x4000
    a17c:	00e7f6b3          	and	a3,a5,a4
    a180:	eacd                	bnez	a3,a232 <__addsf3+0x180>
    a182:	0077f713          	andi	a4,a5,7
    a186:	86ca                	mv	a3,s2
    a188:	c749                	beqz	a4,a212 <__addsf3+0x160>
    a18a:	00f7f713          	andi	a4,a5,15
    a18e:	4611                	li	a2,4
    a190:	00c70363          	beq	a4,a2,a196 <__addsf3+0xe4>
    a194:	0791                	addi	a5,a5,4
    a196:	04000737          	lui	a4,0x4000
    a19a:	8f7d                	and	a4,a4,a5
    a19c:	cb3d                	beqz	a4,a212 <__addsf3+0x160>
    a19e:	00168513          	addi	a0,a3,1
    a1a2:	0ff00713          	li	a4,255
    a1a6:	8826                	mv	a6,s1
    a1a8:	08e50163          	beq	a0,a4,a22a <__addsf3+0x178>
    a1ac:	00679713          	slli	a4,a5,0x6
    a1b0:	0ff57513          	zext.b	a0,a0
    a1b4:	8325                	srli	a4,a4,0x9
    a1b6:	40b2                	lw	ra,12(sp)
    a1b8:	4422                	lw	s0,8(sp)
    a1ba:	055e                	slli	a0,a0,0x17
    a1bc:	8d59                	or	a0,a0,a4
    a1be:	01f81793          	slli	a5,a6,0x1f
    a1c2:	4492                	lw	s1,4(sp)
    a1c4:	4902                	lw	s2,0(sp)
    a1c6:	8d5d                	or	a0,a0,a5
    a1c8:	0141                	addi	sp,sp,16
    a1ca:	8082                	ret
    a1cc:	00190613          	addi	a2,s2,1
    a1d0:	0fe67613          	andi	a2,a2,254
    a1d4:	14061463          	bnez	a2,a31c <__addsf3+0x26a>
    a1d8:	08091a63          	bnez	s2,a26c <__addsf3+0x1ba>
    a1dc:	20078363          	beqz	a5,a3e2 <__addsf3+0x330>
    a1e0:	cb75                	beqz	a4,a2d4 <__addsf3+0x222>
    a1e2:	40e78533          	sub	a0,a5,a4
    a1e6:	04000637          	lui	a2,0x4000
    a1ea:	8e69                	and	a2,a2,a0
    a1ec:	22060363          	beqz	a2,a412 <__addsf3+0x360>
    a1f0:	40f707b3          	sub	a5,a4,a5
    a1f4:	84ae                	mv	s1,a1
    a1f6:	a0bd                	j	a264 <__addsf3+0x1b2>
    a1f8:	cf09                	beqz	a4,a212 <__addsf3+0x160>
    a1fa:	fff68613          	addi	a2,a3,-1
    a1fe:	1a060363          	beqz	a2,a3a4 <__addsf3+0x2f2>
    a202:	0ff00593          	li	a1,255
    a206:	06b68863          	beq	a3,a1,a276 <__addsf3+0x1c4>
    a20a:	86b2                	mv	a3,a2
    a20c:	bf0d                	j	a13e <__addsf3+0x8c>
    a20e:	84ae                	mv	s1,a1
    a210:	87ba                	mv	a5,a4
    a212:	0ff00713          	li	a4,255
    a216:	838d                	srli	a5,a5,0x3
    a218:	0ce69063          	bne	a3,a4,a2d8 <__addsf3+0x226>
    a21c:	cfc1                	beqz	a5,a2b4 <__addsf3+0x202>
    a21e:	4801                	li	a6,0
    a220:	0ff00513          	li	a0,255
    a224:	00400737          	lui	a4,0x400
    a228:	b779                	j	a1b6 <__addsf3+0x104>
    a22a:	0ff00513          	li	a0,255
    a22e:	4701                	li	a4,0
    a230:	b759                	j	a1b6 <__addsf3+0x104>
    a232:	177d                	addi	a4,a4,-1 # 3fffff <ch32v20x_wwdg.c.f78e58f2+0x3e2d04>
    a234:	00e7f433          	and	s0,a5,a4
    a238:	8522                	mv	a0,s0
    a23a:	238010ef          	jal	ra,b472 <__clzsi2>
    a23e:	156d                	addi	a0,a0,-5
    a240:	00a41433          	sll	s0,s0,a0
    a244:	07254163          	blt	a0,s2,a2a6 <__addsf3+0x1f4>
    a248:	412506b3          	sub	a3,a0,s2
    a24c:	0685                	addi	a3,a3,1
    a24e:	02000793          	li	a5,32
    a252:	8f95                	sub	a5,a5,a3
    a254:	00f417b3          	sll	a5,s0,a5
    a258:	00f037b3          	snez	a5,a5
    a25c:	00d45433          	srl	s0,s0,a3
    a260:	8fc1                	or	a5,a5,s0
    a262:	4681                	li	a3,0
    a264:	0077f713          	andi	a4,a5,7
    a268:	f30d                	bnez	a4,a18a <__addsf3+0xd8>
    a26a:	b735                	j	a196 <__addsf3+0xe4>
    a26c:	14079963          	bnez	a5,a3be <__addsf3+0x30c>
    a270:	d75d                	beqz	a4,a21e <__addsf3+0x16c>
    a272:	84ae                	mv	s1,a1
    a274:	87ba                	mv	a5,a4
    a276:	838d                	srli	a5,a5,0x3
    a278:	b755                	j	a21c <__addsf3+0x16a>
    a27a:	c2b1                	beqz	a3,a2be <__addsf3+0x20c>
    a27c:	412606b3          	sub	a3,a2,s2
    a280:	0e091963          	bnez	s2,a372 <__addsf3+0x2c0>
    a284:	d7d1                	beqz	a5,a210 <__addsf3+0x15e>
    a286:	fff68593          	addi	a1,a3,-1
    a28a:	10058d63          	beqz	a1,a3a4 <__addsf3+0x2f2>
    a28e:	0ff00513          	li	a0,255
    a292:	fea681e3          	beq	a3,a0,a274 <__addsf3+0x1c2>
    a296:	86ae                	mv	a3,a1
    a298:	45ed                	li	a1,27
    a29a:	12d5d663          	bge	a1,a3,a3c6 <__addsf3+0x314>
    a29e:	00170793          	addi	a5,a4,1
    a2a2:	86b2                	mv	a3,a2
    a2a4:	b5dd                	j	a18a <__addsf3+0xd8>
    a2a6:	fc0007b7          	lui	a5,0xfc000
    a2aa:	17fd                	addi	a5,a5,-1 # fbffffff <__freertos_irq_stack_top+0xdbffafff>
    a2ac:	40a906b3          	sub	a3,s2,a0
    a2b0:	8fe1                	and	a5,a5,s0
    a2b2:	bf4d                	j	a264 <__addsf3+0x1b2>
    a2b4:	8826                	mv	a6,s1
    a2b6:	0ff00513          	li	a0,255
    a2ba:	4701                	li	a4,0
    a2bc:	bded                	j	a1b6 <__addsf3+0x104>
    a2be:	00190693          	addi	a3,s2,1
    a2c2:	0fe6f613          	andi	a2,a3,254
    a2c6:	ee55                	bnez	a2,a382 <__addsf3+0x2d0>
    a2c8:	0e091963          	bnez	s2,a3ba <__addsf3+0x308>
    a2cc:	12078463          	beqz	a5,a3f4 <__addsf3+0x342>
    a2d0:	12071463          	bnez	a4,a3f8 <__addsf3+0x346>
    a2d4:	838d                	srli	a5,a5,0x3
    a2d6:	4681                	li	a3,0
    a2d8:	07a6                	slli	a5,a5,0x9
    a2da:	0097d713          	srli	a4,a5,0x9
    a2de:	0ff6f513          	zext.b	a0,a3
    a2e2:	8826                	mv	a6,s1
    a2e4:	bdc9                	j	a1b6 <__addsf3+0x104>
    a2e6:	0ff00513          	li	a0,255
    a2ea:	f8a604e3          	beq	a2,a0,a272 <__addsf3+0x1c0>
    a2ee:	04000537          	lui	a0,0x4000
    a2f2:	8fc9                	or	a5,a5,a0
    a2f4:	486d                	li	a6,27
    a2f6:	4505                	li	a0,1
    a2f8:	00d84d63          	blt	a6,a3,a312 <__addsf3+0x260>
    a2fc:	02000513          	li	a0,32
    a300:	8d15                	sub	a0,a0,a3
    a302:	00a79533          	sll	a0,a5,a0
    a306:	00d7d6b3          	srl	a3,a5,a3
    a30a:	00a037b3          	snez	a5,a0
    a30e:	00f6e533          	or	a0,a3,a5
    a312:	40a707b3          	sub	a5,a4,a0
    a316:	8932                	mv	s2,a2
    a318:	84ae                	mv	s1,a1
    a31a:	bdb9                	j	a178 <__addsf3+0xc6>
    a31c:	40e78433          	sub	s0,a5,a4
    a320:	040006b7          	lui	a3,0x4000
    a324:	8ee1                	and	a3,a3,s0
    a326:	eabd                	bnez	a3,a39c <__addsf3+0x2ea>
    a328:	f801                	bnez	s0,a238 <__addsf3+0x186>
    a32a:	4801                	li	a6,0
    a32c:	4501                	li	a0,0
    a32e:	4701                	li	a4,0
    a330:	b559                	j	a1b6 <__addsf3+0x104>
    a332:	02000613          	li	a2,32
    a336:	8e15                	sub	a2,a2,a3
    a338:	00c71633          	sll	a2,a4,a2
    a33c:	00d75733          	srl	a4,a4,a3
    a340:	00c036b3          	snez	a3,a2
    a344:	8f55                	or	a4,a4,a3
    a346:	97ba                	add	a5,a5,a4
    a348:	04000737          	lui	a4,0x4000
    a34c:	8f7d                	and	a4,a4,a5
    a34e:	e2070ae3          	beqz	a4,a182 <__addsf3+0xd0>
    a352:	00190693          	addi	a3,s2,1
    a356:	0ff00513          	li	a0,255
    a35a:	4701                	li	a4,0
    a35c:	e4a68de3          	beq	a3,a0,a1b6 <__addsf3+0x104>
    a360:	7e000637          	lui	a2,0x7e000
    a364:	0017d713          	srli	a4,a5,0x1
    a368:	167d                	addi	a2,a2,-1 # 7dffffff <__freertos_irq_stack_top+0x5dffafff>
    a36a:	8b85                	andi	a5,a5,1
    a36c:	8f71                	and	a4,a4,a2
    a36e:	8fd9                	or	a5,a5,a4
    a370:	bdd5                	j	a264 <__addsf3+0x1b2>
    a372:	0ff00593          	li	a1,255
    a376:	eeb60fe3          	beq	a2,a1,a274 <__addsf3+0x1c2>
    a37a:	040005b7          	lui	a1,0x4000
    a37e:	8fcd                	or	a5,a5,a1
    a380:	bf21                	j	a298 <__addsf3+0x1e6>
    a382:	0ff00613          	li	a2,255
    a386:	eac682e3          	beq	a3,a2,a22a <__addsf3+0x178>
    a38a:	973e                	add	a4,a4,a5
    a38c:	00175793          	srli	a5,a4,0x1
    a390:	0077f613          	andi	a2,a5,7
    a394:	de061be3          	bnez	a2,a18a <__addsf3+0xd8>
    a398:	838d                	srli	a5,a5,0x3
    a39a:	bf3d                	j	a2d8 <__addsf3+0x226>
    a39c:	40f70433          	sub	s0,a4,a5
    a3a0:	84ae                	mv	s1,a1
    a3a2:	bd59                	j	a238 <__addsf3+0x186>
    a3a4:	97ba                	add	a5,a5,a4
    a3a6:	04000737          	lui	a4,0x4000
    a3aa:	8f7d                	and	a4,a4,a5
    a3ac:	4689                	li	a3,2
    a3ae:	4905                	li	s2,1
    a3b0:	fb45                	bnez	a4,a360 <__addsf3+0x2ae>
    a3b2:	bbc1                	j	a182 <__addsf3+0xd0>
    a3b4:	8f99                	sub	a5,a5,a4
    a3b6:	4905                	li	s2,1
    a3b8:	b3c1                	j	a178 <__addsf3+0xc6>
    a3ba:	ea078de3          	beqz	a5,a274 <__addsf3+0x1c2>
    a3be:	e60710e3          	bnez	a4,a21e <__addsf3+0x16c>
    a3c2:	838d                	srli	a5,a5,0x3
    a3c4:	bda1                	j	a21c <__addsf3+0x16a>
    a3c6:	02000593          	li	a1,32
    a3ca:	8d95                	sub	a1,a1,a3
    a3cc:	00b795b3          	sll	a1,a5,a1
    a3d0:	00d7d6b3          	srl	a3,a5,a3
    a3d4:	00b037b3          	snez	a5,a1
    a3d8:	8edd                	or	a3,a3,a5
    a3da:	00e687b3          	add	a5,a3,a4
    a3de:	8932                	mv	s2,a2
    a3e0:	b7a5                	j	a348 <__addsf3+0x296>
    a3e2:	d721                	beqz	a4,a32a <__addsf3+0x278>
    a3e4:	84ae                	mv	s1,a1
    a3e6:	87ba                	mv	a5,a4
    a3e8:	b5f5                	j	a2d4 <__addsf3+0x222>
    a3ea:	40f707b3          	sub	a5,a4,a5
    a3ee:	84ae                	mv	s1,a1
    a3f0:	4905                	li	s2,1
    a3f2:	b359                	j	a178 <__addsf3+0xc6>
    a3f4:	87ba                	mv	a5,a4
    a3f6:	bdf9                	j	a2d4 <__addsf3+0x222>
    a3f8:	97ba                	add	a5,a5,a4
    a3fa:	04000637          	lui	a2,0x4000
    a3fe:	8e7d                	and	a2,a2,a5
    a400:	4681                	li	a3,0
    a402:	da59                	beqz	a2,a398 <__addsf3+0x2e6>
    a404:	fc000737          	lui	a4,0xfc000
    a408:	177d                	addi	a4,a4,-1 # fbffffff <__freertos_irq_stack_top+0xdbffafff>
    a40a:	8ff9                	and	a5,a5,a4
    a40c:	4685                	li	a3,1
    a40e:	838d                	srli	a5,a5,0x3
    a410:	b5e1                	j	a2d8 <__addsf3+0x226>
    a412:	87aa                	mv	a5,a0
    a414:	d919                	beqz	a0,a32a <__addsf3+0x278>
    a416:	838d                	srli	a5,a5,0x3
    a418:	b5c1                	j	a2d8 <__addsf3+0x226>

0000a41a <__divsf3>:
    a41a:	7179                	addi	sp,sp,-48
    a41c:	01755793          	srli	a5,a0,0x17
    a420:	d04a                	sw	s2,32(sp)
    a422:	ce4e                	sw	s3,28(sp)
    a424:	d606                	sw	ra,44(sp)
    a426:	00951993          	slli	s3,a0,0x9
    a42a:	d422                	sw	s0,40(sp)
    a42c:	d226                	sw	s1,36(sp)
    a42e:	cc52                	sw	s4,24(sp)
    a430:	ca56                	sw	s5,20(sp)
    a432:	c85a                	sw	s6,16(sp)
    a434:	0ff7f793          	zext.b	a5,a5
    a438:	0099d993          	srli	s3,s3,0x9
    a43c:	01f55913          	srli	s2,a0,0x1f
    a440:	cff1                	beqz	a5,a51c <__divsf3+0x102>
    a442:	0ff00713          	li	a4,255
    a446:	0ee78163          	beq	a5,a4,a528 <__divsf3+0x10e>
    a44a:	098e                	slli	s3,s3,0x3
    a44c:	04000737          	lui	a4,0x4000
    a450:	00e9e9b3          	or	s3,s3,a4
    a454:	f8178a93          	addi	s5,a5,-127
    a458:	4401                	li	s0,0
    a45a:	4b01                	li	s6,0
    a45c:	0175d793          	srli	a5,a1,0x17
    a460:	00959a13          	slli	s4,a1,0x9
    a464:	0ff7f793          	zext.b	a5,a5
    a468:	009a5a13          	srli	s4,s4,0x9
    a46c:	01f5d493          	srli	s1,a1,0x1f
    a470:	c7c1                	beqz	a5,a4f8 <__divsf3+0xde>
    a472:	0ff00713          	li	a4,255
    a476:	0ce78063          	beq	a5,a4,a536 <__divsf3+0x11c>
    a47a:	0a0e                	slli	s4,s4,0x3
    a47c:	04000737          	lui	a4,0x4000
    a480:	00ea6a33          	or	s4,s4,a4
    a484:	f8178793          	addi	a5,a5,-127
    a488:	4601                	li	a2,0
    a48a:	46bd                	li	a3,15
    a48c:	00994733          	xor	a4,s2,s1
    a490:	40fa8ab3          	sub	s5,s5,a5
    a494:	1a86eb63          	bltu	a3,s0,a64a <__divsf3+0x230>
    a498:	00002697          	auipc	a3,0x2
    a49c:	9d468693          	addi	a3,a3,-1580 # be6c <g_crc16_tbl+0x240>
    a4a0:	040a                	slli	s0,s0,0x2
    a4a2:	9436                	add	s0,s0,a3
    a4a4:	401c                	lw	a5,0(s0)
    a4a6:	97b6                	add	a5,a5,a3
    a4a8:	8782                	jr	a5
    a4aa:	0ff00793          	li	a5,255
    a4ae:	4681                	li	a3,0
    a4b0:	50b2                	lw	ra,44(sp)
    a4b2:	5422                	lw	s0,40(sp)
    a4b4:	01779513          	slli	a0,a5,0x17
    a4b8:	8d55                	or	a0,a0,a3
    a4ba:	077e                	slli	a4,a4,0x1f
    a4bc:	5492                	lw	s1,36(sp)
    a4be:	5902                	lw	s2,32(sp)
    a4c0:	49f2                	lw	s3,28(sp)
    a4c2:	4a62                	lw	s4,24(sp)
    a4c4:	4ad2                	lw	s5,20(sp)
    a4c6:	4b42                	lw	s6,16(sp)
    a4c8:	8d59                	or	a0,a0,a4
    a4ca:	6145                	addi	sp,sp,48
    a4cc:	8082                	ret
    a4ce:	478d                	li	a5,3
    a4d0:	00fb0e63          	beq	s6,a5,a4ec <__divsf3+0xd2>
    a4d4:	4785                	li	a5,1
    a4d6:	0efb1563          	bne	s6,a5,a5c0 <__divsf3+0x1a6>
    a4da:	872a                	mv	a4,a0
    a4dc:	4781                	li	a5,0
    a4de:	4681                	li	a3,0
    a4e0:	bfc1                	j	a4b0 <__divsf3+0x96>
    a4e2:	478d                	li	a5,3
    a4e4:	8526                	mv	a0,s1
    a4e6:	89d2                	mv	s3,s4
    a4e8:	0cf61c63          	bne	a2,a5,a5c0 <__divsf3+0x1a6>
    a4ec:	4701                	li	a4,0
    a4ee:	0ff00793          	li	a5,255
    a4f2:	004006b7          	lui	a3,0x400
    a4f6:	bf6d                	j	a4b0 <__divsf3+0x96>
    a4f8:	080a1d63          	bnez	s4,a592 <__divsf3+0x178>
    a4fc:	00146413          	ori	s0,s0,1
    a500:	47b5                	li	a5,13
    a502:	00994733          	xor	a4,s2,s1
    a506:	fa87e2e3          	bltu	a5,s0,a4aa <__divsf3+0x90>
    a50a:	00002697          	auipc	a3,0x2
    a50e:	9a268693          	addi	a3,a3,-1630 # beac <g_crc16_tbl+0x280>
    a512:	040a                	slli	s0,s0,0x2
    a514:	9436                	add	s0,s0,a3
    a516:	401c                	lw	a5,0(s0)
    a518:	97b6                	add	a5,a5,a3
    a51a:	8782                	jr	a5
    a51c:	04099b63          	bnez	s3,a572 <__divsf3+0x158>
    a520:	4411                	li	s0,4
    a522:	4a81                	li	s5,0
    a524:	4b05                	li	s6,1
    a526:	bf1d                	j	a45c <__divsf3+0x42>
    a528:	04099063          	bnez	s3,a568 <__divsf3+0x14e>
    a52c:	4421                	li	s0,8
    a52e:	0ff00a93          	li	s5,255
    a532:	4b09                	li	s6,2
    a534:	b725                	j	a45c <__divsf3+0x42>
    a536:	020a1363          	bnez	s4,a55c <__divsf3+0x142>
    a53a:	00246413          	ori	s0,s0,2
    a53e:	1475                	addi	s0,s0,-3
    a540:	46ad                	li	a3,11
    a542:	00994733          	xor	a4,s2,s1
    a546:	f886ebe3          	bltu	a3,s0,a4dc <__divsf3+0xc2>
    a54a:	00002617          	auipc	a2,0x2
    a54e:	99a60613          	addi	a2,a2,-1638 # bee4 <g_crc16_tbl+0x2b8>
    a552:	040a                	slli	s0,s0,0x2
    a554:	9432                	add	s0,s0,a2
    a556:	4014                	lw	a3,0(s0)
    a558:	96b2                	add	a3,a3,a2
    a55a:	8682                	jr	a3
    a55c:	00346413          	ori	s0,s0,3
    a560:	0ff00793          	li	a5,255
    a564:	460d                	li	a2,3
    a566:	b715                	j	a48a <__divsf3+0x70>
    a568:	4431                	li	s0,12
    a56a:	0ff00a93          	li	s5,255
    a56e:	4b0d                	li	s6,3
    a570:	b5f5                	j	a45c <__divsf3+0x42>
    a572:	854e                	mv	a0,s3
    a574:	c62e                	sw	a1,12(sp)
    a576:	6fd000ef          	jal	ra,b472 <__clzsi2>
    a57a:	ffb50793          	addi	a5,a0,-5 # 3fffffb <ch32v20x_wwdg.c.f78e58f2+0x3fe2d00>
    a57e:	00f999b3          	sll	s3,s3,a5
    a582:	f8a00793          	li	a5,-118
    a586:	45b2                	lw	a1,12(sp)
    a588:	40a78ab3          	sub	s5,a5,a0
    a58c:	4401                	li	s0,0
    a58e:	4b01                	li	s6,0
    a590:	b5f1                	j	a45c <__divsf3+0x42>
    a592:	8552                	mv	a0,s4
    a594:	6df000ef          	jal	ra,b472 <__clzsi2>
    a598:	ffb50793          	addi	a5,a0,-5
    a59c:	00fa1a33          	sll	s4,s4,a5
    a5a0:	f8a00793          	li	a5,-118
    a5a4:	8f89                	sub	a5,a5,a0
    a5a6:	4601                	li	a2,0
    a5a8:	b5cd                	j	a48a <__divsf3+0x70>
    a5aa:	f01a8a93          	addi	s5,s5,-255
    a5ae:	4789                	li	a5,2
    a5b0:	854a                	mv	a0,s2
    a5b2:	f0fb1ee3          	bne	s6,a5,a4ce <__divsf3+0xb4>
    a5b6:	872a                	mv	a4,a0
    a5b8:	0ff00793          	li	a5,255
    a5bc:	4681                	li	a3,0
    a5be:	bdcd                	j	a4b0 <__divsf3+0x96>
    a5c0:	872a                	mv	a4,a0
    a5c2:	07fa8793          	addi	a5,s5,127
    a5c6:	04f05163          	blez	a5,a608 <__divsf3+0x1ee>
    a5ca:	0079f693          	andi	a3,s3,7
    a5ce:	c699                	beqz	a3,a5dc <__divsf3+0x1c2>
    a5d0:	00f9f693          	andi	a3,s3,15
    a5d4:	4611                	li	a2,4
    a5d6:	00c68363          	beq	a3,a2,a5dc <__divsf3+0x1c2>
    a5da:	0991                	addi	s3,s3,4
    a5dc:	080006b7          	lui	a3,0x8000
    a5e0:	00d9f6b3          	and	a3,s3,a3
    a5e4:	ca81                	beqz	a3,a5f4 <__divsf3+0x1da>
    a5e6:	f80007b7          	lui	a5,0xf8000
    a5ea:	17fd                	addi	a5,a5,-1 # f7ffffff <__freertos_irq_stack_top+0xd7ffafff>
    a5ec:	00f9f9b3          	and	s3,s3,a5
    a5f0:	080a8793          	addi	a5,s5,128
    a5f4:	0fe00693          	li	a3,254
    a5f8:	eaf6c9e3          	blt	a3,a5,a4aa <__divsf3+0x90>
    a5fc:	00699693          	slli	a3,s3,0x6
    a600:	82a5                	srli	a3,a3,0x9
    a602:	0ff7f793          	zext.b	a5,a5
    a606:	b56d                	j	a4b0 <__divsf3+0x96>
    a608:	4605                	li	a2,1
    a60a:	c799                	beqz	a5,a618 <__divsf3+0x1fe>
    a60c:	8e1d                	sub	a2,a2,a5
    a60e:	45ed                	li	a1,27
    a610:	4781                	li	a5,0
    a612:	4681                	li	a3,0
    a614:	e8c5cee3          	blt	a1,a2,a4b0 <__divsf3+0x96>
    a618:	09ea8693          	addi	a3,s5,158
    a61c:	00d996b3          	sll	a3,s3,a3
    a620:	00d036b3          	snez	a3,a3
    a624:	00c9d7b3          	srl	a5,s3,a2
    a628:	8fd5                	or	a5,a5,a3
    a62a:	0077f693          	andi	a3,a5,7
    a62e:	c699                	beqz	a3,a63c <__divsf3+0x222>
    a630:	00f7f693          	andi	a3,a5,15
    a634:	4611                	li	a2,4
    a636:	00c68363          	beq	a3,a2,a63c <__divsf3+0x222>
    a63a:	0791                	addi	a5,a5,4
    a63c:	040006b7          	lui	a3,0x4000
    a640:	8efd                	and	a3,a3,a5
    a642:	cad5                	beqz	a3,a6f6 <__divsf3+0x2dc>
    a644:	4785                	li	a5,1
    a646:	4681                	li	a3,0
    a648:	b5a5                	j	a4b0 <__divsf3+0x96>
    a64a:	66c1                	lui	a3,0x10
    a64c:	005a1813          	slli	a6,s4,0x5
    a650:	16fd                	addi	a3,a3,-1 # ffff <MC_PULL_calibration.cpp.a99f3330+0x113f>
    a652:	01085593          	srli	a1,a6,0x10
    a656:	00d876b3          	and	a3,a6,a3
    a65a:	0749f863          	bgeu	s3,s4,a6ca <__divsf3+0x2b0>
    a65e:	02b9d633          	divu	a2,s3,a1
    a662:	87ce                	mv	a5,s3
    a664:	1afd                	addi	s5,s5,-1
    a666:	4981                	li	s3,0
    a668:	02d60533          	mul	a0,a2,a3
    a66c:	02b7f7b3          	remu	a5,a5,a1
    a670:	07c2                	slli	a5,a5,0x10
    a672:	0137e7b3          	or	a5,a5,s3
    a676:	00a7f863          	bgeu	a5,a0,a686 <__divsf3+0x26c>
    a67a:	97c2                	add	a5,a5,a6
    a67c:	fff60893          	addi	a7,a2,-1
    a680:	0707f663          	bgeu	a5,a6,a6ec <__divsf3+0x2d2>
    a684:	8646                	mv	a2,a7
    a686:	8f89                	sub	a5,a5,a0
    a688:	02b7d533          	divu	a0,a5,a1
    a68c:	02b7f7b3          	remu	a5,a5,a1
    a690:	02d506b3          	mul	a3,a0,a3
    a694:	07c2                	slli	a5,a5,0x10
    a696:	02d7f263          	bgeu	a5,a3,a6ba <__divsf3+0x2a0>
    a69a:	010785b3          	add	a1,a5,a6
    a69e:	00f5b8b3          	sltu	a7,a1,a5
    a6a2:	fff50313          	addi	t1,a0,-1
    a6a6:	87ae                	mv	a5,a1
    a6a8:	00089863          	bnez	a7,a6b8 <__divsf3+0x29e>
    a6ac:	00d5f663          	bgeu	a1,a3,a6b8 <__divsf3+0x29e>
    a6b0:	1579                	addi	a0,a0,-2
    a6b2:	010587b3          	add	a5,a1,a6
    a6b6:	a011                	j	a6ba <__divsf3+0x2a0>
    a6b8:	851a                	mv	a0,t1
    a6ba:	0642                	slli	a2,a2,0x10
    a6bc:	8f95                	sub	a5,a5,a3
    a6be:	8e49                	or	a2,a2,a0
    a6c0:	00f037b3          	snez	a5,a5
    a6c4:	00f669b3          	or	s3,a2,a5
    a6c8:	bded                	j	a5c2 <__divsf3+0x1a8>
    a6ca:	0019d793          	srli	a5,s3,0x1
    a6ce:	02b7d633          	divu	a2,a5,a1
    a6d2:	09fe                	slli	s3,s3,0x1f
    a6d4:	0109d993          	srli	s3,s3,0x10
    a6d8:	02d60533          	mul	a0,a2,a3
    a6dc:	bf41                	j	a66c <__divsf3+0x252>
    a6de:	8526                	mv	a0,s1
    a6e0:	872a                	mv	a4,a0
    a6e2:	bbed                	j	a4dc <__divsf3+0xc2>
    a6e4:	4701                	li	a4,0
    a6e6:	004006b7          	lui	a3,0x400
    a6ea:	b3d9                	j	a4b0 <__divsf3+0x96>
    a6ec:	f8a7fce3          	bgeu	a5,a0,a684 <__divsf3+0x26a>
    a6f0:	1679                	addi	a2,a2,-2
    a6f2:	97c2                	add	a5,a5,a6
    a6f4:	bf49                	j	a686 <__divsf3+0x26c>
    a6f6:	079a                	slli	a5,a5,0x6
    a6f8:	0097d693          	srli	a3,a5,0x9
    a6fc:	4781                	li	a5,0
    a6fe:	bb4d                	j	a4b0 <__divsf3+0x96>
    a700:	8526                	mv	a0,s1
    a702:	bd55                	j	a5b6 <__divsf3+0x19c>

0000a704 <__eqsf2>:
    a704:	01755693          	srli	a3,a0,0x17
    a708:	00800737          	lui	a4,0x800
    a70c:	177d                	addi	a4,a4,-1 # 7fffff <ch32v20x_wwdg.c.f78e58f2+0x7e2d04>
    a70e:	0175d613          	srli	a2,a1,0x17
    a712:	0ff6f693          	zext.b	a3,a3
    a716:	0ff00813          	li	a6,255
    a71a:	00a778b3          	and	a7,a4,a0
    a71e:	01f55793          	srli	a5,a0,0x1f
    a722:	8f6d                	and	a4,a4,a1
    a724:	0ff67613          	zext.b	a2,a2
    a728:	81fd                	srli	a1,a1,0x1f
    a72a:	4505                	li	a0,1
    a72c:	03068263          	beq	a3,a6,a750 <__eqsf2+0x4c>
    a730:	01060763          	beq	a2,a6,a73e <__eqsf2+0x3a>
    a734:	00c69463          	bne	a3,a2,a73c <__eqsf2+0x38>
    a738:	00e88463          	beq	a7,a4,a740 <__eqsf2+0x3c>
    a73c:	8082                	ret
    a73e:	8082                	ret
    a740:	4501                	li	a0,0
    a742:	feb78de3          	beq	a5,a1,a73c <__eqsf2+0x38>
    a746:	4505                	li	a0,1
    a748:	faf5                	bnez	a3,a73c <__eqsf2+0x38>
    a74a:	01103533          	snez	a0,a7
    a74e:	8082                	ret
    a750:	fed616e3          	bne	a2,a3,a73c <__eqsf2+0x38>
    a754:	00e8e8b3          	or	a7,a7,a4
    a758:	fe0892e3          	bnez	a7,a73c <__eqsf2+0x38>
    a75c:	00b7c533          	xor	a0,a5,a1
    a760:	8082                	ret

0000a762 <__gesf2>:
    a762:	01755613          	srli	a2,a0,0x17
    a766:	00800737          	lui	a4,0x800
    a76a:	177d                	addi	a4,a4,-1 # 7fffff <ch32v20x_wwdg.c.f78e58f2+0x7e2d04>
    a76c:	0175d693          	srli	a3,a1,0x17
    a770:	0ff67613          	zext.b	a2,a2
    a774:	0ff00813          	li	a6,255
    a778:	00a778b3          	and	a7,a4,a0
    a77c:	01f55793          	srli	a5,a0,0x1f
    a780:	8f6d                	and	a4,a4,a1
    a782:	0ff6f513          	zext.b	a0,a3
    a786:	81fd                	srli	a1,a1,0x1f
    a788:	03060563          	beq	a2,a6,a7b2 <__gesf2+0x50>
    a78c:	01050a63          	beq	a0,a6,a7a0 <__gesf2+0x3e>
    a790:	ea05                	bnez	a2,a7c0 <__gesf2+0x5e>
    a792:	e909                	bnez	a0,a7a4 <__gesf2+0x42>
    a794:	c339                	beqz	a4,a7da <__gesf2+0x78>
    a796:	04089e63          	bnez	a7,a7f2 <__gesf2+0x90>
    a79a:	c9a1                	beqz	a1,a7ea <__gesf2+0x88>
    a79c:	852e                	mv	a0,a1
    a79e:	8082                	ret
    a7a0:	e739                	bnez	a4,a7ee <__gesf2+0x8c>
    a7a2:	e219                	bnez	a2,a7a8 <__gesf2+0x46>
    a7a4:	fe088be3          	beqz	a7,a79a <__gesf2+0x38>
    a7a8:	00b79963          	bne	a5,a1,a7ba <__gesf2+0x58>
    a7ac:	cf9d                	beqz	a5,a7ea <__gesf2+0x88>
    a7ae:	853e                	mv	a0,a5
    a7b0:	8082                	ret
    a7b2:	02089e63          	bnez	a7,a7ee <__gesf2+0x8c>
    a7b6:	02c50563          	beq	a0,a2,a7e0 <__gesf2+0x7e>
    a7ba:	4505                	li	a0,1
    a7bc:	e79d                	bnez	a5,a7ea <__gesf2+0x88>
    a7be:	8082                	ret
    a7c0:	dd6d                	beqz	a0,a7ba <__gesf2+0x58>
    a7c2:	feb79ce3          	bne	a5,a1,a7ba <__gesf2+0x58>
    a7c6:	fec54ae3          	blt	a0,a2,a7ba <__gesf2+0x58>
    a7ca:	fea641e3          	blt	a2,a0,a7ac <__gesf2+0x4a>
    a7ce:	ff1766e3          	bltu	a4,a7,a7ba <__gesf2+0x58>
    a7d2:	4501                	li	a0,0
    a7d4:	fce8ece3          	bltu	a7,a4,a7ac <__gesf2+0x4a>
    a7d8:	8082                	ret
    a7da:	fe0890e3          	bnez	a7,a7ba <__gesf2+0x58>
    a7de:	8082                	ret
    a7e0:	e719                	bnez	a4,a7ee <__gesf2+0x8c>
    a7e2:	fcb79ce3          	bne	a5,a1,a7ba <__gesf2+0x58>
    a7e6:	4501                	li	a0,0
    a7e8:	8082                	ret
    a7ea:	557d                	li	a0,-1
    a7ec:	8082                	ret
    a7ee:	5579                	li	a0,-2
    a7f0:	8082                	ret
    a7f2:	fcb78ee3          	beq	a5,a1,a7ce <__gesf2+0x6c>
    a7f6:	b7d1                	j	a7ba <__gesf2+0x58>

0000a7f8 <__lesf2>:
    a7f8:	01755613          	srli	a2,a0,0x17
    a7fc:	00800737          	lui	a4,0x800
    a800:	177d                	addi	a4,a4,-1 # 7fffff <ch32v20x_wwdg.c.f78e58f2+0x7e2d04>
    a802:	0175d693          	srli	a3,a1,0x17
    a806:	0ff67613          	zext.b	a2,a2
    a80a:	0ff00813          	li	a6,255
    a80e:	00a778b3          	and	a7,a4,a0
    a812:	01f55793          	srli	a5,a0,0x1f
    a816:	8f6d                	and	a4,a4,a1
    a818:	0ff6f513          	zext.b	a0,a3
    a81c:	81fd                	srli	a1,a1,0x1f
    a81e:	03060663          	beq	a2,a6,a84a <__lesf2+0x52>
    a822:	01050a63          	beq	a0,a6,a836 <__lesf2+0x3e>
    a826:	ee05                	bnez	a2,a85e <__lesf2+0x66>
    a828:	e911                	bnez	a0,a83c <__lesf2+0x44>
    a82a:	cb29                	beqz	a4,a87c <__lesf2+0x84>
    a82c:	04089f63          	bnez	a7,a88a <__lesf2+0x92>
    a830:	c9b9                	beqz	a1,a886 <__lesf2+0x8e>
    a832:	852e                	mv	a0,a1
    a834:	8082                	ret
    a836:	4509                	li	a0,2
    a838:	eb01                	bnez	a4,a848 <__lesf2+0x50>
    a83a:	e219                	bnez	a2,a840 <__lesf2+0x48>
    a83c:	fe088ae3          	beqz	a7,a830 <__lesf2+0x38>
    a840:	02b78b63          	beq	a5,a1,a876 <__lesf2+0x7e>
    a844:	4505                	li	a0,1
    a846:	e3a1                	bnez	a5,a886 <__lesf2+0x8e>
    a848:	8082                	ret
    a84a:	02089c63          	bnez	a7,a882 <__lesf2+0x8a>
    a84e:	fec51be3          	bne	a0,a2,a844 <__lesf2+0x4c>
    a852:	4509                	li	a0,2
    a854:	fb75                	bnez	a4,a848 <__lesf2+0x50>
    a856:	feb797e3          	bne	a5,a1,a844 <__lesf2+0x4c>
    a85a:	4501                	li	a0,0
    a85c:	8082                	ret
    a85e:	d17d                	beqz	a0,a844 <__lesf2+0x4c>
    a860:	feb792e3          	bne	a5,a1,a844 <__lesf2+0x4c>
    a864:	fec540e3          	blt	a0,a2,a844 <__lesf2+0x4c>
    a868:	00a64763          	blt	a2,a0,a876 <__lesf2+0x7e>
    a86c:	fd176ce3          	bltu	a4,a7,a844 <__lesf2+0x4c>
    a870:	4501                	li	a0,0
    a872:	fce8fbe3          	bgeu	a7,a4,a848 <__lesf2+0x50>
    a876:	cb81                	beqz	a5,a886 <__lesf2+0x8e>
    a878:	853e                	mv	a0,a5
    a87a:	8082                	ret
    a87c:	fc0894e3          	bnez	a7,a844 <__lesf2+0x4c>
    a880:	8082                	ret
    a882:	4509                	li	a0,2
    a884:	8082                	ret
    a886:	557d                	li	a0,-1
    a888:	8082                	ret
    a88a:	feb781e3          	beq	a5,a1,a86c <__lesf2+0x74>
    a88e:	bf5d                	j	a844 <__lesf2+0x4c>

0000a890 <__mulsf3>:
    a890:	7179                	addi	sp,sp,-48
    a892:	01755793          	srli	a5,a0,0x17
    a896:	cc52                	sw	s4,24(sp)
    a898:	ca56                	sw	s5,20(sp)
    a89a:	00951713          	slli	a4,a0,0x9
    a89e:	d606                	sw	ra,44(sp)
    a8a0:	d422                	sw	s0,40(sp)
    a8a2:	d226                	sw	s1,36(sp)
    a8a4:	d04a                	sw	s2,32(sp)
    a8a6:	ce4e                	sw	s3,28(sp)
    a8a8:	c85a                	sw	s6,16(sp)
    a8aa:	0ff7f793          	zext.b	a5,a5
    a8ae:	00975a93          	srli	s5,a4,0x9
    a8b2:	01f55a13          	srli	s4,a0,0x1f
    a8b6:	10078b63          	beqz	a5,a9cc <__mulsf3+0x13c>
    a8ba:	0ff00713          	li	a4,255
    a8be:	10e78d63          	beq	a5,a4,a9d8 <__mulsf3+0x148>
    a8c2:	003a9713          	slli	a4,s5,0x3
    a8c6:	040006b7          	lui	a3,0x4000
    a8ca:	00d76ab3          	or	s5,a4,a3
    a8ce:	f8178493          	addi	s1,a5,-127
    a8d2:	4901                	li	s2,0
    a8d4:	4b01                	li	s6,0
    a8d6:	0175d793          	srli	a5,a1,0x17
    a8da:	00959413          	slli	s0,a1,0x9
    a8de:	0ff7f793          	zext.b	a5,a5
    a8e2:	8025                	srli	s0,s0,0x9
    a8e4:	01f5d993          	srli	s3,a1,0x1f
    a8e8:	c7f9                	beqz	a5,a9b6 <__mulsf3+0x126>
    a8ea:	0ff00713          	li	a4,255
    a8ee:	06e78263          	beq	a5,a4,a952 <__mulsf3+0xc2>
    a8f2:	f8178793          	addi	a5,a5,-127
    a8f6:	00978533          	add	a0,a5,s1
    a8fa:	040e                	slli	s0,s0,0x3
    a8fc:	04000737          	lui	a4,0x4000
    a900:	47a9                	li	a5,10
    a902:	8c59                	or	s0,s0,a4
    a904:	4681                	li	a3,0
    a906:	00150493          	addi	s1,a0,1
    a90a:	0f27cf63          	blt	a5,s2,aa08 <__mulsf3+0x178>
    a90e:	013a45b3          	xor	a1,s4,s3
    a912:	4709                	li	a4,2
    a914:	882e                	mv	a6,a1
    a916:	05274c63          	blt	a4,s2,a96e <__mulsf3+0xde>
    a91a:	197d                	addi	s2,s2,-1
    a91c:	4605                	li	a2,1
    a91e:	13266e63          	bltu	a2,s2,aa5a <__mulsf3+0x1ca>
    a922:	0ce68263          	beq	a3,a4,a9e6 <__mulsf3+0x156>
    a926:	4785                	li	a5,1
    a928:	85c2                	mv	a1,a6
    a92a:	06f69463          	bne	a3,a5,a992 <__mulsf3+0x102>
    a92e:	4781                	li	a5,0
    a930:	4701                	li	a4,0
    a932:	50b2                	lw	ra,44(sp)
    a934:	5422                	lw	s0,40(sp)
    a936:	01779513          	slli	a0,a5,0x17
    a93a:	8d59                	or	a0,a0,a4
    a93c:	01f59793          	slli	a5,a1,0x1f
    a940:	5492                	lw	s1,36(sp)
    a942:	5902                	lw	s2,32(sp)
    a944:	49f2                	lw	s3,28(sp)
    a946:	4a62                	lw	s4,24(sp)
    a948:	4ad2                	lw	s5,20(sp)
    a94a:	4b42                	lw	s6,16(sp)
    a94c:	8d5d                	or	a0,a0,a5
    a94e:	6145                	addi	sp,sp,48
    a950:	8082                	ret
    a952:	0ff48513          	addi	a0,s1,255
    a956:	cc49                	beqz	s0,a9f0 <__mulsf3+0x160>
    a958:	013a45b3          	xor	a1,s4,s3
    a95c:	00396913          	ori	s2,s2,3
    a960:	4729                	li	a4,10
    a962:	882e                	mv	a6,a1
    a964:	10048493          	addi	s1,s1,256
    a968:	1f274963          	blt	a4,s2,ab5a <__mulsf3+0x2ca>
    a96c:	468d                	li	a3,3
    a96e:	4705                	li	a4,1
    a970:	01271733          	sll	a4,a4,s2
    a974:	53077613          	andi	a2,a4,1328
    a978:	ce19                	beqz	a2,a996 <__mulsf3+0x106>
    a97a:	4789                	li	a5,2
    a97c:	06fb0563          	beq	s6,a5,a9e6 <__mulsf3+0x156>
    a980:	478d                	li	a5,3
    a982:	02fb0463          	beq	s6,a5,a9aa <__mulsf3+0x11a>
    a986:	86da                	mv	a3,s6
    a988:	4785                	li	a5,1
    a98a:	8456                	mv	s0,s5
    a98c:	85c2                	mv	a1,a6
    a98e:	faf680e3          	beq	a3,a5,a92e <__mulsf3+0x9e>
    a992:	8526                	mv	a0,s1
    a994:	aa05                	j	aac4 <__mulsf3+0x234>
    a996:	24077793          	andi	a5,a4,576
    a99a:	eb81                	bnez	a5,a9aa <__mulsf3+0x11a>
    a99c:	08877713          	andi	a4,a4,136
    a9a0:	cf4d                	beqz	a4,aa5a <__mulsf3+0x1ca>
    a9a2:	884e                	mv	a6,s3
    a9a4:	8aa2                	mv	s5,s0
    a9a6:	8b36                	mv	s6,a3
    a9a8:	bfc9                	j	a97a <__mulsf3+0xea>
    a9aa:	4581                	li	a1,0
    a9ac:	0ff00793          	li	a5,255
    a9b0:	00400737          	lui	a4,0x400
    a9b4:	bfbd                	j	a932 <__mulsf3+0xa2>
    a9b6:	e041                	bnez	s0,aa36 <__mulsf3+0x1a6>
    a9b8:	8526                	mv	a0,s1
    a9ba:	00196913          	ori	s2,s2,1
    a9be:	47a9                	li	a5,10
    a9c0:	4685                	li	a3,1
    a9c2:	00150493          	addi	s1,a0,1
    a9c6:	f527d4e3          	bge	a5,s2,a90e <__mulsf3+0x7e>
    a9ca:	a83d                	j	aa08 <__mulsf3+0x178>
    a9cc:	040a9563          	bnez	s5,aa16 <__mulsf3+0x186>
    a9d0:	4911                	li	s2,4
    a9d2:	4481                	li	s1,0
    a9d4:	4b05                	li	s6,1
    a9d6:	b701                	j	a8d6 <__mulsf3+0x46>
    a9d8:	020a9a63          	bnez	s5,aa0c <__mulsf3+0x17c>
    a9dc:	4921                	li	s2,8
    a9de:	0ff00493          	li	s1,255
    a9e2:	4b09                	li	s6,2
    a9e4:	bdcd                	j	a8d6 <__mulsf3+0x46>
    a9e6:	85c2                	mv	a1,a6
    a9e8:	0ff00793          	li	a5,255
    a9ec:	4701                	li	a4,0
    a9ee:	b791                	j	a932 <__mulsf3+0xa2>
    a9f0:	00296913          	ori	s2,s2,2
    a9f4:	47a9                	li	a5,10
    a9f6:	10048493          	addi	s1,s1,256
    a9fa:	4739                	li	a4,14
    a9fc:	4689                	li	a3,2
    a9fe:	f127d8e3          	bge	a5,s2,a90e <__mulsf3+0x7e>
    aa02:	47ad                	li	a5,11
    aa04:	f8f70fe3          	beq	a4,a5,a9a2 <__mulsf3+0x112>
    aa08:	8852                	mv	a6,s4
    aa0a:	bf85                	j	a97a <__mulsf3+0xea>
    aa0c:	4931                	li	s2,12
    aa0e:	0ff00493          	li	s1,255
    aa12:	4b0d                	li	s6,3
    aa14:	b5c9                	j	a8d6 <__mulsf3+0x46>
    aa16:	8556                	mv	a0,s5
    aa18:	c62e                	sw	a1,12(sp)
    aa1a:	259000ef          	jal	ra,b472 <__clzsi2>
    aa1e:	ffb50793          	addi	a5,a0,-5
    aa22:	00fa9ab3          	sll	s5,s5,a5
    aa26:	f8a00793          	li	a5,-118
    aa2a:	45b2                	lw	a1,12(sp)
    aa2c:	40a784b3          	sub	s1,a5,a0
    aa30:	4901                	li	s2,0
    aa32:	4b01                	li	s6,0
    aa34:	b54d                	j	a8d6 <__mulsf3+0x46>
    aa36:	8522                	mv	a0,s0
    aa38:	23b000ef          	jal	ra,b472 <__clzsi2>
    aa3c:	40a487b3          	sub	a5,s1,a0
    aa40:	ffb50713          	addi	a4,a0,-5
    aa44:	f8a78513          	addi	a0,a5,-118
    aa48:	47a9                	li	a5,10
    aa4a:	00e41433          	sll	s0,s0,a4
    aa4e:	4681                	li	a3,0
    aa50:	00150493          	addi	s1,a0,1
    aa54:	eb27dde3          	bge	a5,s2,a90e <__mulsf3+0x7e>
    aa58:	bf45                	j	aa08 <__mulsf3+0x178>
    aa5a:	68c1                	lui	a7,0x10
    aa5c:	fff88793          	addi	a5,a7,-1 # ffff <MC_PULL_calibration.cpp.a99f3330+0x113f>
    aa60:	010ad613          	srli	a2,s5,0x10
    aa64:	01045813          	srli	a6,s0,0x10
    aa68:	00fafab3          	and	s5,s5,a5
    aa6c:	8fe1                	and	a5,a5,s0
    aa6e:	035786b3          	mul	a3,a5,s5
    aa72:	02f607b3          	mul	a5,a2,a5
    aa76:	0106d713          	srli	a4,a3,0x10
    aa7a:	03580ab3          	mul	s5,a6,s5
    aa7e:	9abe                	add	s5,s5,a5
    aa80:	9756                	add	a4,a4,s5
    aa82:	03060633          	mul	a2,a2,a6
    aa86:	00f77363          	bgeu	a4,a5,aa8c <__mulsf3+0x1fc>
    aa8a:	9646                	add	a2,a2,a7
    aa8c:	6841                	lui	a6,0x10
    aa8e:	187d                	addi	a6,a6,-1 # ffff <MC_PULL_calibration.cpp.a99f3330+0x113f>
    aa90:	010777b3          	and	a5,a4,a6
    aa94:	0106f6b3          	and	a3,a3,a6
    aa98:	07c2                	slli	a5,a5,0x10
    aa9a:	97b6                	add	a5,a5,a3
    aa9c:	00679693          	slli	a3,a5,0x6
    aaa0:	01075413          	srli	s0,a4,0x10
    aaa4:	83e9                	srli	a5,a5,0x1a
    aaa6:	00d03733          	snez	a4,a3
    aaaa:	9432                	add	s0,s0,a2
    aaac:	8fd9                	or	a5,a5,a4
    aaae:	041a                	slli	s0,s0,0x6
    aab0:	8c5d                	or	s0,s0,a5
    aab2:	080007b7          	lui	a5,0x8000
    aab6:	8fe1                	and	a5,a5,s0
    aab8:	c791                	beqz	a5,aac4 <__mulsf3+0x234>
    aaba:	00145793          	srli	a5,s0,0x1
    aabe:	8805                	andi	s0,s0,1
    aac0:	8c5d                	or	s0,s0,a5
    aac2:	8526                	mv	a0,s1
    aac4:	07f50793          	addi	a5,a0,127
    aac8:	02f05f63          	blez	a5,ab06 <__mulsf3+0x276>
    aacc:	00747713          	andi	a4,s0,7
    aad0:	c719                	beqz	a4,aade <__mulsf3+0x24e>
    aad2:	00f47713          	andi	a4,s0,15
    aad6:	4691                	li	a3,4
    aad8:	00d70363          	beq	a4,a3,aade <__mulsf3+0x24e>
    aadc:	0411                	addi	s0,s0,4
    aade:	08000737          	lui	a4,0x8000
    aae2:	8f61                	and	a4,a4,s0
    aae4:	c719                	beqz	a4,aaf2 <__mulsf3+0x262>
    aae6:	f80007b7          	lui	a5,0xf8000
    aaea:	17fd                	addi	a5,a5,-1 # f7ffffff <__freertos_irq_stack_top+0xd7ffafff>
    aaec:	8c7d                	and	s0,s0,a5
    aaee:	08050793          	addi	a5,a0,128
    aaf2:	0fe00713          	li	a4,254
    aaf6:	04f74963          	blt	a4,a5,ab48 <__mulsf3+0x2b8>
    aafa:	00641713          	slli	a4,s0,0x6
    aafe:	8325                	srli	a4,a4,0x9
    ab00:	0ff7f793          	zext.b	a5,a5
    ab04:	b53d                	j	a932 <__mulsf3+0xa2>
    ab06:	4685                	li	a3,1
    ab08:	c799                	beqz	a5,ab16 <__mulsf3+0x286>
    ab0a:	8e9d                	sub	a3,a3,a5
    ab0c:	466d                	li	a2,27
    ab0e:	4781                	li	a5,0
    ab10:	4701                	li	a4,0
    ab12:	e2d640e3          	blt	a2,a3,a932 <__mulsf3+0xa2>
    ab16:	09e50713          	addi	a4,a0,158
    ab1a:	00e41733          	sll	a4,s0,a4
    ab1e:	00e03733          	snez	a4,a4
    ab22:	00d457b3          	srl	a5,s0,a3
    ab26:	8fd9                	or	a5,a5,a4
    ab28:	0077f713          	andi	a4,a5,7
    ab2c:	c719                	beqz	a4,ab3a <__mulsf3+0x2aa>
    ab2e:	00f7f713          	andi	a4,a5,15
    ab32:	4691                	li	a3,4
    ab34:	00d70363          	beq	a4,a3,ab3a <__mulsf3+0x2aa>
    ab38:	0791                	addi	a5,a5,4
    ab3a:	04000737          	lui	a4,0x4000
    ab3e:	8f7d                	and	a4,a4,a5
    ab40:	cb01                	beqz	a4,ab50 <__mulsf3+0x2c0>
    ab42:	4785                	li	a5,1
    ab44:	4701                	li	a4,0
    ab46:	b3f5                	j	a932 <__mulsf3+0xa2>
    ab48:	0ff00793          	li	a5,255
    ab4c:	4701                	li	a4,0
    ab4e:	b3d5                	j	a932 <__mulsf3+0xa2>
    ab50:	079a                	slli	a5,a5,0x6
    ab52:	0097d713          	srli	a4,a5,0x9
    ab56:	4781                	li	a5,0
    ab58:	bbe9                	j	a932 <__mulsf3+0xa2>
    ab5a:	46bd                	li	a3,15
    ab5c:	4581                	li	a1,0
    ab5e:	00400737          	lui	a4,0x400
    ab62:	dcd908e3          	beq	s2,a3,a932 <__mulsf3+0xa2>
    ab66:	472d                	li	a4,11
    ab68:	468d                	li	a3,3
    ab6a:	bd61                	j	aa02 <__mulsf3+0x172>

0000ab6c <__subsf3>:
    ab6c:	008007b7          	lui	a5,0x800
    ab70:	1141                	addi	sp,sp,-16
    ab72:	17fd                	addi	a5,a5,-1 # 7fffff <ch32v20x_wwdg.c.f78e58f2+0x7e2d04>
    ab74:	0175d613          	srli	a2,a1,0x17
    ab78:	00a7f733          	and	a4,a5,a0
    ab7c:	01755693          	srli	a3,a0,0x17
    ab80:	8fed                	and	a5,a5,a1
    ab82:	c226                	sw	s1,4(sp)
    ab84:	c04a                	sw	s2,0(sp)
    ab86:	01f55493          	srli	s1,a0,0x1f
    ab8a:	c606                	sw	ra,12(sp)
    ab8c:	c422                	sw	s0,8(sp)
    ab8e:	0ff67613          	zext.b	a2,a2
    ab92:	0ff00513          	li	a0,255
    ab96:	0ff6f913          	zext.b	s2,a3
    ab9a:	8826                	mv	a6,s1
    ab9c:	070e                	slli	a4,a4,0x3
    ab9e:	81fd                	srli	a1,a1,0x1f
    aba0:	00379693          	slli	a3,a5,0x3
    aba4:	04a60363          	beq	a2,a0,abea <__subsf3+0x7e>
    aba8:	0015c593          	xori	a1,a1,1
    abac:	40c907b3          	sub	a5,s2,a2
    abb0:	00b48f63          	beq	s1,a1,abce <__subsf3+0x62>
    abb4:	30f05a63          	blez	a5,aec8 <__subsf3+0x35c>
    abb8:	e235                	bnez	a2,ac1c <__subsf3+0xb0>
    abba:	14068f63          	beqz	a3,ad18 <__subsf3+0x1ac>
    abbe:	fff78613          	addi	a2,a5,-1
    abc2:	2a060263          	beqz	a2,ae66 <__subsf3+0x2fa>
    abc6:	02a78f63          	beq	a5,a0,ac04 <__subsf3+0x98>
    abca:	87b2                	mv	a5,a2
    abcc:	a8a9                	j	ac26 <__subsf3+0xba>
    abce:	30f05963          	blez	a5,aee0 <__subsf3+0x374>
    abd2:	ca7d                	beqz	a2,acc8 <__subsf3+0x15c>
    abd4:	02a90863          	beq	s2,a0,ac04 <__subsf3+0x98>
    abd8:	04000637          	lui	a2,0x4000
    abdc:	8ed1                	or	a3,a3,a2
    abde:	466d                	li	a2,27
    abe0:	14f65263          	bge	a2,a5,ad24 <__subsf3+0x1b8>
    abe4:	0705                	addi	a4,a4,1 # 400001 <ch32v20x_wwdg.c.f78e58f2+0x3e2d06>
    abe6:	87ca                	mv	a5,s2
    abe8:	a88d                	j	ac5a <__subsf3+0xee>
    abea:	f0190793          	addi	a5,s2,-255
    abee:	e6d5                	bnez	a3,ac9a <__subsf3+0x12e>
    abf0:	0015c593          	xori	a1,a1,1
    abf4:	0eb48363          	beq	s1,a1,acda <__subsf3+0x16e>
    abf8:	18078d63          	beqz	a5,ad92 <__subsf3+0x226>
    abfc:	10090963          	beqz	s2,ad0e <__subsf3+0x1a2>
    ac00:	84ae                	mv	s1,a1
    ac02:	8736                	mv	a4,a3
    ac04:	830d                	srli	a4,a4,0x3
    ac06:	0014f813          	andi	a6,s1,1
    ac0a:	0ff00513          	li	a0,255
    ac0e:	cb3d                	beqz	a4,ac84 <__subsf3+0x118>
    ac10:	4801                	li	a6,0
    ac12:	0ff00513          	li	a0,255
    ac16:	00400737          	lui	a4,0x400
    ac1a:	a0ad                	j	ac84 <__subsf3+0x118>
    ac1c:	fea904e3          	beq	s2,a0,ac04 <__subsf3+0x98>
    ac20:	04000637          	lui	a2,0x4000
    ac24:	8ed1                	or	a3,a3,a2
    ac26:	45ed                	li	a1,27
    ac28:	4605                	li	a2,1
    ac2a:	00f5cd63          	blt	a1,a5,ac44 <__subsf3+0xd8>
    ac2e:	02000613          	li	a2,32
    ac32:	8e1d                	sub	a2,a2,a5
    ac34:	00c69633          	sll	a2,a3,a2
    ac38:	00f6d6b3          	srl	a3,a3,a5
    ac3c:	00c037b3          	snez	a5,a2
    ac40:	00f6e633          	or	a2,a3,a5
    ac44:	8f11                	sub	a4,a4,a2
    ac46:	040007b7          	lui	a5,0x4000
    ac4a:	00f776b3          	and	a3,a4,a5
    ac4e:	10069463          	bnez	a3,ad56 <__subsf3+0x1ea>
    ac52:	00777693          	andi	a3,a4,7
    ac56:	87ca                	mv	a5,s2
    ac58:	c2e1                	beqz	a3,ad18 <__subsf3+0x1ac>
    ac5a:	00f77693          	andi	a3,a4,15
    ac5e:	4611                	li	a2,4
    ac60:	00c68363          	beq	a3,a2,ac66 <__subsf3+0xfa>
    ac64:	0711                	addi	a4,a4,4 # 400004 <ch32v20x_wwdg.c.f78e58f2+0x3e2d09>
    ac66:	040006b7          	lui	a3,0x4000
    ac6a:	8ef9                	and	a3,a3,a4
    ac6c:	c6d5                	beqz	a3,ad18 <__subsf3+0x1ac>
    ac6e:	0785                	addi	a5,a5,1 # 4000001 <ch32v20x_wwdg.c.f78e58f2+0x3fe2d06>
    ac70:	0ff00693          	li	a3,255
    ac74:	0014f813          	andi	a6,s1,1
    ac78:	0cd78b63          	beq	a5,a3,ad4e <__subsf3+0x1e2>
    ac7c:	071a                	slli	a4,a4,0x6
    ac7e:	0ff7f513          	zext.b	a0,a5
    ac82:	8325                	srli	a4,a4,0x9
    ac84:	40b2                	lw	ra,12(sp)
    ac86:	4422                	lw	s0,8(sp)
    ac88:	055e                	slli	a0,a0,0x17
    ac8a:	8d59                	or	a0,a0,a4
    ac8c:	01f81793          	slli	a5,a6,0x1f
    ac90:	4492                	lw	s1,4(sp)
    ac92:	4902                	lw	s2,0(sp)
    ac94:	8d5d                	or	a0,a0,a5
    ac96:	0141                	addi	sp,sp,16
    ac98:	8082                	ret
    ac9a:	f4b49fe3          	bne	s1,a1,abf8 <__subsf3+0x8c>
    ac9e:	c3b9                	beqz	a5,ace4 <__subsf3+0x178>
    aca0:	1c091163          	bnez	s2,ae62 <__subsf3+0x2f6>
    aca4:	0ff00793          	li	a5,255
    aca8:	c73d                	beqz	a4,ad16 <__subsf3+0x1aa>
    acaa:	fff78593          	addi	a1,a5,-1
    acae:	12058963          	beqz	a1,ade0 <__subsf3+0x274>
    acb2:	0ff00513          	li	a0,255
    acb6:	1aa78663          	beq	a5,a0,ae62 <__subsf3+0x2f6>
    acba:	47ed                	li	a5,27
    acbc:	1ab7db63          	bge	a5,a1,ae72 <__subsf3+0x306>
    acc0:	00168713          	addi	a4,a3,1 # 4000001 <ch32v20x_wwdg.c.f78e58f2+0x3fe2d06>
    acc4:	87b2                	mv	a5,a2
    acc6:	bf51                	j	ac5a <__subsf3+0xee>
    acc8:	caa1                	beqz	a3,ad18 <__subsf3+0x1ac>
    acca:	fff78613          	addi	a2,a5,-1
    acce:	10060963          	beqz	a2,ade0 <__subsf3+0x274>
    acd2:	f2a789e3          	beq	a5,a0,ac04 <__subsf3+0x98>
    acd6:	87b2                	mv	a5,a2
    acd8:	b719                	j	abde <__subsf3+0x72>
    acda:	c789                	beqz	a5,ace4 <__subsf3+0x178>
    acdc:	fc0904e3          	beqz	s2,aca4 <__subsf3+0x138>
    ace0:	4701                	li	a4,0
    ace2:	b70d                	j	ac04 <__subsf3+0x98>
    ace4:	00190793          	addi	a5,s2,1
    ace8:	0fe7f613          	andi	a2,a5,254
    acec:	14061563          	bnez	a2,ae36 <__subsf3+0x2ca>
    acf0:	16091863          	bnez	s2,ae60 <__subsf3+0x2f4>
    acf4:	1a070663          	beqz	a4,aea0 <__subsf3+0x334>
    acf8:	1a069663          	bnez	a3,aea4 <__subsf3+0x338>
    acfc:	830d                	srli	a4,a4,0x3
    acfe:	4781                	li	a5,0
    ad00:	0726                	slli	a4,a4,0x9
    ad02:	8325                	srli	a4,a4,0x9
    ad04:	0ff7f513          	zext.b	a0,a5
    ad08:	0014f813          	andi	a6,s1,1
    ad0c:	bfa5                	j	ac84 <__subsf3+0x118>
    ad0e:	0ff00793          	li	a5,255
    ad12:	eb65                	bnez	a4,ae02 <__subsf3+0x296>
    ad14:	84ae                	mv	s1,a1
    ad16:	8736                	mv	a4,a3
    ad18:	0ff00693          	li	a3,255
    ad1c:	830d                	srli	a4,a4,0x3
    ad1e:	eed784e3          	beq	a5,a3,ac06 <__subsf3+0x9a>
    ad22:	bff9                	j	ad00 <__subsf3+0x194>
    ad24:	02000613          	li	a2,32
    ad28:	8e1d                	sub	a2,a2,a5
    ad2a:	00c69633          	sll	a2,a3,a2
    ad2e:	00c03633          	snez	a2,a2
    ad32:	00f6d6b3          	srl	a3,a3,a5
    ad36:	8ed1                	or	a3,a3,a2
    ad38:	9736                	add	a4,a4,a3
    ad3a:	040007b7          	lui	a5,0x4000
    ad3e:	8ff9                	and	a5,a5,a4
    ad40:	db89                	beqz	a5,ac52 <__subsf3+0xe6>
    ad42:	00190793          	addi	a5,s2,1
    ad46:	0ff00693          	li	a3,255
    ad4a:	0ad79363          	bne	a5,a3,adf0 <__subsf3+0x284>
    ad4e:	0ff00513          	li	a0,255
    ad52:	4701                	li	a4,0
    ad54:	bf05                	j	ac84 <__subsf3+0x118>
    ad56:	17fd                	addi	a5,a5,-1 # 3ffffff <ch32v20x_wwdg.c.f78e58f2+0x3fe2d04>
    ad58:	00f77433          	and	s0,a4,a5
    ad5c:	8522                	mv	a0,s0
    ad5e:	2f11                	jal	b472 <__clzsi2>
    ad60:	ffb50793          	addi	a5,a0,-5
    ad64:	00f41433          	sll	s0,s0,a5
    ad68:	0527ca63          	blt	a5,s2,adbc <__subsf3+0x250>
    ad6c:	412787b3          	sub	a5,a5,s2
    ad70:	0785                	addi	a5,a5,1
    ad72:	02000713          	li	a4,32
    ad76:	8f1d                	sub	a4,a4,a5
    ad78:	00e41733          	sll	a4,s0,a4
    ad7c:	00e03733          	snez	a4,a4
    ad80:	00f45433          	srl	s0,s0,a5
    ad84:	8f41                	or	a4,a4,s0
    ad86:	4781                	li	a5,0
    ad88:	00777693          	andi	a3,a4,7
    ad8c:	ec0697e3          	bnez	a3,ac5a <__subsf3+0xee>
    ad90:	bdd9                	j	ac66 <__subsf3+0xfa>
    ad92:	00190793          	addi	a5,s2,1
    ad96:	0fe7f793          	andi	a5,a5,254
    ad9a:	eb85                	bnez	a5,adca <__subsf3+0x25e>
    ad9c:	0a091a63          	bnez	s2,ae50 <__subsf3+0x2e4>
    ada0:	cf65                	beqz	a4,ae98 <__subsf3+0x32c>
    ada2:	dea9                	beqz	a3,acfc <__subsf3+0x190>
    ada4:	40d707b3          	sub	a5,a4,a3
    ada8:	04000637          	lui	a2,0x4000
    adac:	8e7d                	and	a2,a2,a5
    adae:	10060863          	beqz	a2,aebe <__subsf3+0x352>
    adb2:	40e68733          	sub	a4,a3,a4
    adb6:	4781                	li	a5,0
    adb8:	84ae                	mv	s1,a1
    adba:	b7f9                	j	ad88 <__subsf3+0x21c>
    adbc:	fc000737          	lui	a4,0xfc000
    adc0:	177d                	addi	a4,a4,-1 # fbffffff <__freertos_irq_stack_top+0xdbffafff>
    adc2:	40f907b3          	sub	a5,s2,a5
    adc6:	8f61                	and	a4,a4,s0
    adc8:	b7c1                	j	ad88 <__subsf3+0x21c>
    adca:	40d70433          	sub	s0,a4,a3
    adce:	040007b7          	lui	a5,0x4000
    add2:	8fe1                	and	a5,a5,s0
    add4:	e3d1                	bnez	a5,ae58 <__subsf3+0x2ec>
    add6:	f059                	bnez	s0,ad5c <__subsf3+0x1f0>
    add8:	4801                	li	a6,0
    adda:	4501                	li	a0,0
    addc:	4701                	li	a4,0
    adde:	b55d                	j	ac84 <__subsf3+0x118>
    ade0:	9736                	add	a4,a4,a3
    ade2:	040006b7          	lui	a3,0x4000
    ade6:	8ef9                	and	a3,a3,a4
    ade8:	4789                	li	a5,2
    adea:	4905                	li	s2,1
    adec:	e60683e3          	beqz	a3,ac52 <__subsf3+0xe6>
    adf0:	7e000637          	lui	a2,0x7e000
    adf4:	00175693          	srli	a3,a4,0x1
    adf8:	167d                	addi	a2,a2,-1 # 7dffffff <__freertos_irq_stack_top+0x5dffafff>
    adfa:	8b05                	andi	a4,a4,1
    adfc:	8ef1                	and	a3,a3,a2
    adfe:	8f55                	or	a4,a4,a3
    ae00:	b761                	j	ad88 <__subsf3+0x21c>
    ae02:	fff78513          	addi	a0,a5,-1 # 3ffffff <ch32v20x_wwdg.c.f78e58f2+0x3fe2d04>
    ae06:	c541                	beqz	a0,ae8e <__subsf3+0x322>
    ae08:	0ff00813          	li	a6,255
    ae0c:	84ae                	mv	s1,a1
    ae0e:	05078a63          	beq	a5,a6,ae62 <__subsf3+0x2f6>
    ae12:	45ed                	li	a1,27
    ae14:	4785                	li	a5,1
    ae16:	00a5cc63          	blt	a1,a0,ae2e <__subsf3+0x2c2>
    ae1a:	02000793          	li	a5,32
    ae1e:	8f89                	sub	a5,a5,a0
    ae20:	00f717b3          	sll	a5,a4,a5
    ae24:	00a75533          	srl	a0,a4,a0
    ae28:	00f037b3          	snez	a5,a5
    ae2c:	8fc9                	or	a5,a5,a0
    ae2e:	40f68733          	sub	a4,a3,a5
    ae32:	8932                	mv	s2,a2
    ae34:	bd09                	j	ac46 <__subsf3+0xda>
    ae36:	0ff00613          	li	a2,255
    ae3a:	f0c78ae3          	beq	a5,a2,ad4e <__subsf3+0x1e2>
    ae3e:	96ba                	add	a3,a3,a4
    ae40:	0016d713          	srli	a4,a3,0x1
    ae44:	00777613          	andi	a2,a4,7
    ae48:	e00619e3          	bnez	a2,ac5a <__subsf3+0xee>
    ae4c:	830d                	srli	a4,a4,0x3
    ae4e:	bd4d                	j	ad00 <__subsf3+0x194>
    ae50:	ef11                	bnez	a4,ae6c <__subsf3+0x300>
    ae52:	da068fe3          	beqz	a3,ac10 <__subsf3+0xa4>
    ae56:	b36d                	j	ac00 <__subsf3+0x94>
    ae58:	40e68433          	sub	s0,a3,a4
    ae5c:	84ae                	mv	s1,a1
    ae5e:	bdfd                	j	ad5c <__subsf3+0x1f0>
    ae60:	e711                	bnez	a4,ae6c <__subsf3+0x300>
    ae62:	8736                	mv	a4,a3
    ae64:	b345                	j	ac04 <__subsf3+0x98>
    ae66:	8f15                	sub	a4,a4,a3
    ae68:	4905                	li	s2,1
    ae6a:	bbf1                	j	ac46 <__subsf3+0xda>
    ae6c:	d8068ce3          	beqz	a3,ac04 <__subsf3+0x98>
    ae70:	b345                	j	ac10 <__subsf3+0xa4>
    ae72:	02000793          	li	a5,32
    ae76:	8f8d                	sub	a5,a5,a1
    ae78:	00f717b3          	sll	a5,a4,a5
    ae7c:	00b755b3          	srl	a1,a4,a1
    ae80:	00f037b3          	snez	a5,a5
    ae84:	8ddd                	or	a1,a1,a5
    ae86:	00d58733          	add	a4,a1,a3
    ae8a:	8932                	mv	s2,a2
    ae8c:	b57d                	j	ad3a <__subsf3+0x1ce>
    ae8e:	40e68733          	sub	a4,a3,a4
    ae92:	84ae                	mv	s1,a1
    ae94:	4905                	li	s2,1
    ae96:	bb45                	j	ac46 <__subsf3+0xda>
    ae98:	d2a1                	beqz	a3,add8 <__subsf3+0x26c>
    ae9a:	84ae                	mv	s1,a1
    ae9c:	8736                	mv	a4,a3
    ae9e:	bdb9                	j	acfc <__subsf3+0x190>
    aea0:	8736                	mv	a4,a3
    aea2:	bda9                	j	acfc <__subsf3+0x190>
    aea4:	9736                	add	a4,a4,a3
    aea6:	04000637          	lui	a2,0x4000
    aeaa:	8e79                	and	a2,a2,a4
    aeac:	4781                	li	a5,0
    aeae:	de59                	beqz	a2,ae4c <__subsf3+0x2e0>
    aeb0:	fc0007b7          	lui	a5,0xfc000
    aeb4:	17fd                	addi	a5,a5,-1 # fbffffff <__freertos_irq_stack_top+0xdbffafff>
    aeb6:	8f7d                	and	a4,a4,a5
    aeb8:	830d                	srli	a4,a4,0x3
    aeba:	4785                	li	a5,1
    aebc:	b591                	j	ad00 <__subsf3+0x194>
    aebe:	df89                	beqz	a5,add8 <__subsf3+0x26c>
    aec0:	873e                	mv	a4,a5
    aec2:	830d                	srli	a4,a4,0x3
    aec4:	4781                	li	a5,0
    aec6:	bd2d                	j	ad00 <__subsf3+0x194>
    aec8:	ec0785e3          	beqz	a5,ad92 <__subsf3+0x226>
    aecc:	41260533          	sub	a0,a2,s2
    aed0:	87aa                	mv	a5,a0
    aed2:	e40900e3          	beqz	s2,ad12 <__subsf3+0x1a6>
    aed6:	040007b7          	lui	a5,0x4000
    aeda:	8f5d                	or	a4,a4,a5
    aedc:	84ae                	mv	s1,a1
    aede:	bf15                	j	ae12 <__subsf3+0x2a6>
    aee0:	e00782e3          	beqz	a5,ace4 <__subsf3+0x178>
    aee4:	412605b3          	sub	a1,a2,s2
    aee8:	00091463          	bnez	s2,aef0 <__subsf3+0x384>
    aeec:	87ae                	mv	a5,a1
    aeee:	bb6d                	j	aca8 <__subsf3+0x13c>
    aef0:	040007b7          	lui	a5,0x4000
    aef4:	8f5d                	or	a4,a4,a5
    aef6:	b3d1                	j	acba <__subsf3+0x14e>

0000aef8 <__fixsfsi>:
    aef8:	00800637          	lui	a2,0x800
    aefc:	01755713          	srli	a4,a0,0x17
    af00:	fff60793          	addi	a5,a2,-1 # 7fffff <ch32v20x_wwdg.c.f78e58f2+0x7e2d04>
    af04:	0ff77713          	zext.b	a4,a4
    af08:	07e00593          	li	a1,126
    af0c:	00a7f6b3          	and	a3,a5,a0
    af10:	01f55793          	srli	a5,a0,0x1f
    af14:	00e5db63          	bge	a1,a4,af2a <__fixsfsi+0x32>
    af18:	09d00593          	li	a1,157
    af1c:	00e5d963          	bge	a1,a4,af2e <__fixsfsi+0x36>
    af20:	80000537          	lui	a0,0x80000
    af24:	157d                	addi	a0,a0,-1 # 7fffffff <__freertos_irq_stack_top+0x5fffafff>
    af26:	953e                	add	a0,a0,a5
    af28:	8082                	ret
    af2a:	4501                	li	a0,0
    af2c:	8082                	ret
    af2e:	09500593          	li	a1,149
    af32:	8ed1                	or	a3,a3,a2
    af34:	00e5cd63          	blt	a1,a4,af4e <__fixsfsi+0x56>
    af38:	09600613          	li	a2,150
    af3c:	40e60733          	sub	a4,a2,a4
    af40:	00e6d6b3          	srl	a3,a3,a4
    af44:	40d00533          	neg	a0,a3
    af48:	f3f5                	bnez	a5,af2c <__fixsfsi+0x34>
    af4a:	8536                	mv	a0,a3
    af4c:	8082                	ret
    af4e:	f6a70713          	addi	a4,a4,-150
    af52:	00e696b3          	sll	a3,a3,a4
    af56:	b7fd                	j	af44 <__fixsfsi+0x4c>

0000af58 <__fixunssfsi>:
    af58:	01755713          	srli	a4,a0,0x17
    af5c:	00800637          	lui	a2,0x800
    af60:	fff60793          	addi	a5,a2,-1 # 7fffff <ch32v20x_wwdg.c.f78e58f2+0x7e2d04>
    af64:	0ff77713          	zext.b	a4,a4
    af68:	07e00593          	li	a1,126
    af6c:	00a7f6b3          	and	a3,a5,a0
    af70:	01f55793          	srli	a5,a0,0x1f
    af74:	4501                	li	a0,0
    af76:	00e5d363          	bge	a1,a4,af7c <__fixunssfsi+0x24>
    af7a:	c391                	beqz	a5,af7e <__fixunssfsi+0x26>
    af7c:	8082                	ret
    af7e:	09e00793          	li	a5,158
    af82:	557d                	li	a0,-1
    af84:	fee7cce3          	blt	a5,a4,af7c <__fixunssfsi+0x24>
    af88:	09500593          	li	a1,149
    af8c:	00c6e7b3          	or	a5,a3,a2
    af90:	00e5d763          	bge	a1,a4,af9e <__fixunssfsi+0x46>
    af94:	f6a70713          	addi	a4,a4,-150
    af98:	00e79533          	sll	a0,a5,a4
    af9c:	8082                	ret
    af9e:	09600513          	li	a0,150
    afa2:	8d19                	sub	a0,a0,a4
    afa4:	00a7d533          	srl	a0,a5,a0
    afa8:	8082                	ret

0000afaa <__floatsisf>:
    afaa:	1141                	addi	sp,sp,-16
    afac:	c606                	sw	ra,12(sp)
    afae:	c422                	sw	s0,8(sp)
    afb0:	c226                	sw	s1,4(sp)
    afb2:	cd15                	beqz	a0,afee <__floatsisf+0x44>
    afb4:	41f55713          	srai	a4,a0,0x1f
    afb8:	00a74433          	xor	s0,a4,a0
    afbc:	8c19                	sub	s0,s0,a4
    afbe:	87aa                	mv	a5,a0
    afc0:	8522                	mv	a0,s0
    afc2:	01f7d493          	srli	s1,a5,0x1f
    afc6:	2175                	jal	b472 <__clzsi2>
    afc8:	09e00713          	li	a4,158
    afcc:	40a707b3          	sub	a5,a4,a0
    afd0:	09600713          	li	a4,150
    afd4:	02f74a63          	blt	a4,a5,b008 <__floatsisf+0x5e>
    afd8:	4721                	li	a4,8
    afda:	08e50863          	beq	a0,a4,b06a <__floatsisf+0xc0>
    afde:	1561                	addi	a0,a0,-8
    afe0:	00a41733          	sll	a4,s0,a0
    afe4:	0726                	slli	a4,a4,0x9
    afe6:	8325                	srli	a4,a4,0x9
    afe8:	0ff7f513          	zext.b	a0,a5
    afec:	a021                	j	aff4 <__floatsisf+0x4a>
    afee:	4481                	li	s1,0
    aff0:	4501                	li	a0,0
    aff2:	4701                	li	a4,0
    aff4:	40b2                	lw	ra,12(sp)
    aff6:	4422                	lw	s0,8(sp)
    aff8:	055e                	slli	a0,a0,0x17
    affa:	01f49793          	slli	a5,s1,0x1f
    affe:	8d59                	or	a0,a0,a4
    b000:	4492                	lw	s1,4(sp)
    b002:	8d5d                	or	a0,a0,a5
    b004:	0141                	addi	sp,sp,16
    b006:	8082                	ret
    b008:	09900713          	li	a4,153
    b00c:	04f74363          	blt	a4,a5,b052 <__floatsisf+0xa8>
    b010:	4715                	li	a4,5
    b012:	ffb50693          	addi	a3,a0,-5
    b016:	00e50463          	beq	a0,a4,b01e <__floatsisf+0x74>
    b01a:	00d41433          	sll	s0,s0,a3
    b01e:	fc0006b7          	lui	a3,0xfc000
    b022:	16fd                	addi	a3,a3,-1 # fbffffff <__freertos_irq_stack_top+0xdbffafff>
    b024:	00747613          	andi	a2,s0,7
    b028:	00d47733          	and	a4,s0,a3
    b02c:	ce11                	beqz	a2,b048 <__floatsisf+0x9e>
    b02e:	883d                	andi	s0,s0,15
    b030:	4611                	li	a2,4
    b032:	00c40b63          	beq	s0,a2,b048 <__floatsisf+0x9e>
    b036:	0711                	addi	a4,a4,4
    b038:	04000637          	lui	a2,0x4000
    b03c:	8e79                	and	a2,a2,a4
    b03e:	c609                	beqz	a2,b048 <__floatsisf+0x9e>
    b040:	09f00793          	li	a5,159
    b044:	8f75                	and	a4,a4,a3
    b046:	8f89                	sub	a5,a5,a0
    b048:	071a                	slli	a4,a4,0x6
    b04a:	8325                	srli	a4,a4,0x9
    b04c:	0ff7f513          	zext.b	a0,a5
    b050:	b755                	j	aff4 <__floatsisf+0x4a>
    b052:	01b50713          	addi	a4,a0,27
    b056:	4695                	li	a3,5
    b058:	00e41733          	sll	a4,s0,a4
    b05c:	8e89                	sub	a3,a3,a0
    b05e:	00d45433          	srl	s0,s0,a3
    b062:	00e03733          	snez	a4,a4
    b066:	8c59                	or	s0,s0,a4
    b068:	bf5d                	j	b01e <__floatsisf+0x74>
    b06a:	0426                	slli	s0,s0,0x9
    b06c:	00945713          	srli	a4,s0,0x9
    b070:	09600513          	li	a0,150
    b074:	b741                	j	aff4 <__floatsisf+0x4a>

0000b076 <__floatunsisf>:
    b076:	cd0d                	beqz	a0,b0b0 <__floatunsisf+0x3a>
    b078:	1141                	addi	sp,sp,-16
    b07a:	c422                	sw	s0,8(sp)
    b07c:	c606                	sw	ra,12(sp)
    b07e:	842a                	mv	s0,a0
    b080:	2ecd                	jal	b472 <__clzsi2>
    b082:	09e00793          	li	a5,158
    b086:	8f89                	sub	a5,a5,a0
    b088:	09600713          	li	a4,150
    b08c:	02f74763          	blt	a4,a5,b0ba <__floatunsisf+0x44>
    b090:	4721                	li	a4,8
    b092:	08e50a63          	beq	a0,a4,b126 <__floatunsisf+0xb0>
    b096:	1561                	addi	a0,a0,-8
    b098:	00a41733          	sll	a4,s0,a0
    b09c:	0726                	slli	a4,a4,0x9
    b09e:	8325                	srli	a4,a4,0x9
    b0a0:	0ff7f513          	zext.b	a0,a5
    b0a4:	40b2                	lw	ra,12(sp)
    b0a6:	4422                	lw	s0,8(sp)
    b0a8:	055e                	slli	a0,a0,0x17
    b0aa:	8d59                	or	a0,a0,a4
    b0ac:	0141                	addi	sp,sp,16
    b0ae:	8082                	ret
    b0b0:	4501                	li	a0,0
    b0b2:	4701                	li	a4,0
    b0b4:	055e                	slli	a0,a0,0x17
    b0b6:	8d59                	or	a0,a0,a4
    b0b8:	8082                	ret
    b0ba:	09900713          	li	a4,153
    b0be:	04f74863          	blt	a4,a5,b10e <__floatunsisf+0x98>
    b0c2:	4715                	li	a4,5
    b0c4:	ffb50693          	addi	a3,a0,-5
    b0c8:	00e50463          	beq	a0,a4,b0d0 <__floatunsisf+0x5a>
    b0cc:	00d41433          	sll	s0,s0,a3
    b0d0:	fc0006b7          	lui	a3,0xfc000
    b0d4:	16fd                	addi	a3,a3,-1 # fbffffff <__freertos_irq_stack_top+0xdbffafff>
    b0d6:	00747613          	andi	a2,s0,7
    b0da:	00d47733          	and	a4,s0,a3
    b0de:	ce11                	beqz	a2,b0fa <__floatunsisf+0x84>
    b0e0:	883d                	andi	s0,s0,15
    b0e2:	4611                	li	a2,4
    b0e4:	00c40b63          	beq	s0,a2,b0fa <__floatunsisf+0x84>
    b0e8:	0711                	addi	a4,a4,4
    b0ea:	04000637          	lui	a2,0x4000
    b0ee:	8e79                	and	a2,a2,a4
    b0f0:	c609                	beqz	a2,b0fa <__floatunsisf+0x84>
    b0f2:	09f00793          	li	a5,159
    b0f6:	8f75                	and	a4,a4,a3
    b0f8:	8f89                	sub	a5,a5,a0
    b0fa:	40b2                	lw	ra,12(sp)
    b0fc:	4422                	lw	s0,8(sp)
    b0fe:	071a                	slli	a4,a4,0x6
    b100:	0ff7f513          	zext.b	a0,a5
    b104:	8325                	srli	a4,a4,0x9
    b106:	055e                	slli	a0,a0,0x17
    b108:	8d59                	or	a0,a0,a4
    b10a:	0141                	addi	sp,sp,16
    b10c:	8082                	ret
    b10e:	01b50713          	addi	a4,a0,27
    b112:	4695                	li	a3,5
    b114:	00e41733          	sll	a4,s0,a4
    b118:	8e89                	sub	a3,a3,a0
    b11a:	00e03733          	snez	a4,a4
    b11e:	00d45433          	srl	s0,s0,a3
    b122:	8c59                	or	s0,s0,a4
    b124:	b775                	j	b0d0 <__floatunsisf+0x5a>
    b126:	0426                	slli	s0,s0,0x9
    b128:	00945713          	srli	a4,s0,0x9
    b12c:	09600513          	li	a0,150
    b130:	bf95                	j	b0a4 <__floatunsisf+0x2e>

0000b132 <__floatundisf>:
    b132:	1141                	addi	sp,sp,-16
    b134:	c606                	sw	ra,12(sp)
    b136:	c422                	sw	s0,8(sp)
    b138:	c226                	sw	s1,4(sp)
    b13a:	00b567b3          	or	a5,a0,a1
    b13e:	c3d1                	beqz	a5,b1c2 <__floatundisf+0x90>
    b140:	842a                	mv	s0,a0
    b142:	84ae                	mv	s1,a1
    b144:	c9c1                	beqz	a1,b1d4 <__floatundisf+0xa2>
    b146:	852e                	mv	a0,a1
    b148:	262d                	jal	b472 <__clzsi2>
    b14a:	86aa                	mv	a3,a0
    b14c:	0be00513          	li	a0,190
    b150:	40d50733          	sub	a4,a0,a3
    b154:	ffb68613          	addi	a2,a3,-5
    b158:	01b68793          	addi	a5,a3,27
    b15c:	0a064e63          	bltz	a2,b218 <__floatundisf+0xe6>
    b160:	00c41633          	sll	a2,s0,a2
    b164:	4781                	li	a5,0
    b166:	02500593          	li	a1,37
    b16a:	8d95                	sub	a1,a1,a3
    b16c:	8fd1                	or	a5,a5,a2
    b16e:	fe058613          	addi	a2,a1,-32 # 3ffffe0 <ch32v20x_wwdg.c.f78e58f2+0x3fe2ce5>
    b172:	00f037b3          	snez	a5,a5
    b176:	0a064d63          	bltz	a2,b230 <__floatundisf+0xfe>
    b17a:	00c4d4b3          	srl	s1,s1,a2
    b17e:	8fc5                	or	a5,a5,s1
    b180:	fc000637          	lui	a2,0xfc000
    b184:	167d                	addi	a2,a2,-1 # fbffffff <__freertos_irq_stack_top+0xdbffafff>
    b186:	0077f593          	andi	a1,a5,7
    b18a:	00c7f433          	and	s0,a5,a2
    b18e:	cd99                	beqz	a1,b1ac <__floatundisf+0x7a>
    b190:	8bbd                	andi	a5,a5,15
    b192:	4591                	li	a1,4
    b194:	00b78c63          	beq	a5,a1,b1ac <__floatundisf+0x7a>
    b198:	0411                	addi	s0,s0,4
    b19a:	040007b7          	lui	a5,0x4000
    b19e:	8fe1                	and	a5,a5,s0
    b1a0:	c791                	beqz	a5,b1ac <__floatundisf+0x7a>
    b1a2:	0bf00513          	li	a0,191
    b1a6:	8c71                	and	s0,s0,a2
    b1a8:	40d50733          	sub	a4,a0,a3
    b1ac:	041a                	slli	s0,s0,0x6
    b1ae:	0ff77513          	zext.b	a0,a4
    b1b2:	8025                	srli	s0,s0,0x9
    b1b4:	055e                	slli	a0,a0,0x17
    b1b6:	40b2                	lw	ra,12(sp)
    b1b8:	8d41                	or	a0,a0,s0
    b1ba:	4422                	lw	s0,8(sp)
    b1bc:	4492                	lw	s1,4(sp)
    b1be:	0141                	addi	sp,sp,16
    b1c0:	8082                	ret
    b1c2:	4501                	li	a0,0
    b1c4:	4401                	li	s0,0
    b1c6:	055e                	slli	a0,a0,0x17
    b1c8:	40b2                	lw	ra,12(sp)
    b1ca:	8d41                	or	a0,a0,s0
    b1cc:	4422                	lw	s0,8(sp)
    b1ce:	4492                	lw	s1,4(sp)
    b1d0:	0141                	addi	sp,sp,16
    b1d2:	8082                	ret
    b1d4:	2c79                	jal	b472 <__clzsi2>
    b1d6:	02050693          	addi	a3,a0,32
    b1da:	0be00713          	li	a4,190
    b1de:	8f15                	sub	a4,a4,a3
    b1e0:	09600613          	li	a2,150
    b1e4:	87a2                	mv	a5,s0
    b1e6:	04e64e63          	blt	a2,a4,b242 <__floatundisf+0x110>
    b1ea:	02800793          	li	a5,40
    b1ee:	02f68063          	beq	a3,a5,b20e <__floatundisf+0xdc>
    b1f2:	1561                	addi	a0,a0,-8
    b1f4:	00a41433          	sll	s0,s0,a0
    b1f8:	0426                	slli	s0,s0,0x9
    b1fa:	0ff77513          	zext.b	a0,a4
    b1fe:	8025                	srli	s0,s0,0x9
    b200:	055e                	slli	a0,a0,0x17
    b202:	40b2                	lw	ra,12(sp)
    b204:	8d41                	or	a0,a0,s0
    b206:	4422                	lw	s0,8(sp)
    b208:	4492                	lw	s1,4(sp)
    b20a:	0141                	addi	sp,sp,16
    b20c:	8082                	ret
    b20e:	0426                	slli	s0,s0,0x9
    b210:	8025                	srli	s0,s0,0x9
    b212:	09600513          	li	a0,150
    b216:	bf45                	j	b1c6 <__floatundisf+0x94>
    b218:	467d                	li	a2,31
    b21a:	8e1d                	sub	a2,a2,a5
    b21c:	00145593          	srli	a1,s0,0x1
    b220:	00c5d5b3          	srl	a1,a1,a2
    b224:	00f49633          	sll	a2,s1,a5
    b228:	8e4d                	or	a2,a2,a1
    b22a:	00f417b3          	sll	a5,s0,a5
    b22e:	bf25                	j	b166 <__floatundisf+0x34>
    b230:	467d                	li	a2,31
    b232:	0486                	slli	s1,s1,0x1
    b234:	8e0d                	sub	a2,a2,a1
    b236:	00c49633          	sll	a2,s1,a2
    b23a:	00b454b3          	srl	s1,s0,a1
    b23e:	8cd1                	or	s1,s1,a2
    b240:	bf3d                	j	b17e <__floatundisf+0x4c>
    b242:	09900613          	li	a2,153
    b246:	f0e647e3          	blt	a2,a4,b154 <__floatundisf+0x22>
    b24a:	02500613          	li	a2,37
    b24e:	156d                	addi	a0,a0,-5
    b250:	00c68563          	beq	a3,a2,b25a <__floatundisf+0x128>
    b254:	00a417b3          	sll	a5,s0,a0
    b258:	b725                	j	b180 <__floatundisf+0x4e>
    b25a:	09900713          	li	a4,153
    b25e:	b70d                	j	b180 <__floatundisf+0x4e>

0000b260 <__extendsfdf2>:
    b260:	01755793          	srli	a5,a0,0x17
    b264:	0ff7f793          	zext.b	a5,a5
    b268:	1141                	addi	sp,sp,-16
    b26a:	00178713          	addi	a4,a5,1 # 4000001 <ch32v20x_wwdg.c.f78e58f2+0x3fe2d06>
    b26e:	c422                	sw	s0,8(sp)
    b270:	c226                	sw	s1,4(sp)
    b272:	c606                	sw	ra,12(sp)
    b274:	00951493          	slli	s1,a0,0x9
    b278:	0fe77713          	andi	a4,a4,254
    b27c:	80a5                	srli	s1,s1,0x9
    b27e:	01f55413          	srli	s0,a0,0x1f
    b282:	c315                	beqz	a4,b2a6 <__extendsfdf2+0x46>
    b284:	0034d713          	srli	a4,s1,0x3
    b288:	38078793          	addi	a5,a5,896
    b28c:	04f6                	slli	s1,s1,0x1d
    b28e:	01f41513          	slli	a0,s0,0x1f
    b292:	40b2                	lw	ra,12(sp)
    b294:	4422                	lw	s0,8(sp)
    b296:	07d2                	slli	a5,a5,0x14
    b298:	8fd9                	or	a5,a5,a4
    b29a:	8fc9                	or	a5,a5,a0
    b29c:	85be                	mv	a1,a5
    b29e:	8526                	mv	a0,s1
    b2a0:	4492                	lw	s1,4(sp)
    b2a2:	0141                	addi	sp,sp,16
    b2a4:	8082                	ret
    b2a6:	e79d                	bnez	a5,b2d4 <__extendsfdf2+0x74>
    b2a8:	c0b1                	beqz	s1,b2ec <__extendsfdf2+0x8c>
    b2aa:	8526                	mv	a0,s1
    b2ac:	22d9                	jal	b472 <__clzsi2>
    b2ae:	47a9                	li	a5,10
    b2b0:	04a7c563          	blt	a5,a0,b2fa <__extendsfdf2+0x9a>
    b2b4:	472d                	li	a4,11
    b2b6:	8f09                	sub	a4,a4,a0
    b2b8:	01550793          	addi	a5,a0,21
    b2bc:	00e4d733          	srl	a4,s1,a4
    b2c0:	00f494b3          	sll	s1,s1,a5
    b2c4:	38900793          	li	a5,905
    b2c8:	0732                	slli	a4,a4,0xc
    b2ca:	8f89                	sub	a5,a5,a0
    b2cc:	8331                	srli	a4,a4,0xc
    b2ce:	7ff7f793          	andi	a5,a5,2047
    b2d2:	bf75                	j	b28e <__extendsfdf2+0x2e>
    b2d4:	cc99                	beqz	s1,b2f2 <__extendsfdf2+0x92>
    b2d6:	0034d713          	srli	a4,s1,0x3
    b2da:	000807b7          	lui	a5,0x80
    b2de:	8f5d                	or	a4,a4,a5
    b2e0:	0732                	slli	a4,a4,0xc
    b2e2:	04f6                	slli	s1,s1,0x1d
    b2e4:	8331                	srli	a4,a4,0xc
    b2e6:	7ff00793          	li	a5,2047
    b2ea:	b755                	j	b28e <__extendsfdf2+0x2e>
    b2ec:	4781                	li	a5,0
    b2ee:	4701                	li	a4,0
    b2f0:	bf79                	j	b28e <__extendsfdf2+0x2e>
    b2f2:	7ff00793          	li	a5,2047
    b2f6:	4701                	li	a4,0
    b2f8:	bf59                	j	b28e <__extendsfdf2+0x2e>
    b2fa:	ff550713          	addi	a4,a0,-11
    b2fe:	00e49733          	sll	a4,s1,a4
    b302:	4481                	li	s1,0
    b304:	b7c1                	j	b2c4 <__extendsfdf2+0x64>

0000b306 <__truncdfsf2>:
    b306:	0145d793          	srli	a5,a1,0x14
    b30a:	7ff7f793          	andi	a5,a5,2047
    b30e:	00c59693          	slli	a3,a1,0xc
    b312:	00178613          	addi	a2,a5,1 # 80001 <ch32v20x_wwdg.c.f78e58f2+0x62d06>
    b316:	82a5                	srli	a3,a3,0x9
    b318:	01d55713          	srli	a4,a0,0x1d
    b31c:	7fe67613          	andi	a2,a2,2046
    b320:	81fd                	srli	a1,a1,0x1f
    b322:	8ed9                	or	a3,a3,a4
    b324:	00351813          	slli	a6,a0,0x3
    b328:	c205                	beqz	a2,b348 <__truncdfsf2+0x42>
    b32a:	c8078613          	addi	a2,a5,-896
    b32e:	0fe00713          	li	a4,254
    b332:	04c75463          	bge	a4,a2,b37a <__truncdfsf2+0x74>
    b336:	0ff00793          	li	a5,255
    b33a:	4701                	li	a4,0
    b33c:	07de                	slli	a5,a5,0x17
    b33e:	00e7e533          	or	a0,a5,a4
    b342:	05fe                	slli	a1,a1,0x1f
    b344:	8d4d                	or	a0,a0,a1
    b346:	8082                	ret
    b348:	0106e733          	or	a4,a3,a6
    b34c:	eb89                	bnez	a5,b35e <__truncdfsf2+0x58>
    b34e:	4801                	li	a6,0
    b350:	cb2d                	beqz	a4,b3c2 <__truncdfsf2+0xbc>
    b352:	0826                	slli	a6,a6,0x9
    b354:	00985713          	srli	a4,a6,0x9
    b358:	0ff7f793          	zext.b	a5,a5
    b35c:	b7c5                	j	b33c <__truncdfsf2+0x36>
    b35e:	0ff00793          	li	a5,255
    b362:	df69                	beqz	a4,b33c <__truncdfsf2+0x36>
    b364:	0ff00793          	li	a5,255
    b368:	00400737          	lui	a4,0x400
    b36c:	07de                	slli	a5,a5,0x17
    b36e:	4581                	li	a1,0
    b370:	00e7e533          	or	a0,a5,a4
    b374:	05fe                	slli	a1,a1,0x1f
    b376:	8d4d                	or	a0,a0,a1
    b378:	8082                	ret
    b37a:	04c05c63          	blez	a2,b3d2 <__truncdfsf2+0xcc>
    b37e:	00651713          	slli	a4,a0,0x6
    b382:	00e03733          	snez	a4,a4
    b386:	068e                	slli	a3,a3,0x3
    b388:	01d85813          	srli	a6,a6,0x1d
    b38c:	8f55                	or	a4,a4,a3
    b38e:	01076733          	or	a4,a4,a6
    b392:	00777793          	andi	a5,a4,7
    b396:	cbe9                	beqz	a5,b468 <__truncdfsf2+0x162>
    b398:	00f77793          	andi	a5,a4,15
    b39c:	4691                	li	a3,4
    b39e:	0cd78563          	beq	a5,a3,b468 <__truncdfsf2+0x162>
    b3a2:	0711                	addi	a4,a4,4 # 400004 <ch32v20x_wwdg.c.f78e58f2+0x3e2d09>
    b3a4:	040007b7          	lui	a5,0x4000
    b3a8:	8ff9                	and	a5,a5,a4
    b3aa:	c7dd                	beqz	a5,b458 <__truncdfsf2+0x152>
    b3ac:	00160793          	addi	a5,a2,1
    b3b0:	0ff7f793          	zext.b	a5,a5
    b3b4:	4701                	li	a4,0
    b3b6:	07de                	slli	a5,a5,0x17
    b3b8:	00e7e533          	or	a0,a5,a4
    b3bc:	05fe                	slli	a1,a1,0x1f
    b3be:	8d4d                	or	a0,a0,a1
    b3c0:	8082                	ret
    b3c2:	4781                	li	a5,0
    b3c4:	4701                	li	a4,0
    b3c6:	07de                	slli	a5,a5,0x17
    b3c8:	00e7e533          	or	a0,a5,a4
    b3cc:	05fe                	slli	a1,a1,0x1f
    b3ce:	8d4d                	or	a0,a0,a1
    b3d0:	8082                	ret
    b3d2:	5725                	li	a4,-23
    b3d4:	fee647e3          	blt	a2,a4,b3c2 <__truncdfsf2+0xbc>
    b3d8:	4579                	li	a0,30
    b3da:	008008b7          	lui	a7,0x800
    b3de:	8d11                	sub	a0,a0,a2
    b3e0:	477d                	li	a4,31
    b3e2:	0116e6b3          	or	a3,a3,a7
    b3e6:	04a75063          	bge	a4,a0,b426 <__truncdfsf2+0x120>
    b3ea:	5779                	li	a4,-2
    b3ec:	8f11                	sub	a4,a4,a2
    b3ee:	02000613          	li	a2,32
    b3f2:	00e6d733          	srl	a4,a3,a4
    b3f6:	00c50863          	beq	a0,a2,b406 <__truncdfsf2+0x100>
    b3fa:	ca278793          	addi	a5,a5,-862 # 3fffca2 <ch32v20x_wwdg.c.f78e58f2+0x3fe29a7>
    b3fe:	00f696b3          	sll	a3,a3,a5
    b402:	00d86833          	or	a6,a6,a3
    b406:	01003833          	snez	a6,a6
    b40a:	00e86833          	or	a6,a6,a4
    b40e:	00787793          	andi	a5,a6,7
    b412:	c7b9                	beqz	a5,b460 <__truncdfsf2+0x15a>
    b414:	00f87793          	andi	a5,a6,15
    b418:	4711                	li	a4,4
    b41a:	02e79c63          	bne	a5,a4,b452 <__truncdfsf2+0x14c>
    b41e:	00385813          	srli	a6,a6,0x3
    b422:	4781                	li	a5,0
    b424:	b73d                	j	b352 <__truncdfsf2+0x4c>
    b426:	c8278793          	addi	a5,a5,-894
    b42a:	00f81733          	sll	a4,a6,a5
    b42e:	00f696b3          	sll	a3,a3,a5
    b432:	00e03733          	snez	a4,a4
    b436:	00a85833          	srl	a6,a6,a0
    b43a:	8f55                	or	a4,a4,a3
    b43c:	00e86733          	or	a4,a6,a4
    b440:	00777793          	andi	a5,a4,7
    b444:	4601                	li	a2,0
    b446:	fba9                	bnez	a5,b398 <__truncdfsf2+0x92>
    b448:	830d                	srli	a4,a4,0x3
    b44a:	18fd                	addi	a7,a7,-1 # 7fffff <ch32v20x_wwdg.c.f78e58f2+0x7e2d04>
    b44c:	01177733          	and	a4,a4,a7
    b450:	b5f5                	j	b33c <__truncdfsf2+0x36>
    b452:	00480713          	addi	a4,a6,4
    b456:	4601                	li	a2,0
    b458:	00375813          	srli	a6,a4,0x3
    b45c:	87b2                	mv	a5,a2
    b45e:	bdd5                	j	b352 <__truncdfsf2+0x4c>
    b460:	081a                	slli	a6,a6,0x6
    b462:	00985713          	srli	a4,a6,0x9
    b466:	bdd9                	j	b33c <__truncdfsf2+0x36>
    b468:	071a                	slli	a4,a4,0x6
    b46a:	8325                	srli	a4,a4,0x9
    b46c:	0ff67793          	zext.b	a5,a2
    b470:	b5f1                	j	b33c <__truncdfsf2+0x36>

0000b472 <__clzsi2>:
    b472:	67c1                	lui	a5,0x10
    b474:	02f57563          	bgeu	a0,a5,b49e <__clzsi2+0x2c>
    b478:	10053793          	sltiu	a5,a0,256
    b47c:	0017c793          	xori	a5,a5,1
    b480:	078e                	slli	a5,a5,0x3
    b482:	02000713          	li	a4,32
    b486:	8f1d                	sub	a4,a4,a5
    b488:	00f55533          	srl	a0,a0,a5
    b48c:	00001797          	auipc	a5,0x1
    b490:	a8878793          	addi	a5,a5,-1400 # bf14 <__clz_tab>
    b494:	97aa                	add	a5,a5,a0
    b496:	2388                	lbu	a0,0(a5)
    b498:	40a70533          	sub	a0,a4,a0
    b49c:	8082                	ret
    b49e:	010007b7          	lui	a5,0x1000
    b4a2:	00f57f63          	bgeu	a0,a5,b4c0 <__clzsi2+0x4e>
    b4a6:	47c1                	li	a5,16
    b4a8:	00f55533          	srl	a0,a0,a5
    b4ac:	00001797          	auipc	a5,0x1
    b4b0:	a6878793          	addi	a5,a5,-1432 # bf14 <__clz_tab>
    b4b4:	97aa                	add	a5,a5,a0
    b4b6:	2388                	lbu	a0,0(a5)
    b4b8:	4741                	li	a4,16
    b4ba:	40a70533          	sub	a0,a4,a0
    b4be:	8082                	ret
    b4c0:	47e1                	li	a5,24
    b4c2:	00f55533          	srl	a0,a0,a5
    b4c6:	00001797          	auipc	a5,0x1
    b4ca:	a4e78793          	addi	a5,a5,-1458 # bf14 <__clz_tab>
    b4ce:	97aa                	add	a5,a5,a0
    b4d0:	2388                	lbu	a0,0(a5)
    b4d2:	4721                	li	a4,8
    b4d4:	40a70533          	sub	a0,a4,a0
    b4d8:	8082                	ret
    b4da:	0000                	unimp
    b4dc:	3fd33333          	.4byte	0x3fd33333
    b4e0:	3fd33333          	.4byte	0x3fd33333
    b4e4:	3fd33333          	.4byte	0x3fd33333
    b4e8:	3fd33333          	.4byte	0x3fd33333
    b4ec:	30474647          	.4byte	0x30474647
    b4f0:	0030                	addi	a2,sp,8
    b4f2:	0000                	unimp
    b4f4:	ffff                	.2byte	0xffff
    b4f6:	ffff                	.2byte	0xffff
    b4f8:	00dc                	addi	a5,sp,68
    b4fa:	00f0                	addi	a2,sp,76
    b4fc:	4550                	lw	a2,12(a0)
    b4fe:	4754                	lw	a3,12(a4)
	...
    b51c:	0001                	nop
    b51e:	1600                	addi	s0,sp,800
    b520:	0014                	.2byte	0x14
    b522:	0000                	unimp
    b524:	0000                	unimp
    b526:	3f80                	lbu	s0,25(a5)
    b528:	0000                	unimp
    b52a:	0000                	unimp
    b52c:	30474647          	.4byte	0x30474647
    b530:	0030                	addi	a2,sp,8
    b532:	0000                	unimp
    b534:	ffff                	.2byte	0xffff
    b536:	ffff                	.2byte	0xffff
    b538:	00dc                	addi	a5,sp,68
    b53a:	00f0                	addi	a2,sp,76
    b53c:	4550                	lw	a2,12(a0)
    b53e:	4754                	lw	a3,12(a4)
	...
    b55c:	0001                	nop
    b55e:	1600                	addi	s0,sp,800
    b560:	0014                	.2byte	0x14
    b562:	0000                	unimp
    b564:	0000                	unimp
    b566:	3f80                	lbu	s0,25(a5)
    b568:	0000                	unimp
    b56a:	0000                	unimp
    b56c:	30474647          	.4byte	0x30474647
    b570:	0030                	addi	a2,sp,8
    b572:	0000                	unimp
    b574:	ffff                	.2byte	0xffff
    b576:	ffff                	.2byte	0xffff
    b578:	00dc                	addi	a5,sp,68
    b57a:	00f0                	addi	a2,sp,76
    b57c:	4550                	lw	a2,12(a0)
    b57e:	4754                	lw	a3,12(a4)
	...
    b59c:	0001                	nop
    b59e:	1600                	addi	s0,sp,800
    b5a0:	0014                	.2byte	0x14
    b5a2:	0000                	unimp
    b5a4:	0000                	unimp
    b5a6:	3f80                	lbu	s0,25(a5)
    b5a8:	0000                	unimp
    b5aa:	0000                	unimp
    b5ac:	30474647          	.4byte	0x30474647
    b5b0:	0030                	addi	a2,sp,8
    b5b2:	0000                	unimp
    b5b4:	ffff                	.2byte	0xffff
    b5b6:	ffff                	.2byte	0xffff
    b5b8:	00dc                	addi	a5,sp,68
    b5ba:	00f0                	addi	a2,sp,76
    b5bc:	4550                	lw	a2,12(a0)
    b5be:	4754                	lw	a3,12(a4)
	...
    b5dc:	0001                	nop
    b5de:	1600                	addi	s0,sp,800
    b5e0:	0014                	.2byte	0x14
    b5e2:	0000                	unimp
    b5e4:	0000                	unimp
    b5e6:	3f80                	lbu	s0,25(a5)
    b5e8:	0000                	unimp
    b5ea:	0000                	unimp
    b5ec:	2eb6                	lhu	a3,26(a3)
    b5ee:	0000                	unimp
    b5f0:	2d46                	lhu	s1,28(a0)
    b5f2:	0000                	unimp
    b5f4:	2d1c                	lbu	a5,24(a0)
    b5f6:	0000                	unimp
    b5f8:	2cee                	lhu	a1,30(s1)
    b5fa:	0000                	unimp
    b5fc:	2c4a                	lhu	a0,28(s0)
    b5fe:	0000                	unimp
    b600:	2dae                	lhu	a1,26(a1)
    b602:	0000                	unimp
    b604:	43be                	lw	t2,204(sp)
    b606:	0000                	unimp
    b608:	4524                	lw	s1,72(a0)
    b60a:	0000                	unimp
    b60c:	4524                	lw	s1,72(a0)
    b60e:	0000                	unimp
    b610:	43b0                	lw	a2,64(a5)
    b612:	0000                	unimp
    b614:	410a                	lw	sp,128(sp)
    b616:	0000                	unimp
    b618:	3f96                	lhu	a3,56(a5)
    b61a:	0000                	unimp
    b61c:	4138                	lw	a4,64(a0)
    b61e:	0000                	unimp
    b620:	4524                	lw	s1,72(a0)
    b622:	0000                	unimp
    b624:	406e                	.2byte	0x406e
    b626:	0000                	unimp
    b628:	3b12                	lhu	a2,48(a4)
    b62a:	0000                	unimp
    b62c:	3b72                	lhu	a2,54(a4)
    b62e:	0000                	unimp
    b630:	3c0c                	lbu	a1,25(s0)
    b632:	0000                	unimp
    b634:	3c76                	lhu	a3,62(s0)
    b636:	0000                	unimp
    b638:	3d60                	lbu	s0,31(a0)
    b63a:	0000                	unimp
    b63c:	3e3a                	lhu	a4,58(a2)
    b63e:	0000                	unimp
    b640:	3e7e                	lhu	a5,62(a2)
    b642:	0000                	unimp
    b644:	8164                	sh	s1,2(sp)
    b646:	0000                	unimp
    b648:	8158                	sb	a4,2(sp)
    b64a:	0000                	unimp
    b64c:	7fcc                	.2byte	0x7fcc
    b64e:	0000                	unimp
    b650:	89d0                	.2byte	0x89d0
    b652:	0000                	unimp
    b654:	8138                	lhu	a4,2(sp)
	...

0000b658 <_ZL15AS5600_SDA_PORT>:
    b658:	1400 4001 1000 4001 1000 4001 1000 4001     ...@...@...@...@

0000b668 <_ZL15AS5600_SCL_PORT>:
    b668:	0c00 4001 0c00 4001 0c00 4001 0c00 4001     ...@...@...@...@

0000b678 <_ZZL28bambubus_build_static_serialvE3hex>:
    b678:	3130 3332 3534 3736 3938 4241 4443 4645     0123456789ABCDEF
    b688:	0000 0000                                   ....

0000b68c <_ZL27before_on_use_sniff_7f_rows>:
    b68c:	403d fff8 0036 0000 fff7 fff6 0000 ffd9     =@..6...........
    b69c:	fa57 f3f4 f0f7 b4b5 3fe7 fec9 e981 f6ce     W........?......
    b6ac:	fff4 fff3 0000 ffd9 fa57 f3f4 f0f7 b4b5     ........W.......
    b6bc:	4006 f8d8 eabc e856 fff4 fff3 0000 062a     .@....V.......*.
    b6cc:	fa57 f3f4 edf7 b4b5 3d8e f798 eb6c e4b5     W........=..l...
    b6dc:	fff5 fff4 0000 fb0b fa57 f3f4 ecf7 b4b5     ........W.......
    b6ec:	1bc9 0168 00de 041b fff5 fff4 0000 fee7     ..h.............
    b6fc:	fa57 f3f4 ecf6 b4b5 1b8d 024a 01de 0659     W.........J...Y.
    b70c:	fff4 fff3 0000 ff1a fa57 f3f4 ecf6 b4b5     ........W.......
    b71c:	1b71 0368 0266 07be fff4 fff3 0000 ff36     q.h.f.........6.
    b72c:	fa57 f3f4 ecf6 b4b5 1b99 0487 022b 0961     W...........+.a.
    b73c:	fff4 fff3 0000 00ae fa57 f3f4 ecf7 b4b5     ........W.......
    b74c:	1c11 07f7 0253 0c14 fff4 fff2 0000 0098     ....S...........
    b75c:	fa57 f3f4 ecf7 b4b5 1e4f 056a 0157 0839     W.......O.j.W.9.
    b76c:	fff4 fff3 0000 00ae fa57 f3f4 ecf7 b4b5     ........W.......
    b77c:	1db5 06a0 06a3 08e0 fff4 fff3 0000 0233     ..............3.
    b78c:	fa57 f3f4 edf6 b4b5 1d86 054c 067e 0769     W.........L.~.i.
    b79c:	fff4 fff3 0000 0186 fa57 f3f4 edf6 b4b5     ........W.......
    b7ac:	1d42 04f8 0400 07de fff4 fff3 0000 013d     B.............=.
    b7bc:	fa57 f3f4 edf6 b4b5 1b83 0a32 012d 0f73     W.........2.-.s.
    b7cc:	fff4 fff2 0000 00a3 fb57 f3f4 edf6 b4b5     ........W.......
    b7dc:	1c70 058a 01fe 0847 fff4 fff3 0000 00d3     p.....G.........
    b7ec:	fb57 f3f4 eef6 b4b5 1be9 0980 0141 0da6     W...........A...
    b7fc:	fff3 fff2 0000 009e fb57 f3f4 eef7 b4b5     ........W.......
    b80c:	1c04 0a51 0552 0eee fff4 fff2 0000 0233     ..Q.R.........3.
    b81c:	fb57 f3f4 eff7 b4b5 1d9a 05b7 03dc 0874     W.............t.
    b82c:	fff3 fff2 0000 00d3 fb57 f3f4 eff7 b4b5     ........W.......
    b83c:	1d3d 0583 0286 084e fff4 fff3 0000 00b5     =.....N.........
    b84c:	fb57 f3f4 f0f6 b4b5 1b9e 09aa 0139 0f0b     W...........9...
    b85c:	fff3 fff2 0000 0097 fb57 f3f4 f0f7 b4b5     ........W.......
    b86c:	1c75 09c6 05ce 0d64 fff3 fff2 0000 fec3     u.....d.........
    b87c:	fb57 f3f4 f0f6 b4b5 1d12 0642 0252 08f1     W.........B.R...
    b88c:	fff4 fff3 0000 016a fb57 f3f4 f0f7 b4b5     ......j.W.......
    b89c:	1c4c 09ff 054d 0f52 fff4 fff2 0000 009f     L...M.R.........
    b8ac:	fb57 f3f4 f0f7 b4b5 1e28 05c0 0682 07e3     W.......(.......
    b8bc:	fff4 fff3 0000 009f fb57 f3f4 f0f6 b4b5     ........W.......
    b8cc:	1d59 057c 026a 0831 fff3 fff2 0000 0152     Y.|.j.1.......R.
    b8dc:	fb57 f3f4 f0f7 b4b5 1cd9 0852 048e 0a8c     W.........R.....
    b8ec:	fff3 fff2 0000 01fb fb57 f3f4 f0f6 b4b5     ........W.......
    b8fc:	1cd7 070c 0324 0992 fff4 fff3 0000 012a     ....$.........*.
    b90c:	fb57 f3f4 f0f7 b4b5 1b86 0cc8 0140 11c3     W...........@...
    b91c:	fff3 fff2 0000 009e fa57 f3f4 f0f7 b4b5     ........W.......
    b92c:	1c48 0e01 0506 10e5 fff4 fff3 0000 008a     H...............
    b93c:	fa57 f3f4 f0f6 b4b5 1d86 0b06 05e2 0cf8     W...............
    b94c:	fff3 fff2 0000 01fb fa57 f3f4 eff6 b4b5     ........W.......
    b95c:	1e07 0a1b 04f4 0c69 fff4 fff2 0000 016a     ......i.......j.
    b96c:	fa57 f3f4 eff7 b4b5 1e28 0a08 02fd 0c84     W.......(.......
    b97c:	fff3 fff2 0000 0119 fa57 f3f4 eff6 b4b5     ........W.......
    b98c:	1d08 08b3 026d 0add fff3 fff2 0000 00ae     ....m...........
    b99c:	fa57 f3f4 eff7 b4b5 1ce6 0ac4 038d 0c87     W...............
    b9ac:	fff4 fff2 0000 0119 fa57 f3f4 eef7 b4b5     ........W.......
    b9bc:	1c64 0a42 031c 152a fff4 fff3 0000 00e6     d.B...*.........
    b9cc:	fa57 f3f4 eef7 b4b5 1ce0 0ae0 03ff 0d24     W.............$.
    b9dc:	fff4 fff3 0000 013d fa57 f3f4 edf6 b4b5     ......=.W.......
    b9ec:	1cee 0aad 02c2 0cdb fff3 fff2 0000 00fd     ................
    b9fc:	fa57 f3f4 edf7 b4b5 1d00 0a5d 0210 0cc5     W.........].....
    ba0c:	fff4 fff2 0000 00d3 fa57 f3f4 edf7 b4b5     ........W.......
    ba1c:	1cf7 09d4 01de 0d2a fff3 fff2 0000 00bb     ......*.........
    ba2c:	fa57 f3f4 edf7 b4b5 1bcd 0c34 0203 1135     W.........4...5.
    ba3c:	fff3 fff2 0000 008d fa57 f3f4 edf6 b4b5     ........W.......
    ba4c:	1b9d 0efd 0208 14eb fff4 fff3 0000 00cd     ................
    ba5c:	fa57 f3f4 edf7 b4b5 1e0e 0ab0 0509 0cd5     W...............
    ba6c:	fff3 fff2 0000 01cd fa57 f3f4 edf6 b4b5     ........W.......
    ba7c:	1af0 0e87 013d 13e9 fff3 fff2 0000 008c     ....=...........
    ba8c:	fa57 f3f4 edf7 b4b5 1e26 0b3d 018b 0cf1     W.......&.=.....
    ba9c:	fff3 fff2 0000 009e fb57 f3f4 edf7 b4b5     ........W.......
    baac:	1e42 0afd 0145 0cca fff4 fff3 0000 008c     B...E...........
    babc:	fb57 f3f4 edf7 b4b5                         W.......

0000bac4 <_ZL45_bambubus_ams_motion_package_struct_init_data>:
    bac4:	c03d 002c 0003 0000 0000 0000 0000 ff00     =.,.............
    bad4:	36ff 0000 f800 f7ff 00ff 2700 0000 f4fb     .6.........'....
    bae4:	f6f2 b7b5 b1b4 0000 0000 0000               ............

0000baf0 <_ZL49_bambubus_ams_stu_motion_package_struct_init_data>:
    baf0:	c03d 003c 0004 0000 0000 0000 0000 0000     =.<.............
	...
    bb08:	0000 ff00 36ff 0000 f900 f8ff 00ff 2700     .....6.........'
    bb18:	0000 f4fb f6f2 b7b5 b1b4 0000 0000 ffff     ................
    bb28:	ffff 0000                                   ....

0000bb2c <g_crc8_tbl>:
    bb2c:	3900 4b72 dde4 af96 c8f1 ba83 2c15 5e67     .9rK.........,g^
    bb3c:	e2db 90a9 063f 744d 132a 6158 f7ce 85bc     ....?.Mt*.Xa....
    bb4c:	b68f c4fd 526b 2019 477e 350c a39a d1e8     ....kR. ~G.5....
    bb5c:	6d54 1f26 89b0 fbc2 9ca5 eed7 7841 0a33     Tm&.........Ax3.
    bb6c:	1e27 6c55 fac3 88b1 efd6 9da4 0b32 7940     '.Ul........2.@y
    bb7c:	c5fc b78e 2118 536a 340d 467f d0e9 a29b     .....!jS.4.F....
    bb8c:	91a8 e3da 754c 073e 6059 122b 84bd f6cf     ....Lu>.Y`+.....
    bb9c:	4a73 3801 ae97 dce5 bb82 c9f0 5f66 2d14     sJ.8........f_.-
    bbac:	774e 053c 93aa e1d8 86bf f4cd 625b 1029     Nw<.........[b).
    bbbc:	ac95 dee7 4871 3a03 5d64 2f16 b980 cbf2     ....qH.:d]./....
    bbcc:	f8c1 8ab3 1c25 6e57 0930 7b42 edd4 9fa6     ....%.Wn0.B{....
    bbdc:	231a 5168 c7fe b58c d2eb a099 360f 447d     .#hQ.........6}D
    bbec:	5069 221b b48d c6ff a198 d3ea 457c 370e     iP."........|E.7
    bbfc:	8bb2 f9c0 6f56 1d24 7a43 0831 9ea7 ecd5     ....Vo$.Cz1.....
    bc0c:	dfe6 ad94 3b02 4970 2e17 5c65 caf3 b881     .....;pI..e\....
    bc1c:	043d 764f e0d9 92ab f5cc 87be 1128 635a     =.Ov........(.Zc

0000bc2c <g_crc16_tbl>:
    bc2c:	0000 1021 2042 3063 4084 50a5 60c6 70e7     ..!.B c0.@.P.`.p
    bc3c:	8108 9129 a14a b16b c18c d1ad e1ce f1ef     ..).J.k.........
    bc4c:	1231 0210 3273 2252 52b5 4294 72f7 62d6     1...s2R".R.B.r.b
    bc5c:	9339 8318 b37b a35a d3bd c39c f3ff e3de     9...{.Z.........
    bc6c:	2462 3443 0420 1401 64e6 74c7 44a4 5485     b$C4 ....d.t.D.T
    bc7c:	a56a b54b 8528 9509 e5ee f5cf c5ac d58d     j.K.(...........
    bc8c:	3653 2672 1611 0630 76d7 66f6 5695 46b4     S6r&..0..v.f.V.F
    bc9c:	b75b a77a 9719 8738 f7df e7fe d79d c7bc     [.z...8.........
    bcac:	48c4 58e5 6886 78a7 0840 1861 2802 3823     .H.X.h.x@.a..(#8
    bcbc:	c9cc d9ed e98e f9af 8948 9969 a90a b92b     ........H.i...+.
    bccc:	5af5 4ad4 7ab7 6a96 1a71 0a50 3a33 2a12     .Z.J.z.jq.P.3:.*
    bcdc:	dbfd cbdc fbbf eb9e 9b79 8b58 bb3b ab1a     ........y.X.;...
    bcec:	6ca6 7c87 4ce4 5cc5 2c22 3c03 0c60 1c41     .l.|.L.\",.<`.A.
    bcfc:	edae fd8f cdec ddcd ad2a bd0b 8d68 9d49     ........*...h.I.
    bd0c:	7e97 6eb6 5ed5 4ef4 3e13 2e32 1e51 0e70     .~.n.^.N.>2.Q.p.
    bd1c:	ff9f efbe dfdd cffc bf1b af3a 9f59 8f78     ..........:.Y.x.
    bd2c:	9188 81a9 b1ca a1eb d10c c12d f14e e16f     ..........-.N.o.
    bd3c:	1080 00a1 30c2 20e3 5004 4025 7046 6067     .....0. .P%@Fpg`
    bd4c:	83b9 9398 a3fb b3da c33d d31c e37f f35e     ........=.....^.
    bd5c:	02b1 1290 22f3 32d2 4235 5214 6277 7256     .....".25B.RwbVr
    bd6c:	b5ea a5cb 95a8 8589 f56e e54f d52c c50d     ........n.O.,...
    bd7c:	34e2 24c3 14a0 0481 7466 6447 5424 4405     .4.$....ftGd$T.D
    bd8c:	a7db b7fa 8799 97b8 e75f f77e c71d d73c     ........_.~...<.
    bd9c:	26d3 36f2 0691 16b0 6657 7676 4615 5634     .&.6....Wfvv.F4V
    bdac:	d94c c96d f90e e92f 99c8 89e9 b98a a9ab     L.m.../.........
    bdbc:	5844 4865 7806 6827 18c0 08e1 3882 28a3     DXeH.x'h.....8.(
    bdcc:	cb7d db5c eb3f fb1e 8bf9 9bd8 abbb bb9a     }.\.?...........
    bddc:	4a75 5a54 6a37 7a16 0af1 1ad0 2ab3 3a92     uJTZ7j.z.....*.:
    bdec:	fd2e ed0f dd6c cd4d bdaa ad8b 9de8 8dc9     ....l.M.........
    bdfc:	7c26 6c07 5c64 4c45 3ca2 2c83 1ce0 0cc1     &|.ld\EL.<.,....
    be0c:	ef1f ff3e cf5d df7c af9b bfba 8fd9 9ff8     ..>.].|.........
    be1c:	6e17 7e36 4e55 5e74 2e93 3eb2 0ed1 1ef0     .n6~UNt^...>....
    be2c:	defe ffff ddb8 ffff dd8e ffff de70 ffff     ............p...
    be3c:	dd8e ffff ddc2 ffff dd8e ffff de70 ffff     ............p...
    be4c:	ddb8 ffff ddb8 ffff ddc2 ffff de70 ffff     ............p...
    be5c:	deca ffff deca ffff deca ffff ddc2 ffff     ................
    be6c:	e7de ffff e63e ffff e670 ffff e676 ffff     ....>...p...v...
    be7c:	e670 ffff e680 ffff e670 ffff e676 ffff     p.......p...v...
    be8c:	e63e ffff e63e ffff e680 ffff e676 ffff     >...>.......v...
    be9c:	e742 ffff e742 ffff e742 ffff e680 ffff     B...B...B.......
    beac:	e5fe ffff e5fe ffff e630 ffff e832 ffff     ........0...2...
    bebc:	e630 ffff e640 ffff e630 ffff e832 ffff     0...@...0...2...
    becc:	e5fe ffff e5fe ffff e640 ffff e832 ffff     ........@...2...
    bedc:	e702 ffff e702 ffff e81c ffff e5f8 ffff     ................
    beec:	e800 ffff e5f8 ffff e81c ffff e5c6 ffff     ................
    befc:	e5c6 ffff e800 ffff e81c ffff e6c6 ffff     ................
    bf0c:	e6c6 ffff e6c6 ffff                         ........

0000bf14 <__clz_tab>:
    bf14:	0100 0202 0303 0303 0404 0404 0404 0404     ................
    bf24:	0505 0505 0505 0505 0505 0505 0505 0505     ................
    bf34:	0606 0606 0606 0606 0606 0606 0606 0606     ................
    bf44:	0606 0606 0606 0606 0606 0606 0606 0606     ................
    bf54:	0707 0707 0707 0707 0707 0707 0707 0707     ................
    bf64:	0707 0707 0707 0707 0707 0707 0707 0707     ................
    bf74:	0707 0707 0707 0707 0707 0707 0707 0707     ................
    bf84:	0707 0707 0707 0707 0707 0707 0707 0707     ................
    bf94:	0808 0808 0808 0808 0808 0808 0808 0808     ................
    bfa4:	0808 0808 0808 0808 0808 0808 0808 0808     ................
    bfb4:	0808 0808 0808 0808 0808 0808 0808 0808     ................
    bfc4:	0808 0808 0808 0808 0808 0808 0808 0808     ................
    bfd4:	0808 0808 0808 0808 0808 0808 0808 0808     ................
    bfe4:	0808 0808 0808 0808 0808 0808 0808 0808     ................
    bff4:	0808 0808 0808 0808 0808 0808 0808 0808     ................
    c004:	0808 0808 0808 0808 0808 0808 0808 0808     ................
